2026-08-26T13:59:28Z decision=stop reason=continuous-mode-disabled(enabled=False)
2026-08-26T14:00:04Z decision=stop reason=continuous-mode-disabled(enabled=False)
2026-08-26T14:06:58Z decision=stop reason=continuous-mode-disabled(enabled=False)
2026-08-26T14:24:06Z decision=stop reason=continuous-mode-disabled(enabled=False)
2026-08-26T15:08:22Z decision=stop reason=continuous-mode-disabled(enabled=False)
2026-08-26T15:18:48Z decision=stop reason=continuous-mode-disabled(enabled=False)
2026-08-26T15:24:12Z decision=stop reason=continuous-mode-disabled(enabled=False)
2026-08-26T15:33:31Z decision=stop reason=continuous-mode-disabled(enabled=False)
2026-08-26T15:43:56Z decision=stop reason=continuous-mode-disabled(enabled=False)
2026-08-26T15:44:37Z decision=stop reason=continuous-mode-disabled(enabled=False)
2026-08-26T15:57:59Z decision=stop reason=continuous-mode-disabled(enabled=False)
2026-08-26T16:30:31Z decision=stop reason=continuous-mode-disabled(enabled=False)
2026-08-26T16:51:37Z decision=stop reason=continuous-mode-disabled(enabled=False)
2026-08-26T17:05:57Z decision=stop reason=continuous-mode-disabled(enabled=False)
2026-08-26T17:47:11Z decision=stop reason=continuous-mode-disabled(enabled=False)
2026-08-26T18:20:55Z decision=stop reason=continuous-mode-disabled(enabled=False)
2026-08-26T19:52:38Z decision=stop reason=continuous-mode-disabled(enabled=False)
2026-08-26T20:04:56Z decision=stop reason=continuous-mode-disabled(enabled=False)
2026-08-26T20:10:41Z decision=stop reason=continuous-mode-disabled(enabled=False)
2026-08-26T20:43:32Z decision=stop reason=continuous-mode-disabled(enabled=False)
2026-08-26T21:20:43Z decision=stop reason=continuous-mode-disabled(enabled=False)
2026-08-26T21:24:41Z decision=stop reason=continuous-mode-disabled(enabled=False)
2026-08-26T21:28:11Z decision=stop reason=continuous-mode-disabled(enabled=False)
2026-08-26T21:48:59Z decision=stop reason=continuous-mode-disabled(enabled=False)
2026-08-26T22:01:54Z decision=stop reason=continuous-mode-disabled(enabled=False)
2026-08-26T22:13:13Z decision=stop reason=continuous-mode-disabled(enabled=False)
2026-08-26T22:53:55Z decision=stop reason=continuous-mode-disabled(enabled=False)
2026-08-26T23:11:04Z decision=stop reason=continuous-mode-disabled(enabled=False)
2026-08-27T07:18:18Z decision=stop reason=continuous-mode-disabled(enabled=False)
2026-08-27T08:08:38Z decision=stop reason=continuous-mode-disabled(enabled=False)
2026-08-27T08:09:41Z decision=stop reason=continuous-mode-disabled(enabled=False)
2026-08-27T10:21:05Z decision=stop reason=continuous-mode-disabled(enabled=False)
2026-08-27T11:21:26Z decision=stop reason=continuous-mode-disabled(enabled=False)
2026-08-27T11:54:20Z decision=stop reason=continuous-mode-disabled(enabled=False)
2026-08-27T12:34:22Z decision=stop reason=continuous-mode-disabled(enabled=False)
2026-08-27T13:19:20Z decision=stop reason=continuous-mode-disabled(enabled=False)
2026-08-27T16:07:17Z decision=stop reason=continuous-mode-disabled(enabled=False)
2026-08-27T19:05:48Z decision=stop reason=continuous-mode-disabled(enabled=False)
2026-08-27T19:49:27Z decision=stop reason=continuous-mode-disabled(enabled=False)
2026-08-27T19:50:41Z decision=stop reason=continuous-mode-disabled(enabled=False)
2026-08-27T20:24:32Z decision=stop reason=continuous-mode-disabled(enabled=False)
2026-08-27T21:01:47Z decision=stop reason=continuous-mode-disabled(enabled=False)
2026-08-27T21:39:55Z decision=stop reason=continuous-mode-disabled(enabled=False)
2026-08-27T22:09:42Z decision=stop reason=continuous-mode-disabled(enabled=False)
2026-08-28T12:35:02Z decision=stop reason=continuous-mode-disabled(enabled=False)
2026-08-28T13:05:33Z decision=stop reason=continuous-mode-disabled(enabled=False)
2026-08-28T13:09:56Z decision=stop reason=continuous-mode-disabled(enabled=False)
2026-08-28T13:46:53Z decision=stop reason=continuous-mode-disabled(enabled=False)
2026-08-28T14:25:45Z decision=stop reason=continuous-mode-disabled(enabled=False)
2026-08-28T14:52:03Z decision=stop reason=continuous-mode-disabled(enabled=False)
2026-08-28T15:13:49Z decision=stop reason=continuous-mode-disabled(enabled=False)
2026-08-28T15:33:43Z decision=stop reason=continuous-mode-disabled(enabled=False)
2026-08-28T15:57:08Z decision=stop reason=continuous-mode-disabled(enabled=False)
2026-08-29T09:26:13Z decision=stop reason=continuous-mode-disabled(enabled=False)
2026-08-29T10:10:59Z decision=stop reason=continuous-mode-disabled(enabled=False)
2026-08-29T10:27:08Z decision=stop reason=continuous-mode-disabled(enabled=False)
2026-08-29T10:33:10Z decision=stop reason=continuous-mode-disabled(enabled=False)
2026-08-29T11:24:50Z decision=stop reason=continuous-mode-disabled(enabled=False)
2026-08-29T12:28:14Z decision=stop reason=continuous-mode-disabled(enabled=False)
2026-08-29T14:04:13Z decision=stop reason=continuous-mode-disabled(enabled=False)
2026-08-29T14:33:25Z decision=stop reason=terminated(expires_at 2026-06-17T00:00:00Z passed (now 2026-08-26T12:50:35Z))
2026-08-29T14:42:11Z decision=stop reason=terminated(expires_at 2026-06-17T00:00:00Z passed (now 2026-08-26T12:50:35Z))
2026-08-29T15:30:10Z decision=stop reason=terminated(expires_at 2026-06-17T00:00:00Z passed (now 2026-08-26T12:50:35Z))
2026-08-30T10:54:30Z decision=stop reason=terminated(expires_at 2026-06-17T00:00:00Z passed (now 2026-08-26T12:50:35Z))
2026-08-30T11:24:21Z decision=stop reason=terminated(expires_at 2026-06-17T00:00:00Z passed (now 2026-08-26T12:50:35Z))
2026-08-30T17:59:06Z decision=stop reason=terminated(expires_at 2026-06-17T00:00:00Z passed (now 2026-08-26T12:50:35Z))
2026-08-30T18:24:00Z decision=stop reason=terminated(expires_at 2026-06-17T00:00:00Z passed (now 2026-08-26T12:50:35Z))
2026-08-30T18:30:11Z decision=stop reason=terminated(expires_at 2026-06-17T00:00:00Z passed (now 2026-08-26T12:50:35Z))
2026-08-30T18:48:35Z decision=stop reason=terminated(expires_at 2026-06-17T00:00:00Z passed (now 2026-08-26T12:50:35Z))
2026-08-30T19:12:01Z decision=stop reason=terminated(expires_at 2026-06-17T00:00:00Z passed (now 2026-08-26T12:50:35Z))
2026-08-30T19:12:04Z decision=stop reason=terminated(expires_at 2026-06-17T00:00:00Z passed (now 2026-08-26T12:50:35Z))
2026-08-30T19:53:47Z decision=stop reason=terminated(expires_at 2026-06-17T00:00:00Z passed (now 2026-08-26T12:50:35Z))
2026-08-30T20:15:36Z decision=stop reason=terminated(expires_at 2026-06-17T00:00:00Z passed (now 2026-08-26T12:50:35Z))
2026-08-30T20:41:40Z decision=stop reason=terminated(expires_at 2026-06-17T00:00:00Z passed (now 2026-08-26T12:50:35Z))
2026-08-30T21:11:39Z decision=stop reason=terminated(expires_at 2026-06-17T00:00:00Z passed (now 2026-08-26T12:50:35Z))
2026-08-30T21:42:01Z decision=stop reason=terminated(expires_at 2026-06-17T00:00:00Z passed (now 2026-08-26T12:50:35Z))
2026-08-31T07:03:38Z decision=stop reason=terminated(expires_at 2026-06-17T00:00:00Z passed (now 2026-08-26T12:50:35Z))
2026-08-31T11:02:59Z decision=stop reason=terminated(expires_at 2026-06-17T00:00:00Z passed (now 2026-08-26T12:50:35Z))
2026-08-31T11:24:20Z decision=stop reason=terminated(expires_at 2026-06-17T00:00:00Z passed (now 2026-08-26T12:50:35Z))
2026-08-31T11:27:10Z decision=stop reason=terminated(expires_at 2026-06-17T00:00:00Z passed (now 2026-08-26T12:50:35Z))
2026-08-31T11:27:21Z decision=stop reason=terminated(expires_at 2026-06-17T00:00:00Z passed (now 2026-08-26T12:50:35Z))
2026-08-31T11:28:31Z decision=stop reason=terminated(expires_at 2026-06-17T00:00:00Z passed (now 2026-08-26T12:50:35Z))
2026-08-31T11:29:19Z decision=stop reason=terminated(expires_at 2026-06-17T00:00:00Z passed (now 2026-08-26T12:50:35Z))
2026-08-31T11:29:21Z decision=stop reason=terminated(expires_at 2026-06-17T00:00:00Z passed (now 2026-08-26T12:50:35Z))
2026-08-31T11:34:16Z decision=stop reason=terminated(expires_at 2026-06-17T00:00:00Z passed (now 2026-08-26T12:50:35Z))
2026-08-31T12:16:11Z decision=stop reason=terminated[stored@unknown](expires_at 2026-06-17T00:00:00Z passed)
2026-08-31T13:42:04Z decision=stop reason=terminated[stored@unknown](expires_at 2026-06-17T00:00:00Z passed)
2026-08-31T15:15:50Z decision=stop reason=terminated[stored@unknown](expires_at 2026-06-17T00:00:00Z passed)
2026-08-31T16:02:44Z decision=stop reason=terminated[stored@unknown](expires_at 2026-06-17T00:00:00Z passed)
2026-08-31T16:09:15Z decision=stop reason=terminated[stored@unknown](expires_at 2026-06-17T00:00:00Z passed)
2026-08-31T19:18:19Z decision=stop reason=terminated[stored@unknown](expires_at 2026-06-17T00:00:00Z passed)
2026-08-31T19:53:37Z decision=stop reason=terminated[stored@unknown](expires_at 2026-06-17T00:00:00Z passed)
2026-08-31T20:38:55Z decision=stop reason=terminated[stored@unknown](expires_at 2026-06-17T00:00:00Z passed)
2026-08-31T20:47:21Z decision=stop reason=terminated[stored@unknown](expires_at 2026-06-17T00:00:00Z passed)
2026-09-01T05:11:45Z decision=stop reason=terminated[stored@unknown](expires_at 2026-06-17T00:00:00Z passed)
2026-09-01T05:32:02Z decision=stop reason=terminated[stored@unknown](expires_at 2026-06-17T00:00:00Z passed)
2026-09-01T07:38:03Z decision=stop reason=terminated[stored@unknown](expires_at 2026-06-17T00:00:00Z passed)
2026-09-01T07:48:29Z decision=stop reason=terminated[stored@unknown](expires_at 2026-06-17T00:00:00Z passed)
2026-09-01T07:51:02Z decision=stop reason=terminated[stored@unknown](expires_at 2026-06-17T00:00:00Z passed)
2026-09-01T07:54:07Z decision=stop reason=terminated[stored@unknown](expires_at 2026-06-17T00:00:00Z passed)
2026-09-01T09:57:44Z decision=stop reason=terminated[stored@unknown](expires_at 2026-06-17T00:00:00Z passed)
2026-09-01T10:47:04Z decision=stop reason=terminated[stored@unknown](expires_at 2026-06-17T00:00:00Z passed)
2026-09-01T10:50:42Z decision=stop reason=terminated[stored@unknown](expires_at 2026-06-17T00:00:00Z passed)
2026-09-01T10:59:32Z decision=stop reason=terminated[stored@unknown](expires_at 2026-06-17T00:00:00Z passed)
2026-09-01T11:26:10Z decision=stop reason=terminated[stored@unknown](expires_at 2026-06-17T00:00:00Z passed)
2026-09-01T11:34:54Z decision=stop reason=terminated[stored@unknown](expires_at 2026-06-17T00:00:00Z passed)
2026-09-01T12:24:30Z decision=stop reason=terminated[stored@unknown](expires_at 2026-06-17T00:00:00Z passed)
2026-09-01T18:44:31Z decision=stop reason=terminated[stored@unknown](expires_at 2026-06-17T00:00:00Z passed)
2026-09-01T19:27:57Z decision=stop reason=terminated[stored@unknown](expires_at 2026-06-17T00:00:00Z passed)
2026-09-01T20:10:36Z decision=stop reason=terminated[stored@unknown](expires_at 2026-06-17T00:00:00Z passed)
2026-09-01T20:18:42Z decision=stop reason=terminated[stored@unknown](expires_at 2026-06-17T00:00:00Z passed)
2026-09-01T20:32:09Z decision=stop reason=terminated[stored@unknown](expires_at 2026-06-17T00:00:00Z passed)
2026-09-01T20:35:53Z decision=stop reason=terminated[stored@unknown](expires_at 2026-06-17T00:00:00Z passed)
2026-09-01T20:42:01Z decision=stop reason=terminated[stored@unknown](expires_at 2026-06-17T00:00:00Z passed)
2026-09-01T21:01:57Z decision=stop reason=terminated[stored@unknown](expires_at 2026-06-17T00:00:00Z passed)
2026-09-01T21:14:19Z decision=stop reason=terminated[stored@unknown](expires_at 2026-06-17T00:00:00Z passed)
2026-09-01T21:16:58Z decision=stop reason=terminated[stored@unknown](expires_at 2026-06-17T00:00:00Z passed)
2026-09-01T21:40:57Z decision=stop reason=terminated[stored@unknown](expires_at 2026-06-17T00:00:00Z passed)
2026-09-01T21:47:58Z decision=stop reason=terminated[stored@unknown](expires_at 2026-06-17T00:00:00Z passed)
2026-09-01T22:22:12Z decision=stop reason=terminated[stored@unknown](expires_at 2026-06-17T00:00:00Z passed)
2026-09-01T22:58:48Z decision=stop reason=terminated[stored@unknown](expires_at 2026-06-17T00:00:00Z passed)
2026-09-02T05:58:11Z decision=stop reason=terminated[stored@unknown](expires_at 2026-06-17T00:00:00Z passed)
2026-09-02T06:17:15Z decision=stop reason=terminated[stored@unknown](expires_at 2026-06-17T00:00:00Z passed)
2026-09-02T06:36:19Z decision=stop reason=terminated[stored@unknown](expires_at 2026-06-17T00:00:00Z passed)
2026-09-02T06:59:18Z decision=stop reason=terminated[stored@unknown](expires_at 2026-06-17T00:00:00Z passed)
2026-09-02T07:09:05Z decision=stop reason=terminated[stored@unknown](expires_at 2026-06-17T00:00:00Z passed)
2026-09-02T07:36:41Z decision=stop reason=terminated[stored@unknown](expires_at 2026-06-17T00:00:00Z passed)
2026-09-02T08:05:40Z decision=stop reason=terminated[stored@unknown](expires_at 2026-06-17T00:00:00Z passed)
2026-09-02T08:33:33Z decision=stop reason=terminated[stored@unknown](expires_at 2026-06-17T00:00:00Z passed)
2026-09-02T08:49:27Z decision=stop reason=terminated[stored@unknown](expires_at 2026-06-17T00:00:00Z passed)
2026-09-02T09:18:29Z decision=stop reason=terminated[stored@unknown](expires_at 2026-06-17T00:00:00Z passed)
2026-09-03T05:25:47Z decision=stop reason=terminated[stored@unknown](expires_at 2026-06-17T00:00:00Z passed)
2026-09-03T07:09:44Z decision=stop reason=terminated[stored@unknown](expires_at 2026-06-17T00:00:00Z passed)
2026-09-03T07:24:40Z decision=stop reason=terminated[stored@unknown](expires_at 2026-06-17T00:00:00Z passed)
2026-09-03T07:58:52Z decision=stop reason=terminated[stored@unknown](expires_at 2026-06-17T00:00:00Z passed)
2026-09-03T09:03:12Z decision=stop reason=terminated[stored@unknown](expires_at 2026-06-17T00:00:00Z passed)
2026-09-03T09:04:03Z decision=stop reason=terminated[stored@unknown](expires_at 2026-06-17T00:00:00Z passed)
2026-09-03T09:34:54Z decision=stop reason=terminated[stored@unknown](expires_at 2026-06-17T00:00:00Z passed)
2026-09-03T10:01:27Z decision=stop reason=terminated[stored@unknown](expires_at 2026-06-17T00:00:00Z passed)
2026-09-03T10:04:36Z decision=stop reason=terminated[stored@unknown](expires_at 2026-06-17T00:00:00Z passed)
2026-09-03T10:08:22Z decision=stop reason=terminated[stored@unknown](expires_at 2026-06-17T00:00:00Z passed)
2026-09-03T10:27:34Z decision=stop reason=terminated[stored@unknown](expires_at 2026-06-17T00:00:00Z passed)
2026-09-03T11:49:09Z decision=stop reason=terminated[stored@unknown](expires_at 2026-06-17T00:00:00Z passed)
2026-09-03T12:58:47Z decision=stop reason=terminated[stored@unknown](expires_at 2026-06-17T00:00:00Z passed)
2026-09-03T14:29:22Z decision=stop reason=terminated[stored@unknown](expires_at 2026-06-17T00:00:00Z passed)
2026-09-03T14:49:38Z decision=stop reason=terminated[stored@unknown](expires_at 2026-06-17T00:00:00Z passed)
2026-09-03T14:55:10Z decision=stop reason=terminated[stored@unknown](expires_at 2026-06-17T00:00:00Z passed)
2026-09-03T15:21:47Z decision=stop reason=terminated[stored@unknown](expires_at 2026-06-17T00:00:00Z passed)
2026-09-03T15:30:57Z decision=stop reason=terminated[stored@unknown](expires_at 2026-06-17T00:00:00Z passed)
2026-09-03T15:46:12Z decision=stop reason=terminated[stored@unknown](expires_at 2026-06-17T00:00:00Z passed)
2026-09-03T15:46:48Z decision=stop reason=terminated[stored@unknown](expires_at 2026-06-17T00:00:00Z passed)
2026-09-03T15:50:40Z decision=stop reason=terminated[stored@unknown](expires_at 2026-06-17T00:00:00Z passed)
2026-09-03T16:04:04Z decision=stop reason=terminated[stored@unknown](expires_at 2026-06-17T00:00:00Z passed)
2026-09-03T16:05:10Z decision=stop reason=terminated[stored@unknown](expires_at 2026-06-17T00:00:00Z passed)
2026-09-03T16:07:37Z decision=stop reason=terminated[stored@unknown](expires_at 2026-06-17T00:00:00Z passed)
2026-09-03T16:10:46Z decision=stop reason=terminated[stored@unknown](expires_at 2026-06-17T00:00:00Z passed)
2026-09-03T16:22:53Z decision=continue reason=iteration-2
2026-09-03T17:03:07Z decision=stop reason=stop_hook_active=true (platform runaway guard)
2026-09-03T17:32:21Z decision=continue reason=iteration-2
2026-09-03T17:36:00Z decision=continue reason=iteration-2
2026-09-03T17:36:09Z decision=stop reason=stop_hook_active=true (platform runaway guard)
2026-09-03T18:30:05Z decision=stop reason=terminated[stored@2026-09-03T18:24:48Z](human-gate:human-ac:T-3263)
2026-09-03T18:35:36Z decision=stop reason=terminated[stored@2026-09-03T18:24:48Z](human-gate:human-ac:T-3263)
2026-09-03T18:37:40Z decision=stop reason=terminated[stored@2026-09-03T18:24:48Z](human-gate:human-ac:T-3263)
2026-09-03T18:41:48Z decision=stop reason=terminated[stored@2026-09-03T18:24:48Z](human-gate:human-ac:T-3263)
2026-09-03T18:44:27Z decision=stop reason=terminated[stored@2026-09-03T18:24:48Z](human-gate:human-ac:T-3263)
2026-09-03T18:49:25Z decision=stop reason=terminated[stored@2026-09-03T18:24:48Z](human-gate:human-ac:T-3263)
2026-09-03T18:58:01Z decision=stop reason=terminated[stored@2026-09-03T18:24:48Z](human-gate:human-ac:T-3263)
2026-09-03T19:43:16Z decision=stop reason=terminated[stored@2026-09-03T18:24:48Z](human-gate:human-ac:T-3263)
2026-09-03T19:50:36Z decision=stop reason=terminated[stored@2026-09-03T18:24:48Z](human-gate:human-ac:T-3263)
2026-09-03T19:51:59Z decision=stop reason=terminated[stored@2026-09-03T18:24:48Z](human-gate:human-ac:T-3263)
2026-09-03T19:55:10Z decision=stop reason=terminated[stored@2026-09-03T18:24:48Z](human-gate:human-ac:T-3263)
2026-09-03T20:37:53Z decision=stop reason=terminated[stored@2026-09-03T18:24:48Z](human-gate:human-ac:T-3263)
2026-09-03T21:08:37Z decision=stop reason=terminated[stored@2026-09-03T18:24:48Z](human-gate:human-ac:T-3263)
2026-09-03T21:08:46Z decision=stop reason=terminated[stored@2026-09-03T18:24:48Z](human-gate:human-ac:T-3263)
2026-09-03T21:12:43Z decision=stop reason=terminated[stored@2026-09-03T18:24:48Z](human-gate:human-ac:T-3263)
2026-09-03T21:30:47Z decision=stop reason=terminated[stored@2026-09-03T18:24:48Z](human-gate:human-ac:T-3263)
2026-09-03T21:37:57Z decision=stop reason=terminated[stored@2026-09-03T18:24:48Z](T-3263 resolved (work-completed 2026-09-03); clearing stale human-gate latch that had cycled 4+ times since 18:24:48Z (T-3268))
2026-09-03T21:39:45Z decision=stop reason=terminated[stored@2026-09-03T18:24:48Z](T-3263 resolved (work-completed 2026-09-03); clearing stale human-gate latch that had cycled 4+ times since 18:24:48Z (T-3268))
2026-09-03T21:41:14Z decision=stop reason=terminated[stored@2026-09-03T18:24:48Z](T-3263 resolved (work-completed 2026-09-03); clearing stale human-gate latch that had cycled 4+ times since 18:24:48Z (T-3268))
2026-09-03T21:59:36Z decision=stop reason=terminated[stored@2026-09-03T18:24:48Z](T-3263 resolved (work-completed 2026-09-03); clearing stale human-gate latch that had cycled 4+ times since 18:24:48Z (T-3268))
2026-09-03T22:13:33Z decision=stop reason=terminated[stored@2026-09-03T18:24:48Z](T-3263 resolved (work-completed 2026-09-03); clearing stale human-gate latch that had cycled 4+ times since 18:24:48Z (T-3268))
2026-09-03T22:28:24Z decision=stop reason=terminated[stored@2026-09-03T18:24:48Z](T-3263 resolved (work-completed 2026-09-03); clearing stale human-gate latch that had cycled 4+ times since 18:24:48Z (T-3268))
2026-09-03T23:22:31Z decision=stop reason=terminated[stored@2026-09-03T18:24:48Z](T-3263 resolved (work-completed 2026-09-03); clearing stale human-gate latch that had cycled 4+ times since 18:24:48Z (T-3268))
2026-09-04T00:16:00Z decision=stop reason=terminated[stored@2026-09-03T18:24:48Z](T-3263 resolved (work-completed 2026-09-03); clearing stale human-gate latch that had cycled 4+ times since 18:24:48Z (T-3268))
2026-09-04T01:05:11Z decision=stop reason=terminated[stored@2026-09-03T18:24:48Z](T-3263 resolved (work-completed 2026-09-03); clearing stale human-gate latch that had cycled 4+ times since 18:24:48Z (T-3268))
2026-09-04T08:49:10Z decision=stop reason=terminated[stored@2026-09-03T18:24:48Z](T-3263 resolved (work-completed 2026-09-03); clearing stale human-gate latch that had cycled 4+ times since 18:24:48Z (T-3268))
2026-09-04T12:06:08Z decision=stop reason=terminated[stored@2026-09-03T18:24:48Z](T-3263 resolved (work-completed 2026-09-03); clearing stale human-gate latch that had cycled 4+ times since 18:24:48Z (T-3268))
2026-09-04T12:14:21Z decision=stop reason=terminated[stored@2026-09-03T18:24:48Z](T-3263 resolved (work-completed 2026-09-03); clearing stale human-gate latch that had cycled 4+ times since 18:24:48Z (T-3268))
2026-09-04T13:01:00Z decision=stop reason=terminated[stored@2026-09-03T18:24:48Z](T-3263 resolved (work-completed 2026-09-03); clearing stale human-gate latch that had cycled 4+ times since 18:24:48Z (T-3268))
2026-09-04T13:06:24Z decision=stop reason=terminated[stored@2026-09-03T18:24:48Z](T-3263 resolved (work-completed 2026-09-03); clearing stale human-gate latch that had cycled 4+ times since 18:24:48Z (T-3268))
2026-09-04T13:28:26Z decision=stop reason=terminated[stored@2026-09-03T18:24:48Z](T-3263 resolved (work-completed 2026-09-03); clearing stale human-gate latch that had cycled 4+ times since 18:24:48Z (T-3268))
2026-09-04T15:11:32Z decision=stop reason=terminated[stored@2026-09-03T18:24:48Z](T-3263 resolved (work-completed 2026-09-03); clearing stale human-gate latch that had cycled 4+ times since 18:24:48Z (T-3268))
2026-09-04T21:38:57Z decision=stop reason=terminated[stored@2026-09-03T18:24:48Z](T-3263 resolved (work-completed 2026-09-03); clearing stale human-gate latch that had cycled 4+ times since 18:24:48Z (T-3268))
2026-09-04T21:40:16Z decision=stop reason=terminated[stored@2026-09-03T18:24:48Z](T-3263 resolved (work-completed 2026-09-03); clearing stale human-gate latch that had cycled 4+ times since 18:24:48Z (T-3268))
2026-09-04T21:49:43Z decision=stop reason=terminated[stored@2026-09-03T18:24:48Z](T-3263 resolved (work-completed 2026-09-03); clearing stale human-gate latch that had cycled 4+ times since 18:24:48Z (T-3268))
2026-09-04T21:53:07Z decision=stop reason=terminated[stored@2026-09-03T18:24:48Z](T-3263 resolved (work-completed 2026-09-03); clearing stale human-gate latch that had cycled 4+ times since 18:24:48Z (T-3268))
2026-09-04T21:54:43Z decision=stop reason=terminated[stored@2026-09-03T18:24:48Z](T-3263 resolved (work-completed 2026-09-03); clearing stale human-gate latch that had cycled 4+ times since 18:24:48Z (T-3268))
2026-09-04T22:00:39Z decision=stop reason=terminated[stored@2026-09-03T18:24:48Z](T-3263 resolved (work-completed 2026-09-03); clearing stale human-gate latch that had cycled 4+ times since 18:24:48Z (T-3268))
2026-09-04T22:04:59Z decision=stop reason=terminated[stored@2026-09-03T18:24:48Z](T-3263 resolved (work-completed 2026-09-03); clearing stale human-gate latch that had cycled 4+ times since 18:24:48Z (T-3268))
2026-09-04T22:06:13Z decision=stop reason=terminated[stored@2026-09-03T18:24:48Z](T-3263 resolved (work-completed 2026-09-03); clearing stale human-gate latch that had cycled 4+ times since 18:24:48Z (T-3268))
2026-09-04T22:17:25Z decision=stop reason=terminated[stored@2026-09-03T18:24:48Z](T-3263 resolved (work-completed 2026-09-03); clearing stale human-gate latch that had cycled 4+ times since 18:24:48Z (T-3268))
2026-09-04T22:21:19Z decision=stop reason=terminated[stored@2026-09-03T18:24:48Z](T-3263 resolved (work-completed 2026-09-03); clearing stale human-gate latch that had cycled 4+ times since 18:24:48Z (T-3268))
2026-09-04T22:38:00Z decision=stop reason=terminated[stored@2026-09-03T18:24:48Z](T-3263 resolved (work-completed 2026-09-03); clearing stale human-gate latch that had cycled 4+ times since 18:24:48Z (T-3268))
2026-09-04T22:41:52Z decision=stop reason=terminated[stored@2026-09-03T18:24:48Z](T-3263 resolved (work-completed 2026-09-03); clearing stale human-gate latch that had cycled 4+ times since 18:24:48Z (T-3268))
2026-09-04T22:44:16Z decision=stop reason=terminated[stored@2026-09-03T18:24:48Z](T-3263 resolved (work-completed 2026-09-03); clearing stale human-gate latch that had cycled 4+ times since 18:24:48Z (T-3268))
2026-09-04T22:47:25Z decision=stop reason=terminated[stored@2026-09-03T18:24:48Z](T-3263 resolved (work-completed 2026-09-03); clearing stale human-gate latch that had cycled 4+ times since 18:24:48Z (T-3268))
2026-09-05T08:23:18Z decision=stop reason=terminated[stored@2026-09-03T18:24:48Z](T-3263 resolved (work-completed 2026-09-03); clearing stale human-gate latch that had cycled 4+ times since 18:24:48Z (T-3268))
2026-09-05T08:35:10Z decision=stop reason=terminated[stored@2026-09-03T18:24:48Z](T-3263 resolved (work-completed 2026-09-03); clearing stale human-gate latch that had cycled 4+ times since 18:24:48Z (T-3268))
2026-09-05T08:49:44Z decision=stop reason=terminated[stored@2026-09-03T18:24:48Z](T-3263 resolved (work-completed 2026-09-03); clearing stale human-gate latch that had cycled 4+ times since 18:24:48Z (T-3268))
2026-09-05T08:53:52Z decision=stop reason=terminated[stored@2026-09-03T18:24:48Z](T-3263 resolved (work-completed 2026-09-03); clearing stale human-gate latch that had cycled 4+ times since 18:24:48Z (T-3268))
2026-09-05T09:46:03Z decision=stop reason=terminated[stored@2026-09-03T18:24:48Z](T-3263 resolved (work-completed 2026-09-03); clearing stale human-gate latch that had cycled 4+ times since 18:24:48Z (T-3268))
2026-09-05T10:30:48Z decision=stop reason=terminated[stored@2026-09-03T18:24:48Z](T-3263 resolved (work-completed 2026-09-03); clearing stale human-gate latch that had cycled 4+ times since 18:24:48Z (T-3268))
2026-09-05T10:46:02Z decision=stop reason=terminated[stored@2026-09-03T18:24:48Z](T-3263 resolved (work-completed 2026-09-03); clearing stale human-gate latch that had cycled 4+ times since 18:24:48Z (T-3268))
2026-09-05T11:02:28Z decision=stop reason=terminated[stored@2026-09-03T18:24:48Z](T-3263 resolved (work-completed 2026-09-03); clearing stale human-gate latch that had cycled 4+ times since 18:24:48Z (T-3268))
2026-09-05T11:05:00Z decision=stop reason=terminated[stored@2026-09-03T18:24:48Z](T-3263 resolved (work-completed 2026-09-03); clearing stale human-gate latch that had cycled 4+ times since 18:24:48Z (T-3268))
2026-09-05T11:06:16Z decision=stop reason=terminated[stored@2026-09-03T18:24:48Z](T-3263 resolved (work-completed 2026-09-03); clearing stale human-gate latch that had cycled 4+ times since 18:24:48Z (T-3268))
2026-09-05T11:06:34Z decision=stop reason=terminated[stored@2026-09-03T18:24:48Z](T-3263 resolved (work-completed 2026-09-03); clearing stale human-gate latch that had cycled 4+ times since 18:24:48Z (T-3268))
2026-09-05T11:26:39Z decision=stop reason=terminated[stored@2026-09-03T18:24:48Z](T-3263 resolved (work-completed 2026-09-03); clearing stale human-gate latch that had cycled 4+ times since 18:24:48Z (T-3268))
2026-09-05T11:28:13Z decision=stop reason=terminated[stored@2026-09-03T18:24:48Z](T-3263 resolved (work-completed 2026-09-03); clearing stale human-gate latch that had cycled 4+ times since 18:24:48Z (T-3268))
2026-09-05T11:44:04Z decision=stop reason=terminated[stored@2026-09-03T18:24:48Z](T-3263 resolved (work-completed 2026-09-03); clearing stale human-gate latch that had cycled 4+ times since 18:24:48Z (T-3268))
2026-09-05T11:50:45Z decision=stop reason=terminated[stored@2026-09-03T18:24:48Z](T-3263 resolved (work-completed 2026-09-03); clearing stale human-gate latch that had cycled 4+ times since 18:24:48Z (T-3268))
2026-09-05T11:52:48Z decision=stop reason=terminated[stored@2026-09-03T18:24:48Z](T-3263 resolved (work-completed 2026-09-03); clearing stale human-gate latch that had cycled 4+ times since 18:24:48Z (T-3268))
2026-09-05T11:59:33Z decision=stop reason=terminated[stored@2026-09-03T18:24:48Z](T-3263 resolved (work-completed 2026-09-03); clearing stale human-gate latch that had cycled 4+ times since 18:24:48Z (T-3268))
2026-09-05T14:12:53Z decision=stop reason=terminated[stored@2026-09-03T18:24:48Z](T-3263 resolved (work-completed 2026-09-03); clearing stale human-gate latch that had cycled 4+ times since 18:24:48Z (T-3268))
2026-09-05T14:18:19Z decision=stop reason=terminated[stored@2026-09-03T18:24:48Z](T-3263 resolved (work-completed 2026-09-03); clearing stale human-gate latch that had cycled 4+ times since 18:24:48Z (T-3268))
2026-09-05T14:20:46Z decision=stop reason=terminated[stored@2026-09-03T18:24:48Z](T-3263 resolved (work-completed 2026-09-03); clearing stale human-gate latch that had cycled 4+ times since 18:24:48Z (T-3268))
2026-09-05T14:24:33Z decision=stop reason=terminated[stored@2026-09-03T18:24:48Z](T-3263 resolved (work-completed 2026-09-03); clearing stale human-gate latch that had cycled 4+ times since 18:24:48Z (T-3268))
2026-09-05T14:39:33Z decision=stop reason=terminated[stored@2026-09-03T18:24:48Z](T-3263 resolved (work-completed 2026-09-03); clearing stale human-gate latch that had cycled 4+ times since 18:24:48Z (T-3268))
2026-09-05T14:41:25Z decision=stop reason=terminated[stored@2026-09-03T18:24:48Z](T-3263 resolved (work-completed 2026-09-03); clearing stale human-gate latch that had cycled 4+ times since 18:24:48Z (T-3268))
2026-09-05T14:53:08Z decision=stop reason=terminated[stored@2026-09-03T18:24:48Z](T-3263 resolved (work-completed 2026-09-03); clearing stale human-gate latch that had cycled 4+ times since 18:24:48Z (T-3268))
2026-09-05T14:57:46Z decision=stop reason=terminated[stored@2026-09-03T18:24:48Z](T-3263 resolved (work-completed 2026-09-03); clearing stale human-gate latch that had cycled 4+ times since 18:24:48Z (T-3268))
2026-09-05T15:18:30Z decision=stop reason=terminated[stored@2026-09-03T18:24:48Z](T-3263 resolved (work-completed 2026-09-03); clearing stale human-gate latch that had cycled 4+ times since 18:24:48Z (T-3268))
2026-09-05T15:30:08Z decision=stop reason=terminated[stored@2026-09-03T18:24:48Z](T-3263 resolved (work-completed 2026-09-03); clearing stale human-gate latch that had cycled 4+ times since 18:24:48Z (T-3268))
2026-09-05T15:31:52Z decision=stop reason=terminated[stored@2026-09-03T18:24:48Z](T-3263 resolved (work-completed 2026-09-03); clearing stale human-gate latch that had cycled 4+ times since 18:24:48Z (T-3268))
2026-09-05T15:38:27Z decision=stop reason=terminated[stored@2026-09-03T18:24:48Z](T-3263 resolved (work-completed 2026-09-03); clearing stale human-gate latch that had cycled 4+ times since 18:24:48Z (T-3268))
2026-09-05T16:04:15Z decision=stop reason=terminated[stored@2026-09-03T18:24:48Z](T-3263 resolved (work-completed 2026-09-03); clearing stale human-gate latch that had cycled 4+ times since 18:24:48Z (T-3268))
2026-09-05T16:15:27Z decision=stop reason=terminated[stored@2026-09-03T18:24:48Z](T-3263 resolved (work-completed 2026-09-03); clearing stale human-gate latch that had cycled 4+ times since 18:24:48Z (T-3268))
2026-09-05T16:23:46Z decision=stop reason=terminated[stored@2026-09-03T18:24:48Z](T-3263 resolved (work-completed 2026-09-03); clearing stale human-gate latch that had cycled 4+ times since 18:24:48Z (T-3268))
2026-09-05T16:40:13Z decision=stop reason=terminated[stored@2026-09-03T18:24:48Z](T-3263 resolved (work-completed 2026-09-03); clearing stale human-gate latch that had cycled 4+ times since 18:24:48Z (T-3268))
2026-09-05T16:56:53Z decision=stop reason=terminated[stored@2026-09-03T18:24:48Z](T-3263 resolved (work-completed 2026-09-03); clearing stale human-gate latch that had cycled 4+ times since 18:24:48Z (T-3268))
2026-09-05T17:15:19Z decision=stop reason=terminated[stored@2026-09-03T18:24:48Z](T-3263 resolved (work-completed 2026-09-03); clearing stale human-gate latch that had cycled 4+ times since 18:24:48Z (T-3268))
2026-09-05T17:18:10Z decision=stop reason=terminated[stored@2026-09-03T18:24:48Z](T-3263 resolved (work-completed 2026-09-03); clearing stale human-gate latch that had cycled 4+ times since 18:24:48Z (T-3268))
2026-09-05T17:32:36Z decision=stop reason=terminated[stored@2026-09-03T18:24:48Z](T-3263 resolved (work-completed 2026-09-03); clearing stale human-gate latch that had cycled 4+ times since 18:24:48Z (T-3268))
2026-09-05T18:09:24Z decision=stop reason=terminated[stored@2026-09-03T18:24:48Z](T-3263 resolved (work-completed 2026-09-03); clearing stale human-gate latch that had cycled 4+ times since 18:24:48Z (T-3268))
2026-09-05T18:19:39Z decision=stop reason=terminated[stored@2026-09-03T18:24:48Z](T-3263 resolved (work-completed 2026-09-03); clearing stale human-gate latch that had cycled 4+ times since 18:24:48Z (T-3268))
2026-09-05T18:23:54Z decision=stop reason=terminated[stored@2026-09-03T18:24:48Z](T-3263 resolved (work-completed 2026-09-03); clearing stale human-gate latch that had cycled 4+ times since 18:24:48Z (T-3268))
2026-09-05T18:38:08Z decision=stop reason=terminated[stored@2026-09-03T18:24:48Z](T-3263 resolved (work-completed 2026-09-03); clearing stale human-gate latch that had cycled 4+ times since 18:24:48Z (T-3268))
2026-09-05T18:59:48Z decision=stop reason=terminated[stored@2026-09-03T18:24:48Z](T-3263 resolved (work-completed 2026-09-03); clearing stale human-gate latch that had cycled 4+ times since 18:24:48Z (T-3268))
2026-09-05T19:13:12Z decision=stop reason=terminated[stored@2026-09-03T18:24:48Z](T-3263 resolved (work-completed 2026-09-03); clearing stale human-gate latch that had cycled 4+ times since 18:24:48Z (T-3268))
2026-09-05T19:24:33Z decision=stop reason=terminated[stored@2026-09-03T18:24:48Z](T-3263 resolved (work-completed 2026-09-03); clearing stale human-gate latch that had cycled 4+ times since 18:24:48Z (T-3268))
2026-09-05T19:48:46Z decision=stop reason=terminated[stored@2026-09-03T18:24:48Z](T-3263 resolved (work-completed 2026-09-03); clearing stale human-gate latch that had cycled 4+ times since 18:24:48Z (T-3268))
2026-09-05T19:54:17Z decision=stop reason=terminated[stored@2026-09-03T18:24:48Z](T-3263 resolved (work-completed 2026-09-03); clearing stale human-gate latch that had cycled 4+ times since 18:24:48Z (T-3268))
2026-09-05T20:00:08Z decision=stop reason=terminated[stored@2026-09-03T18:24:48Z](T-3263 resolved (work-completed 2026-09-03); clearing stale human-gate latch that had cycled 4+ times since 18:24:48Z (T-3268))
2026-09-05T20:00:15Z decision=stop reason=terminated[stored@2026-09-03T18:24:48Z](T-3263 resolved (work-completed 2026-09-03); clearing stale human-gate latch that had cycled 4+ times since 18:24:48Z (T-3268))
2026-09-05T20:01:37Z decision=stop reason=terminated[stored@2026-09-03T18:24:48Z](T-3263 resolved (work-completed 2026-09-03); clearing stale human-gate latch that had cycled 4+ times since 18:24:48Z (T-3268))
2026-09-05T20:03:34Z decision=stop reason=terminated[stored@2026-09-03T18:24:48Z](T-3263 resolved (work-completed 2026-09-03); clearing stale human-gate latch that had cycled 4+ times since 18:24:48Z (T-3268))
2026-09-06T08:59:02Z decision=stop reason=terminated[stored@2026-09-03T18:24:48Z](T-3263 resolved (work-completed 2026-09-03); clearing stale human-gate latch that had cycled 4+ times since 18:24:48Z (T-3268))
2026-09-06T09:00:07Z decision=stop reason=terminated[stored@2026-09-03T18:24:48Z](T-3263 resolved (work-completed 2026-09-03); clearing stale human-gate latch that had cycled 4+ times since 18:24:48Z (T-3268))
2026-09-06T09:00:16Z decision=stop reason=terminated[stored@2026-09-03T18:24:48Z](T-3263 resolved (work-completed 2026-09-03); clearing stale human-gate latch that had cycled 4+ times since 18:24:48Z (T-3268))
2026-09-06T09:06:09Z decision=stop reason=terminated[stored@2026-09-03T18:24:48Z](T-3263 resolved (work-completed 2026-09-03); clearing stale human-gate latch that had cycled 4+ times since 18:24:48Z (T-3268))
2026-09-06T09:10:04Z decision=stop reason=terminated[stored@2026-09-03T18:24:48Z](T-3263 resolved (work-completed 2026-09-03); clearing stale human-gate latch that had cycled 4+ times since 18:24:48Z (T-3268))
2026-09-06T12:44:25Z decision=stop reason=terminated[stored@2026-09-03T18:24:48Z](T-3263 resolved (work-completed 2026-09-03); clearing stale human-gate latch that had cycled 4+ times since 18:24:48Z (T-3268))
2026-09-06T12:52:20Z decision=stop reason=terminated[stored@2026-09-03T18:24:48Z](T-3263 resolved (work-completed 2026-09-03); clearing stale human-gate latch that had cycled 4+ times since 18:24:48Z (T-3268))
2026-09-06T15:50:22Z decision=stop reason=terminated[stored@2026-09-03T18:24:48Z](T-3263 resolved (work-completed 2026-09-03); clearing stale human-gate latch that had cycled 4+ times since 18:24:48Z (T-3268))
2026-09-06T15:50:43Z decision=stop reason=terminated[stored@2026-09-03T18:24:48Z](T-3263 resolved (work-completed 2026-09-03); clearing stale human-gate latch that had cycled 4+ times since 18:24:48Z (T-3268))
2026-09-06T15:55:26Z decision=stop reason=terminated[stored@2026-09-03T18:24:48Z](T-3263 resolved (work-completed 2026-09-03); clearing stale human-gate latch that had cycled 4+ times since 18:24:48Z (T-3268))
2026-09-06T16:31:03Z decision=stop reason=terminated[stored@2026-09-03T18:24:48Z](T-3263 resolved (work-completed 2026-09-03); clearing stale human-gate latch that had cycled 4+ times since 18:24:48Z (T-3268))
2026-09-06T16:39:46Z decision=stop reason=terminated[stored@2026-09-03T18:24:48Z](T-3263 resolved (work-completed 2026-09-03); clearing stale human-gate latch that had cycled 4+ times since 18:24:48Z (T-3268))
2026-09-06T16:45:09Z decision=stop reason=terminated[stored@2026-09-03T18:24:48Z](T-3263 resolved (work-completed 2026-09-03); clearing stale human-gate latch that had cycled 4+ times since 18:24:48Z (T-3268))
2026-09-06T16:51:36Z decision=stop reason=terminated[stored@2026-09-03T18:24:48Z](T-3263 resolved (work-completed 2026-09-03); clearing stale human-gate latch that had cycled 4+ times since 18:24:48Z (T-3268))
2026-09-06T16:55:32Z decision=stop reason=terminated[stored@2026-09-03T18:24:48Z](T-3263 resolved (work-completed 2026-09-03); clearing stale human-gate latch that had cycled 4+ times since 18:24:48Z (T-3268))
2026-09-06T16:59:47Z decision=stop reason=terminated[stored@2026-09-03T18:24:48Z](T-3263 resolved (work-completed 2026-09-03); clearing stale human-gate latch that had cycled 4+ times since 18:24:48Z (T-3268))
2026-09-06T17:24:11Z decision=stop reason=terminated[stored@2026-09-03T18:24:48Z](T-3263 resolved (work-completed 2026-09-03); clearing stale human-gate latch that had cycled 4+ times since 18:24:48Z (T-3268))
2026-09-06T17:31:51Z decision=stop reason=terminated[stored@2026-09-03T18:24:48Z](T-3263 resolved (work-completed 2026-09-03); clearing stale human-gate latch that had cycled 4+ times since 18:24:48Z (T-3268))
2026-09-06T17:40:14Z decision=stop reason=terminated[stored@2026-09-03T18:24:48Z](T-3263 resolved (work-completed 2026-09-03); clearing stale human-gate latch that had cycled 4+ times since 18:24:48Z (T-3268))
2026-09-06T17:46:29Z decision=stop reason=terminated[stored@2026-09-03T18:24:48Z](T-3263 resolved (work-completed 2026-09-03); clearing stale human-gate latch that had cycled 4+ times since 18:24:48Z (T-3268))
2026-09-06T18:00:09Z decision=stop reason=terminated[stored@2026-09-03T18:24:48Z](T-3263 resolved (work-completed 2026-09-03); clearing stale human-gate latch that had cycled 4+ times since 18:24:48Z (T-3268))
2026-09-06T18:04:51Z decision=stop reason=terminated[stored@2026-09-03T18:24:48Z](T-3263 resolved (work-completed 2026-09-03); clearing stale human-gate latch that had cycled 4+ times since 18:24:48Z (T-3268))
2026-09-06T18:09:44Z decision=stop reason=terminated[stored@2026-09-03T18:24:48Z](T-3263 resolved (work-completed 2026-09-03); clearing stale human-gate latch that had cycled 4+ times since 18:24:48Z (T-3268))
2026-09-06T18:11:08Z decision=stop reason=terminated[stored@2026-09-03T18:24:48Z](T-3263 resolved (work-completed 2026-09-03); clearing stale human-gate latch that had cycled 4+ times since 18:24:48Z (T-3268))
2026-09-06T18:11:46Z decision=stop reason=terminated[stored@2026-09-03T18:24:48Z](T-3263 resolved (work-completed 2026-09-03); clearing stale human-gate latch that had cycled 4+ times since 18:24:48Z (T-3268))
2026-09-06T18:11:48Z decision=stop reason=terminated[stored@2026-09-03T18:24:48Z](T-3263 resolved (work-completed 2026-09-03); clearing stale human-gate latch that had cycled 4+ times since 18:24:48Z (T-3268))
2026-09-06T18:14:08Z decision=stop reason=terminated[stored@2026-09-03T18:24:48Z](T-3263 resolved (work-completed 2026-09-03); clearing stale human-gate latch that had cycled 4+ times since 18:24:48Z (T-3268))
2026-09-06T18:18:20Z decision=stop reason=terminated[stored@2026-09-03T18:24:48Z](T-3263 resolved (work-completed 2026-09-03); clearing stale human-gate latch that had cycled 4+ times since 18:24:48Z (T-3268))
2026-09-06T18:18:49Z decision=stop reason=terminated[stored@2026-09-03T18:24:48Z](T-3263 resolved (work-completed 2026-09-03); clearing stale human-gate latch that had cycled 4+ times since 18:24:48Z (T-3268))
2026-09-06T18:28:52Z decision=stop reason=terminated[stored@2026-09-03T18:24:48Z](T-3263 resolved (work-completed 2026-09-03); clearing stale human-gate latch that had cycled 4+ times since 18:24:48Z (T-3268))
2026-09-06T18:34:05Z decision=stop reason=terminated[stored@2026-09-03T18:24:48Z](T-3263 resolved (work-completed 2026-09-03); clearing stale human-gate latch that had cycled 4+ times since 18:24:48Z (T-3268))
2026-09-06T18:44:17Z decision=stop reason=terminated[stored@2026-09-03T18:24:48Z](T-3263 resolved (work-completed 2026-09-03); clearing stale human-gate latch that had cycled 4+ times since 18:24:48Z (T-3268))
2026-09-06T19:28:20Z decision=stop reason=terminated[stored@2026-09-03T18:24:48Z](T-3263 resolved (work-completed 2026-09-03); clearing stale human-gate latch that had cycled 4+ times since 18:24:48Z (T-3268))
2026-09-06T19:52:18Z decision=stop reason=terminated[stored@2026-09-03T18:24:48Z](T-3263 resolved (work-completed 2026-09-03); clearing stale human-gate latch that had cycled 4+ times since 18:24:48Z (T-3268))
2026-09-06T20:03:00Z decision=stop reason=terminated[stored@2026-09-03T18:24:48Z](T-3263 resolved (work-completed 2026-09-03); clearing stale human-gate latch that had cycled 4+ times since 18:24:48Z (T-3268))
2026-09-06T20:03:43Z decision=stop reason=terminated[stored@2026-09-03T18:24:48Z](T-3263 resolved (work-completed 2026-09-03); clearing stale human-gate latch that had cycled 4+ times since 18:24:48Z (T-3268))
2026-09-06T20:10:02Z decision=stop reason=terminated[stored@2026-09-03T18:24:48Z](T-3263 resolved (work-completed 2026-09-03); clearing stale human-gate latch that had cycled 4+ times since 18:24:48Z (T-3268))
2026-09-06T20:10:32Z decision=stop reason=terminated[stored@2026-09-03T18:24:48Z](T-3263 resolved (work-completed 2026-09-03); clearing stale human-gate latch that had cycled 4+ times since 18:24:48Z (T-3268))
2026-09-06T20:20:49Z decision=stop reason=terminated[stored@2026-09-03T18:24:48Z](T-3263 resolved (work-completed 2026-09-03); clearing stale human-gate latch that had cycled 4+ times since 18:24:48Z (T-3268))
2026-09-06T20:23:20Z decision=stop reason=terminated[stored@2026-09-03T18:24:48Z](T-3263 resolved (work-completed 2026-09-03); clearing stale human-gate latch that had cycled 4+ times since 18:24:48Z (T-3268))
2026-09-06T21:45:44Z decision=stop reason=terminated[stored@2026-09-03T18:24:48Z](T-3263 resolved (work-completed 2026-09-03); clearing stale human-gate latch that had cycled 4+ times since 18:24:48Z (T-3268))
2026-09-06T21:49:14Z decision=stop reason=terminated[stored@2026-09-03T18:24:48Z](T-3263 resolved (work-completed 2026-09-03); clearing stale human-gate latch that had cycled 4+ times since 18:24:48Z (T-3268))
2026-09-06T22:06:04Z decision=stop reason=terminated[stored@2026-09-03T18:24:48Z](T-3263 resolved (work-completed 2026-09-03); clearing stale human-gate latch that had cycled 4+ times since 18:24:48Z (T-3268))
2026-09-06T22:13:00Z decision=stop reason=terminated[stored@2026-09-03T18:24:48Z](T-3263 resolved (work-completed 2026-09-03); clearing stale human-gate latch that had cycled 4+ times since 18:24:48Z (T-3268))
2026-09-06T22:15:02Z decision=stop reason=terminated[stored@2026-09-03T18:24:48Z](T-3263 resolved (work-completed 2026-09-03); clearing stale human-gate latch that had cycled 4+ times since 18:24:48Z (T-3268))
2026-09-06T22:16:11Z decision=stop reason=terminated[stored@2026-09-03T18:24:48Z](T-3263 resolved (work-completed 2026-09-03); clearing stale human-gate latch that had cycled 4+ times since 18:24:48Z (T-3268))
2026-09-06T22:24:13Z decision=stop reason=terminated[stored@2026-09-03T18:24:48Z](T-3263 resolved (work-completed 2026-09-03); clearing stale human-gate latch that had cycled 4+ times since 18:24:48Z (T-3268))
2026-09-06T22:25:59Z decision=stop reason=terminated[stored@2026-09-03T18:24:48Z](T-3263 resolved (work-completed 2026-09-03); clearing stale human-gate latch that had cycled 4+ times since 18:24:48Z (T-3268))
2026-09-06T22:29:19Z decision=stop reason=terminated[stored@2026-09-03T18:24:48Z](T-3263 resolved (work-completed 2026-09-03); clearing stale human-gate latch that had cycled 4+ times since 18:24:48Z (T-3268))
2026-09-06T22:31:19Z decision=stop reason=terminated[stored@2026-09-03T18:24:48Z](T-3263 resolved (work-completed 2026-09-03); clearing stale human-gate latch that had cycled 4+ times since 18:24:48Z (T-3268))
2026-09-06T22:34:49Z decision=stop reason=terminated[stored@2026-09-03T18:24:48Z](T-3263 resolved (work-completed 2026-09-03); clearing stale human-gate latch that had cycled 4+ times since 18:24:48Z (T-3268))
2026-09-06T22:37:32Z decision=stop reason=terminated[stored@2026-09-03T18:24:48Z](T-3263 resolved (work-completed 2026-09-03); clearing stale human-gate latch that had cycled 4+ times since 18:24:48Z (T-3268))
2026-09-06T22:42:37Z decision=stop reason=terminated[stored@2026-09-03T18:24:48Z](T-3263 resolved (work-completed 2026-09-03); clearing stale human-gate latch that had cycled 4+ times since 18:24:48Z (T-3268))
2026-09-06T22:57:02Z decision=stop reason=terminated[stored@2026-09-03T18:24:48Z](T-3263 resolved (work-completed 2026-09-03); clearing stale human-gate latch that had cycled 4+ times since 18:24:48Z (T-3268))
2026-09-06T23:26:15Z decision=stop reason=terminated[stored@2026-09-03T18:24:48Z](T-3263 resolved (work-completed 2026-09-03); clearing stale human-gate latch that had cycled 4+ times since 18:24:48Z (T-3268))
2026-09-06T23:48:49Z decision=stop reason=terminated[stored@2026-09-03T18:24:48Z](T-3263 resolved (work-completed 2026-09-03); clearing stale human-gate latch that had cycled 4+ times since 18:24:48Z (T-3268))
2026-09-06T23:51:53Z decision=stop reason=terminated[stored@2026-09-03T18:24:48Z](T-3263 resolved (work-completed 2026-09-03); clearing stale human-gate latch that had cycled 4+ times since 18:24:48Z (T-3268))
2026-09-07T00:03:49Z decision=stop reason=terminated[stored@2026-09-03T18:24:48Z](T-3263 resolved (work-completed 2026-09-03); clearing stale human-gate latch that had cycled 4+ times since 18:24:48Z (T-3268))
2026-09-07T00:07:25Z decision=stop reason=terminated[stored@2026-09-03T18:24:48Z](T-3263 resolved (work-completed 2026-09-03); clearing stale human-gate latch that had cycled 4+ times since 18:24:48Z (T-3268))
2026-09-07T00:12:19Z decision=stop reason=terminated[stored@2026-09-03T18:24:48Z](T-3263 resolved (work-completed 2026-09-03); clearing stale human-gate latch that had cycled 4+ times since 18:24:48Z (T-3268))
2026-09-07T00:23:46Z decision=stop reason=terminated[stored@2026-09-03T18:24:48Z](T-3263 resolved (work-completed 2026-09-03); clearing stale human-gate latch that had cycled 4+ times since 18:24:48Z (T-3268))
2026-09-07T00:35:10Z decision=stop reason=terminated[stored@2026-09-03T18:24:48Z](T-3263 resolved (work-completed 2026-09-03); clearing stale human-gate latch that had cycled 4+ times since 18:24:48Z (T-3268))
2026-09-07T00:52:18Z decision=stop reason=terminated[stored@2026-09-03T18:24:48Z](T-3263 resolved (work-completed 2026-09-03); clearing stale human-gate latch that had cycled 4+ times since 18:24:48Z (T-3268))
2026-09-07T00:53:38Z decision=stop reason=terminated[stored@2026-09-03T18:24:48Z](T-3263 resolved (work-completed 2026-09-03); clearing stale human-gate latch that had cycled 4+ times since 18:24:48Z (T-3268))
2026-09-07T00:57:09Z decision=stop reason=terminated[stored@2026-09-03T18:24:48Z](T-3263 resolved (work-completed 2026-09-03); clearing stale human-gate latch that had cycled 4+ times since 18:24:48Z (T-3268))
2026-09-07T00:58:01Z decision=stop reason=terminated[stored@2026-09-03T18:24:48Z](T-3263 resolved (work-completed 2026-09-03); clearing stale human-gate latch that had cycled 4+ times since 18:24:48Z (T-3268))
2026-09-07T00:59:57Z decision=stop reason=terminated[stored@2026-09-03T18:24:48Z](T-3263 resolved (work-completed 2026-09-03); clearing stale human-gate latch that had cycled 4+ times since 18:24:48Z (T-3268))
2026-09-07T01:12:50Z decision=stop reason=terminated[stored@2026-09-03T18:24:48Z](T-3263 resolved (work-completed 2026-09-03); clearing stale human-gate latch that had cycled 4+ times since 18:24:48Z (T-3268))
2026-09-07T01:20:19Z decision=stop reason=terminated[stored@2026-09-03T18:24:48Z](T-3263 resolved (work-completed 2026-09-03); clearing stale human-gate latch that had cycled 4+ times since 18:24:48Z (T-3268))
2026-09-07T01:21:24Z decision=stop reason=terminated[stored@2026-09-03T18:24:48Z](T-3263 resolved (work-completed 2026-09-03); clearing stale human-gate latch that had cycled 4+ times since 18:24:48Z (T-3268))
2026-09-07T01:31:50Z decision=stop reason=terminated[stored@2026-09-03T18:24:48Z](T-3263 resolved (work-completed 2026-09-03); clearing stale human-gate latch that had cycled 4+ times since 18:24:48Z (T-3268))
2026-09-07T01:37:48Z decision=stop reason=terminated[stored@2026-09-03T18:24:48Z](T-3263 resolved (work-completed 2026-09-03); clearing stale human-gate latch that had cycled 4+ times since 18:24:48Z (T-3268))
2026-09-07T01:41:17Z decision=stop reason=terminated[stored@2026-09-03T18:24:48Z](T-3263 resolved (work-completed 2026-09-03); clearing stale human-gate latch that had cycled 4+ times since 18:24:48Z (T-3268))
2026-09-07T02:19:05Z decision=stop reason=terminated[stored@2026-09-03T18:24:48Z](T-3263 resolved (work-completed 2026-09-03); clearing stale human-gate latch that had cycled 4+ times since 18:24:48Z (T-3268))
2026-09-07T02:20:20Z decision=stop reason=terminated[stored@2026-09-03T18:24:48Z](T-3263 resolved (work-completed 2026-09-03); clearing stale human-gate latch that had cycled 4+ times since 18:24:48Z (T-3268))
2026-09-07T02:30:19Z decision=stop reason=terminated[stored@2026-09-03T18:24:48Z](T-3263 resolved (work-completed 2026-09-03); clearing stale human-gate latch that had cycled 4+ times since 18:24:48Z (T-3268))
2026-09-07T02:58:09Z decision=stop reason=terminated[stored@2026-09-03T18:24:48Z](T-3263 resolved (work-completed 2026-09-03); clearing stale human-gate latch that had cycled 4+ times since 18:24:48Z (T-3268))
2026-09-07T06:00:01Z decision=stop reason=terminated[stored@2026-09-03T18:24:48Z](T-3263 resolved (work-completed 2026-09-03); clearing stale human-gate latch that had cycled 4+ times since 18:24:48Z (T-3268))
2026-09-07T06:02:29Z decision=stop reason=terminated[stored@2026-09-03T18:24:48Z](T-3263 resolved (work-completed 2026-09-03); clearing stale human-gate latch that had cycled 4+ times since 18:24:48Z (T-3268))
2026-09-07T06:36:03Z decision=stop reason=terminated[stored@2026-09-03T18:24:48Z](T-3263 resolved (work-completed 2026-09-03); clearing stale human-gate latch that had cycled 4+ times since 18:24:48Z (T-3268))
2026-09-07T06:53:48Z decision=stop reason=terminated[stored@2026-09-03T18:24:48Z](T-3263 resolved (work-completed 2026-09-03); clearing stale human-gate latch that had cycled 4+ times since 18:24:48Z (T-3268))
2026-09-07T06:55:53Z decision=stop reason=terminated[stored@2026-09-03T18:24:48Z](T-3263 resolved (work-completed 2026-09-03); clearing stale human-gate latch that had cycled 4+ times since 18:24:48Z (T-3268))
2026-09-07T07:03:37Z decision=stop reason=terminated[stored@2026-09-03T18:24:48Z](T-3263 resolved (work-completed 2026-09-03); clearing stale human-gate latch that had cycled 4+ times since 18:24:48Z (T-3268))
2026-09-07T07:08:02Z decision=stop reason=terminated[stored@2026-09-03T18:24:48Z](T-3263 resolved (work-completed 2026-09-03); clearing stale human-gate latch that had cycled 4+ times since 18:24:48Z (T-3268))
2026-09-07T07:11:37Z decision=stop reason=terminated[stored@2026-09-03T18:24:48Z](T-3263 resolved (work-completed 2026-09-03); clearing stale human-gate latch that had cycled 4+ times since 18:24:48Z (T-3268))
2026-09-07T07:18:02Z decision=stop reason=terminated[stored@2026-09-03T18:24:48Z](T-3263 resolved (work-completed 2026-09-03); clearing stale human-gate latch that had cycled 4+ times since 18:24:48Z (T-3268))
2026-09-07T07:18:16Z decision=stop reason=terminated[stored@2026-09-03T18:24:48Z](T-3263 resolved (work-completed 2026-09-03); clearing stale human-gate latch that had cycled 4+ times since 18:24:48Z (T-3268))
2026-09-07T07:18:19Z decision=stop reason=terminated[stored@2026-09-03T18:24:48Z](T-3263 resolved (work-completed 2026-09-03); clearing stale human-gate latch that had cycled 4+ times since 18:24:48Z (T-3268))
2026-09-07T07:18:50Z decision=stop reason=terminated[stored@2026-09-03T18:24:48Z](T-3263 resolved (work-completed 2026-09-03); clearing stale human-gate latch that had cycled 4+ times since 18:24:48Z (T-3268))
2026-09-07T07:22:35Z decision=stop reason=terminated[stored@2026-09-03T18:24:48Z](T-3263 resolved (work-completed 2026-09-03); clearing stale human-gate latch that had cycled 4+ times since 18:24:48Z (T-3268))
2026-09-07T07:22:44Z decision=stop reason=terminated[stored@2026-09-03T18:24:48Z](T-3263 resolved (work-completed 2026-09-03); clearing stale human-gate latch that had cycled 4+ times since 18:24:48Z (T-3268))
2026-09-07T07:27:40Z decision=stop reason=terminated[stored@2026-09-03T18:24:48Z](T-3263 resolved (work-completed 2026-09-03); clearing stale human-gate latch that had cycled 4+ times since 18:24:48Z (T-3268))
2026-09-07T07:35:08Z decision=stop reason=terminated[stored@2026-09-03T18:24:48Z](T-3263 resolved (work-completed 2026-09-03); clearing stale human-gate latch that had cycled 4+ times since 18:24:48Z (T-3268))
2026-09-07T07:42:53Z decision=stop reason=terminated[stored@2026-09-03T18:24:48Z](T-3263 resolved (work-completed 2026-09-03); clearing stale human-gate latch that had cycled 4+ times since 18:24:48Z (T-3268))
2026-09-07T08:12:24Z decision=stop reason=terminated[stored@2026-09-03T18:24:48Z](T-3263 resolved (work-completed 2026-09-03); clearing stale human-gate latch that had cycled 4+ times since 18:24:48Z (T-3268))
2026-09-07T09:45:39Z decision=stop reason=terminated[stored@2026-09-03T18:24:48Z](T-3263 resolved (work-completed 2026-09-03); clearing stale human-gate latch that had cycled 4+ times since 18:24:48Z (T-3268))
2026-09-07T10:39:46Z decision=stop reason=terminated[stored@2026-09-03T18:24:48Z](T-3263 resolved (work-completed 2026-09-03); clearing stale human-gate latch that had cycled 4+ times since 18:24:48Z (T-3268))
2026-09-07T12:46:34Z decision=stop reason=terminated[stored@2026-09-03T18:24:48Z](T-3263 resolved (work-completed 2026-09-03); clearing stale human-gate latch that had cycled 4+ times since 18:24:48Z (T-3268))
2026-09-07T12:59:04Z decision=stop reason=terminated[stored@2026-09-03T18:24:48Z](T-3263 resolved (work-completed 2026-09-03); clearing stale human-gate latch that had cycled 4+ times since 18:24:48Z (T-3268))
2026-09-07T13:09:11Z decision=stop reason=terminated[stored@2026-09-03T18:24:48Z](T-3263 resolved (work-completed 2026-09-03); clearing stale human-gate latch that had cycled 4+ times since 18:24:48Z (T-3268))
2026-09-07T16:07:50Z decision=stop reason=terminated[stored@2026-09-03T18:24:48Z](T-3263 resolved (work-completed 2026-09-03); clearing stale human-gate latch that had cycled 4+ times since 18:24:48Z (T-3268))
2026-09-07T16:19:06Z decision=stop reason=terminated[stored@2026-09-03T18:24:48Z](T-3263 resolved (work-completed 2026-09-03); clearing stale human-gate latch that had cycled 4+ times since 18:24:48Z (T-3268))
2026-09-07T17:30:01Z decision=stop reason=terminated[stored@2026-09-03T18:24:48Z](T-3263 resolved (work-completed 2026-09-03); clearing stale human-gate latch that had cycled 4+ times since 18:24:48Z (T-3268))
2026-09-07T17:45:07Z decision=stop reason=terminated[stored@2026-09-03T18:24:48Z](T-3263 resolved (work-completed 2026-09-03); clearing stale human-gate latch that had cycled 4+ times since 18:24:48Z (T-3268))
2026-09-07T19:14:11Z decision=stop reason=terminated[stored@2026-09-03T18:24:48Z](T-3263 resolved (work-completed 2026-09-03); clearing stale human-gate latch that had cycled 4+ times since 18:24:48Z (T-3268))
2026-09-07T19:15:10Z decision=stop reason=terminated[stored@2026-09-03T18:24:48Z](T-3263 resolved (work-completed 2026-09-03); clearing stale human-gate latch that had cycled 4+ times since 18:24:48Z (T-3268))
2026-09-07T19:43:18Z decision=stop reason=terminated[stored@2026-09-03T18:24:48Z](T-3263 resolved (work-completed 2026-09-03); clearing stale human-gate latch that had cycled 4+ times since 18:24:48Z (T-3268))
2026-09-07T19:45:54Z decision=stop reason=terminated[stored@2026-09-03T18:24:48Z](T-3263 resolved (work-completed 2026-09-03); clearing stale human-gate latch that had cycled 4+ times since 18:24:48Z (T-3268))
2026-09-07T19:57:25Z decision=stop reason=terminated[stored@2026-09-03T18:24:48Z](T-3263 resolved (work-completed 2026-09-03); clearing stale human-gate latch that had cycled 4+ times since 18:24:48Z (T-3268))
2026-09-07T20:04:24Z decision=stop reason=terminated[stored@2026-09-03T18:24:48Z](T-3263 resolved (work-completed 2026-09-03); clearing stale human-gate latch that had cycled 4+ times since 18:24:48Z (T-3268))
2026-09-07T20:17:26Z decision=stop reason=terminated[stored@2026-09-03T18:24:48Z](T-3263 resolved (work-completed 2026-09-03); clearing stale human-gate latch that had cycled 4+ times since 18:24:48Z (T-3268))
2026-09-07T20:17:28Z decision=stop reason=terminated[stored@2026-09-03T18:24:48Z](T-3263 resolved (work-completed 2026-09-03); clearing stale human-gate latch that had cycled 4+ times since 18:24:48Z (T-3268))
2026-09-07T20:27:43Z decision=stop reason=terminated[stored@2026-09-03T18:24:48Z](T-3263 resolved (work-completed 2026-09-03); clearing stale human-gate latch that had cycled 4+ times since 18:24:48Z (T-3268))
2026-09-07T20:34:06Z decision=stop reason=terminated[stored@2026-09-03T18:24:48Z](T-3263 resolved (work-completed 2026-09-03); clearing stale human-gate latch that had cycled 4+ times since 18:24:48Z (T-3268))
2026-09-07T20:54:58Z decision=stop reason=terminated[stored@2026-09-03T18:24:48Z](T-3263 resolved (work-completed 2026-09-03); clearing stale human-gate latch that had cycled 4+ times since 18:24:48Z (T-3268))
2026-09-07T20:57:45Z decision=stop reason=terminated[stored@2026-09-03T18:24:48Z](T-3263 resolved (work-completed 2026-09-03); clearing stale human-gate latch that had cycled 4+ times since 18:24:48Z (T-3268))
2026-09-07T21:07:56Z decision=stop reason=terminated[stored@2026-09-03T18:24:48Z](T-3263 resolved (work-completed 2026-09-03); clearing stale human-gate latch that had cycled 4+ times since 18:24:48Z (T-3268))
2026-09-07T21:22:54Z decision=stop reason=terminated[stored@2026-09-03T18:24:48Z](T-3263 resolved (work-completed 2026-09-03); clearing stale human-gate latch that had cycled 4+ times since 18:24:48Z (T-3268))
2026-09-08T09:52:42Z decision=stop reason=terminated[stored@2026-09-03T18:24:48Z](T-3263 resolved (work-completed 2026-09-03); clearing stale human-gate latch that had cycled 4+ times since 18:24:48Z (T-3268))
2026-09-08T18:19:15Z decision=stop reason=terminated[stored@2026-09-03T18:24:48Z](T-3263 resolved (work-completed 2026-09-03); clearing stale human-gate latch that had cycled 4+ times since 18:24:48Z (T-3268))
2026-09-08T18:24:31Z decision=stop reason=terminated[stored@2026-09-03T18:24:48Z](T-3263 resolved (work-completed 2026-09-03); clearing stale human-gate latch that had cycled 4+ times since 18:24:48Z (T-3268))
2026-09-08T18:38:02Z decision=stop reason=terminated[stored@2026-09-03T18:24:48Z](T-3263 resolved (work-completed 2026-09-03); clearing stale human-gate latch that had cycled 4+ times since 18:24:48Z (T-3268))
2026-09-08T19:02:36Z decision=stop reason=terminated[stored@2026-09-03T18:24:48Z](T-3263 resolved (work-completed 2026-09-03); clearing stale human-gate latch that had cycled 4+ times since 18:24:48Z (T-3268))
2026-09-08T19:25:39Z decision=stop reason=terminated[stored@2026-09-03T18:24:48Z](T-3263 resolved (work-completed 2026-09-03); clearing stale human-gate latch that had cycled 4+ times since 18:24:48Z (T-3268))
2026-09-08T19:47:42Z decision=stop reason=terminated[stored@2026-09-03T18:24:48Z](T-3263 resolved (work-completed 2026-09-03); clearing stale human-gate latch that had cycled 4+ times since 18:24:48Z (T-3268))
2026-09-08T20:00:11Z decision=stop reason=terminated[stored@2026-09-03T18:24:48Z](T-3263 resolved (work-completed 2026-09-03); clearing stale human-gate latch that had cycled 4+ times since 18:24:48Z (T-3268))
2026-09-08T20:07:03Z decision=stop reason=terminated[stored@2026-09-03T18:24:48Z](T-3263 resolved (work-completed 2026-09-03); clearing stale human-gate latch that had cycled 4+ times since 18:24:48Z (T-3268))
2026-09-08T20:08:10Z decision=stop reason=terminated[stored@2026-09-03T18:24:48Z](T-3263 resolved (work-completed 2026-09-03); clearing stale human-gate latch that had cycled 4+ times since 18:24:48Z (T-3268))
2026-09-08T20:17:11Z decision=stop reason=terminated[stored@2026-09-03T18:24:48Z](T-3263 resolved (work-completed 2026-09-03); clearing stale human-gate latch that had cycled 4+ times since 18:24:48Z (T-3268))
2026-09-08T20:25:48Z decision=stop reason=terminated[stored@2026-09-03T18:24:48Z](T-3263 resolved (work-completed 2026-09-03); clearing stale human-gate latch that had cycled 4+ times since 18:24:48Z (T-3268))
2026-09-08T21:13:02Z decision=stop reason=terminated[stored@2026-09-03T18:24:48Z](T-3263 resolved (work-completed 2026-09-03); clearing stale human-gate latch that had cycled 4+ times since 18:24:48Z (T-3268))
2026-09-08T21:19:44Z decision=stop reason=terminated[stored@2026-09-03T18:24:48Z](T-3263 resolved (work-completed 2026-09-03); clearing stale human-gate latch that had cycled 4+ times since 18:24:48Z (T-3268))
2026-09-08T21:21:21Z decision=stop reason=terminated[stored@2026-09-03T18:24:48Z](T-3263 resolved (work-completed 2026-09-03); clearing stale human-gate latch that had cycled 4+ times since 18:24:48Z (T-3268))
2026-09-08T21:41:19Z decision=stop reason=terminated[stored@2026-09-03T18:24:48Z](T-3263 resolved (work-completed 2026-09-03); clearing stale human-gate latch that had cycled 4+ times since 18:24:48Z (T-3268))
2026-09-08T21:46:50Z decision=stop reason=terminated[stored@2026-09-03T18:24:48Z](T-3263 resolved (work-completed 2026-09-03); clearing stale human-gate latch that had cycled 4+ times since 18:24:48Z (T-3268))
2026-09-09T08:28:00Z decision=stop reason=terminated[stored@2026-09-03T18:24:48Z](T-3263 resolved (work-completed 2026-09-03); clearing stale human-gate latch that had cycled 4+ times since 18:24:48Z (T-3268))
2026-09-09T16:51:28Z decision=stop reason=terminated[stored@2026-09-03T18:24:48Z](T-3263 resolved (work-completed 2026-09-03); clearing stale human-gate latch that had cycled 4+ times since 18:24:48Z (T-3268))
2026-09-09T23:03:23Z decision=stop reason=terminated[stored@2026-09-03T18:24:48Z](T-3263 resolved (work-completed 2026-09-03); clearing stale human-gate latch that had cycled 4+ times since 18:24:48Z (T-3268))
2026-09-10T20:04:49Z decision=stop reason=terminated[stored@2026-09-03T18:24:48Z](T-3263 resolved (work-completed 2026-09-03); clearing stale human-gate latch that had cycled 4+ times since 18:24:48Z (T-3268))
2026-09-10T20:33:45Z decision=stop reason=terminated[stored@2026-09-03T18:24:48Z](T-3263 resolved (work-completed 2026-09-03); clearing stale human-gate latch that had cycled 4+ times since 18:24:48Z (T-3268))
2026-09-10T20:33:52Z decision=stop reason=terminated[stored@2026-09-03T18:24:48Z](T-3263 resolved (work-completed 2026-09-03); clearing stale human-gate latch that had cycled 4+ times since 18:24:48Z (T-3268))
2026-09-11T07:36:50Z decision=stop reason=terminated[stored@2026-09-03T18:24:48Z](T-3263 resolved (work-completed 2026-09-03); clearing stale human-gate latch that had cycled 4+ times since 18:24:48Z (T-3268))
2026-09-11T20:15:20Z decision=stop reason=terminated[stored@2026-09-03T18:24:48Z](T-3263 resolved (work-completed 2026-09-03); clearing stale human-gate latch that had cycled 4+ times since 18:24:48Z (T-3268))
2026-09-11T20:24:50Z decision=stop reason=terminated[stored@2026-09-03T18:24:48Z](T-3263 resolved (work-completed 2026-09-03); clearing stale human-gate latch that had cycled 4+ times since 18:24:48Z (T-3268))
2026-09-15T16:41:06Z decision=stop reason=terminated[stored@2026-09-03T18:24:48Z](T-3263 resolved (work-completed 2026-09-03); clearing stale human-gate latch that had cycled 4+ times since 18:24:48Z (T-3268))
2026-09-15T17:06:05Z decision=stop reason=terminated[stored@2026-09-03T18:24:48Z](T-3263 resolved (work-completed 2026-09-03); clearing stale human-gate latch that had cycled 4+ times since 18:24:48Z (T-3268))
2026-09-15T17:16:35Z decision=stop reason=terminated[stored@2026-09-03T18:24:48Z](T-3263 resolved (work-completed 2026-09-03); clearing stale human-gate latch that had cycled 4+ times since 18:24:48Z (T-3268))
2026-09-15T17:26:28Z decision=stop reason=terminated[stored@2026-09-03T18:24:48Z](T-3263 resolved (work-completed 2026-09-03); clearing stale human-gate latch that had cycled 4+ times since 18:24:48Z (T-3268))
2026-09-15T17:34:09Z decision=stop reason=terminated[stored@2026-09-03T18:24:48Z](T-3263 resolved (work-completed 2026-09-03); clearing stale human-gate latch that had cycled 4+ times since 18:24:48Z (T-3268))
2026-09-15T17:41:56Z decision=stop reason=terminated[stored@2026-09-03T18:24:48Z](T-3263 resolved (work-completed 2026-09-03); clearing stale human-gate latch that had cycled 4+ times since 18:24:48Z (T-3268))
2026-09-15T18:16:44Z decision=stop reason=terminated[stored@2026-09-03T18:24:48Z](T-3263 resolved (work-completed 2026-09-03); clearing stale human-gate latch that had cycled 4+ times since 18:24:48Z (T-3268))
2026-09-15T18:25:36Z decision=stop reason=terminated[stored@2026-09-03T18:24:48Z](T-3263 resolved (work-completed 2026-09-03); clearing stale human-gate latch that had cycled 4+ times since 18:24:48Z (T-3268))
2026-09-15T18:39:41Z decision=stop reason=terminated[stored@2026-09-03T18:24:48Z](T-3263 resolved (work-completed 2026-09-03); clearing stale human-gate latch that had cycled 4+ times since 18:24:48Z (T-3268))
2026-09-15T19:01:05Z decision=stop reason=terminated[stored@2026-09-03T18:24:48Z](T-3263 resolved (work-completed 2026-09-03); clearing stale human-gate latch that had cycled 4+ times since 18:24:48Z (T-3268))
2026-09-15T19:16:21Z decision=stop reason=terminated[stored@2026-09-03T18:24:48Z](T-3263 resolved (work-completed 2026-09-03); clearing stale human-gate latch that had cycled 4+ times since 18:24:48Z (T-3268))
2026-09-15T19:52:21Z decision=stop reason=terminated[stored@2026-09-03T18:24:48Z](T-3263 resolved (work-completed 2026-09-03); clearing stale human-gate latch that had cycled 4+ times since 18:24:48Z (T-3268))
2026-09-15T20:26:07Z decision=stop reason=terminated[stored@2026-09-03T18:24:48Z](T-3263 resolved (work-completed 2026-09-03); clearing stale human-gate latch that had cycled 4+ times since 18:24:48Z (T-3268))
2026-09-15T21:04:55Z decision=stop reason=terminated[stored@2026-09-03T18:24:48Z](T-3263 resolved (work-completed 2026-09-03); clearing stale human-gate latch that had cycled 4+ times since 18:24:48Z (T-3268))
2026-09-16T03:14:24Z decision=stop reason=terminated[stored@2026-09-03T18:24:48Z](T-3263 resolved (work-completed 2026-09-03); clearing stale human-gate latch that had cycled 4+ times since 18:24:48Z (T-3268))
2026-09-16T03:50:03Z decision=stop reason=terminated[stored@2026-09-03T18:24:48Z](T-3263 resolved (work-completed 2026-09-03); clearing stale human-gate latch that had cycled 4+ times since 18:24:48Z (T-3268))
2026-09-16T04:05:46Z decision=stop reason=terminated[stored@2026-09-03T18:24:48Z](T-3263 resolved (work-completed 2026-09-03); clearing stale human-gate latch that had cycled 4+ times since 18:24:48Z (T-3268))
2026-09-16T04:08:38Z decision=stop reason=terminated[stored@2026-09-03T18:24:48Z](T-3263 resolved (work-completed 2026-09-03); clearing stale human-gate latch that had cycled 4+ times since 18:24:48Z (T-3268))
2026-09-16T04:12:32Z decision=stop reason=terminated[stored@2026-09-03T18:24:48Z](T-3263 resolved (work-completed 2026-09-03); clearing stale human-gate latch that had cycled 4+ times since 18:24:48Z (T-3268))
2026-09-16T09:37:26Z decision=stop reason=terminated[stored@2026-09-03T18:24:48Z](T-3263 resolved (work-completed 2026-09-03); clearing stale human-gate latch that had cycled 4+ times since 18:24:48Z (T-3268))
2026-09-16T09:39:09Z decision=stop reason=terminated[stored@2026-09-03T18:24:48Z](T-3263 resolved (work-completed 2026-09-03); clearing stale human-gate latch that had cycled 4+ times since 18:24:48Z (T-3268))
2026-09-16T09:45:16Z decision=stop reason=terminated[stored@2026-09-03T18:24:48Z](T-3263 resolved (work-completed 2026-09-03); clearing stale human-gate latch that had cycled 4+ times since 18:24:48Z (T-3268))
2026-09-16T09:46:36Z decision=stop reason=terminated[stored@2026-09-03T18:24:48Z](T-3263 resolved (work-completed 2026-09-03); clearing stale human-gate latch that had cycled 4+ times since 18:24:48Z (T-3268))
2026-09-16T13:33:15Z decision=stop reason=terminated[stored@2026-09-03T18:24:48Z](T-3263 resolved (work-completed 2026-09-03); clearing stale human-gate latch that had cycled 4+ times since 18:24:48Z (T-3268))
2026-09-16T13:39:33Z decision=stop reason=terminated[stored@2026-09-03T18:24:48Z](T-3263 resolved (work-completed 2026-09-03); clearing stale human-gate latch that had cycled 4+ times since 18:24:48Z (T-3268))
2026-09-16T13:39:54Z decision=stop reason=terminated[stored@2026-09-03T18:24:48Z](T-3263 resolved (work-completed 2026-09-03); clearing stale human-gate latch that had cycled 4+ times since 18:24:48Z (T-3268))
2026-09-16T13:41:10Z decision=stop reason=terminated[stored@2026-09-03T18:24:48Z](T-3263 resolved (work-completed 2026-09-03); clearing stale human-gate latch that had cycled 4+ times since 18:24:48Z (T-3268))
2026-09-16T13:46:22Z decision=stop reason=terminated[stored@2026-09-03T18:24:48Z](T-3263 resolved (work-completed 2026-09-03); clearing stale human-gate latch that had cycled 4+ times since 18:24:48Z (T-3268))
2026-09-16T14:49:32Z decision=stop reason=terminated[stored@2026-09-03T18:24:48Z](T-3263 resolved (work-completed 2026-09-03); clearing stale human-gate latch that had cycled 4+ times since 18:24:48Z (T-3268))
2026-09-16T15:08:39Z decision=stop reason=terminated[stored@2026-09-03T18:24:48Z](T-3263 resolved (work-completed 2026-09-03); clearing stale human-gate latch that had cycled 4+ times since 18:24:48Z (T-3268))
2026-09-16T15:35:08Z decision=stop reason=terminated[stored@2026-09-03T18:24:48Z](T-3263 resolved (work-completed 2026-09-03); clearing stale human-gate latch that had cycled 4+ times since 18:24:48Z (T-3268))
2026-09-16T15:57:10Z decision=stop reason=terminated[stored@2026-09-03T18:24:48Z](T-3263 resolved (work-completed 2026-09-03); clearing stale human-gate latch that had cycled 4+ times since 18:24:48Z (T-3268))
2026-09-16T17:13:18Z decision=stop reason=terminated[stored@2026-09-03T18:24:48Z](T-3263 resolved (work-completed 2026-09-03); clearing stale human-gate latch that had cycled 4+ times since 18:24:48Z (T-3268))
2026-09-16T17:23:01Z decision=stop reason=terminated[stored@2026-09-03T18:24:48Z](T-3263 resolved (work-completed 2026-09-03); clearing stale human-gate latch that had cycled 4+ times since 18:24:48Z (T-3268))
2026-09-16T18:08:28Z decision=stop reason=terminated[stored@2026-09-03T18:24:48Z](T-3263 resolved (work-completed 2026-09-03); clearing stale human-gate latch that had cycled 4+ times since 18:24:48Z (T-3268))
2026-09-16T19:15:47Z decision=stop reason=terminated[stored@2026-09-03T18:24:48Z](T-3263 resolved (work-completed 2026-09-03); clearing stale human-gate latch that had cycled 4+ times since 18:24:48Z (T-3268))
2026-09-16T19:19:41Z decision=stop reason=terminated[stored@2026-09-03T18:24:48Z](T-3263 resolved (work-completed 2026-09-03); clearing stale human-gate latch that had cycled 4+ times since 18:24:48Z (T-3268))
2026-09-16T19:30:59Z decision=stop reason=terminated[stored@2026-09-03T18:24:48Z](T-3263 resolved (work-completed 2026-09-03); clearing stale human-gate latch that had cycled 4+ times since 18:24:48Z (T-3268))
2026-09-16T20:30:18Z decision=stop reason=terminated[stored@2026-09-03T18:24:48Z](T-3263 resolved (work-completed 2026-09-03); clearing stale human-gate latch that had cycled 4+ times since 18:24:48Z (T-3268))
2026-09-16T20:35:04Z decision=stop reason=terminated[stored@2026-09-03T18:24:48Z](T-3263 resolved (work-completed 2026-09-03); clearing stale human-gate latch that had cycled 4+ times since 18:24:48Z (T-3268))
2026-09-16T20:49:19Z decision=stop reason=terminated[stored@2026-09-03T18:24:48Z](T-3263 resolved (work-completed 2026-09-03); clearing stale human-gate latch that had cycled 4+ times since 18:24:48Z (T-3268))
2026-09-16T21:27:27Z decision=stop reason=terminated[stored@2026-09-03T18:24:48Z](T-3263 resolved (work-completed 2026-09-03); clearing stale human-gate latch that had cycled 4+ times since 18:24:48Z (T-3268))
2026-09-16T21:34:31Z decision=stop reason=terminated[stored@2026-09-03T18:24:48Z](T-3263 resolved (work-completed 2026-09-03); clearing stale human-gate latch that had cycled 4+ times since 18:24:48Z (T-3268))
2026-09-16T21:56:34Z decision=stop reason=terminated[stored@2026-09-03T18:24:48Z](T-3263 resolved (work-completed 2026-09-03); clearing stale human-gate latch that had cycled 4+ times since 18:24:48Z (T-3268))
2026-09-16T22:29:54Z decision=stop reason=terminated[stored@2026-09-03T18:24:48Z](T-3263 resolved (work-completed 2026-09-03); clearing stale human-gate latch that had cycled 4+ times since 18:24:48Z (T-3268))
2026-09-16T23:16:48Z decision=stop reason=terminated[stored@2026-09-03T18:24:48Z](T-3263 resolved (work-completed 2026-09-03); clearing stale human-gate latch that had cycled 4+ times since 18:24:48Z (T-3268))
2026-09-16T23:47:26Z decision=stop reason=terminated[stored@2026-09-03T18:24:48Z](T-3263 resolved (work-completed 2026-09-03); clearing stale human-gate latch that had cycled 4+ times since 18:24:48Z (T-3268))
2026-09-17T05:37:45Z decision=stop reason=terminated[stored@2026-09-03T18:24:48Z](T-3263 resolved (work-completed 2026-09-03); clearing stale human-gate latch that had cycled 4+ times since 18:24:48Z (T-3268))
2026-09-17T17:08:14Z decision=stop reason=terminated[stored@2026-09-03T18:24:48Z](T-3263 resolved (work-completed 2026-09-03); clearing stale human-gate latch that had cycled 4+ times since 18:24:48Z (T-3268))
2026-09-17T20:40:54Z decision=stop reason=terminated[stored@2026-09-03T18:24:48Z](T-3263 resolved (work-completed 2026-09-03); clearing stale human-gate latch that had cycled 4+ times since 18:24:48Z (T-3268))
2026-09-17T21:02:20Z decision=stop reason=terminated[stored@2026-09-03T18:24:48Z](T-3263 resolved (work-completed 2026-09-03); clearing stale human-gate latch that had cycled 4+ times since 18:24:48Z (T-3268))
2026-09-17T21:07:40Z decision=stop reason=terminated[stored@2026-09-03T18:24:48Z](T-3263 resolved (work-completed 2026-09-03); clearing stale human-gate latch that had cycled 4+ times since 18:24:48Z (T-3268))
2026-09-17T21:52:48Z decision=stop reason=terminated[stored@2026-09-03T18:24:48Z](T-3263 resolved (work-completed 2026-09-03); clearing stale human-gate latch that had cycled 4+ times since 18:24:48Z (T-3268))
2026-09-18T04:35:09Z decision=stop reason=terminated[stored@2026-09-03T18:24:48Z](T-3263 resolved (work-completed 2026-09-03); clearing stale human-gate latch that had cycled 4+ times since 18:24:48Z (T-3268))
2026-09-18T04:57:03Z decision=stop reason=terminated[stored@2026-09-03T18:24:48Z](T-3263 resolved (work-completed 2026-09-03); clearing stale human-gate latch that had cycled 4+ times since 18:24:48Z (T-3268))
2026-09-18T08:41:56Z decision=stop reason=terminated[stored@2026-09-03T18:24:48Z](T-3263 resolved (work-completed 2026-09-03); clearing stale human-gate latch that had cycled 4+ times since 18:24:48Z (T-3268))
2026-09-18T14:06:13Z decision=stop reason=terminated[stored@2026-09-03T18:24:48Z](T-3263 resolved (work-completed 2026-09-03); clearing stale human-gate latch that had cycled 4+ times since 18:24:48Z (T-3268))
2026-09-18T14:49:57Z decision=stop reason=terminated[stored@2026-09-03T18:24:48Z](T-3263 resolved (work-completed 2026-09-03); clearing stale human-gate latch that had cycled 4+ times since 18:24:48Z (T-3268))
2026-09-18T16:00:10Z decision=stop reason=terminated[stored@2026-09-03T18:24:48Z](T-3263 resolved (work-completed 2026-09-03); clearing stale human-gate latch that had cycled 4+ times since 18:24:48Z (T-3268))
2026-09-18T18:37:58Z decision=stop reason=terminated[stored@2026-09-03T18:24:48Z](T-3263 resolved (work-completed 2026-09-03); clearing stale human-gate latch that had cycled 4+ times since 18:24:48Z (T-3268))
2026-09-18T18:51:02Z decision=stop reason=terminated[stored@2026-09-03T18:24:48Z](T-3263 resolved (work-completed 2026-09-03); clearing stale human-gate latch that had cycled 4+ times since 18:24:48Z (T-3268))
2026-09-18T19:20:09Z decision=stop reason=terminated[stored@2026-09-03T18:24:48Z](T-3263 resolved (work-completed 2026-09-03); clearing stale human-gate latch that had cycled 4+ times since 18:24:48Z (T-3268))
2026-09-19T12:49:52Z decision=stop reason=terminated[stored@2026-09-03T18:24:48Z](T-3263 resolved (work-completed 2026-09-03); clearing stale human-gate latch that had cycled 4+ times since 18:24:48Z (T-3268))
2026-09-19T16:29:30Z decision=stop reason=terminated[stored@2026-09-03T18:24:48Z](T-3263 resolved (work-completed 2026-09-03); clearing stale human-gate latch that had cycled 4+ times since 18:24:48Z (T-3268))
2026-09-19T20:28:22Z decision=stop reason=terminated[stored@2026-09-03T18:24:48Z](T-3263 resolved (work-completed 2026-09-03); clearing stale human-gate latch that had cycled 4+ times since 18:24:48Z (T-3268))
2026-09-19T20:30:37Z decision=stop reason=terminated[stored@2026-09-03T18:24:48Z](T-3263 resolved (work-completed 2026-09-03); clearing stale human-gate latch that had cycled 4+ times since 18:24:48Z (T-3268))
2026-09-19T20:33:09Z decision=stop reason=terminated[stored@2026-09-03T18:24:48Z](T-3263 resolved (work-completed 2026-09-03); clearing stale human-gate latch that had cycled 4+ times since 18:24:48Z (T-3268))
2026-09-19T20:50:46Z decision=stop reason=terminated[stored@2026-09-03T18:24:48Z](T-3263 resolved (work-completed 2026-09-03); clearing stale human-gate latch that had cycled 4+ times since 18:24:48Z (T-3268))
2026-09-19T21:15:37Z decision=stop reason=terminated[stored@2026-09-03T18:24:48Z](T-3263 resolved (work-completed 2026-09-03); clearing stale human-gate latch that had cycled 4+ times since 18:24:48Z (T-3268))
2026-09-19T21:18:53Z decision=stop reason=terminated[stored@2026-09-03T18:24:48Z](T-3263 resolved (work-completed 2026-09-03); clearing stale human-gate latch that had cycled 4+ times since 18:24:48Z (T-3268))
2026-09-19T21:30:27Z decision=stop reason=terminated[stored@2026-09-03T18:24:48Z](T-3263 resolved (work-completed 2026-09-03); clearing stale human-gate latch that had cycled 4+ times since 18:24:48Z (T-3268))
2026-09-19T21:40:02Z decision=stop reason=terminated[stored@2026-09-03T18:24:48Z](T-3263 resolved (work-completed 2026-09-03); clearing stale human-gate latch that had cycled 4+ times since 18:24:48Z (T-3268))
2026-09-19T21:42:37Z decision=stop reason=terminated[stored@2026-09-03T18:24:48Z](T-3263 resolved (work-completed 2026-09-03); clearing stale human-gate latch that had cycled 4+ times since 18:24:48Z (T-3268))
2026-09-19T21:45:50Z decision=stop reason=terminated[stored@2026-09-03T18:24:48Z](T-3263 resolved (work-completed 2026-09-03); clearing stale human-gate latch that had cycled 4+ times since 18:24:48Z (T-3268))
2026-09-19T21:54:34Z decision=stop reason=terminated[stored@2026-09-03T18:24:48Z](T-3263 resolved (work-completed 2026-09-03); clearing stale human-gate latch that had cycled 4+ times since 18:24:48Z (T-3268))
2026-09-19T22:21:53Z decision=stop reason=terminated[stored@2026-09-03T18:24:48Z](T-3263 resolved (work-completed 2026-09-03); clearing stale human-gate latch that had cycled 4+ times since 18:24:48Z (T-3268))
2026-09-20T08:11:10Z decision=stop reason=terminated[stored@2026-09-03T18:24:48Z](T-3263 resolved (work-completed 2026-09-03); clearing stale human-gate latch that had cycled 4+ times since 18:24:48Z (T-3268))
2026-09-20T08:45:04Z decision=stop reason=terminated[stored@2026-09-03T18:24:48Z](T-3263 resolved (work-completed 2026-09-03); clearing stale human-gate latch that had cycled 4+ times since 18:24:48Z (T-3268))
2026-09-20T08:45:39Z decision=stop reason=terminated[stored@2026-09-03T18:24:48Z](T-3263 resolved (work-completed 2026-09-03); clearing stale human-gate latch that had cycled 4+ times since 18:24:48Z (T-3268))
2026-09-20T08:47:49Z decision=stop reason=terminated[stored@2026-09-03T18:24:48Z](T-3263 resolved (work-completed 2026-09-03); clearing stale human-gate latch that had cycled 4+ times since 18:24:48Z (T-3268))
2026-09-20T08:48:59Z decision=stop reason=terminated[stored@2026-09-03T18:24:48Z](T-3263 resolved (work-completed 2026-09-03); clearing stale human-gate latch that had cycled 4+ times since 18:24:48Z (T-3268))
2026-09-20T08:50:02Z decision=stop reason=terminated[stored@2026-09-03T18:24:48Z](T-3263 resolved (work-completed 2026-09-03); clearing stale human-gate latch that had cycled 4+ times since 18:24:48Z (T-3268))
2026-09-20T08:51:29Z decision=stop reason=terminated[stored@2026-09-03T18:24:48Z](T-3263 resolved (work-completed 2026-09-03); clearing stale human-gate latch that had cycled 4+ times since 18:24:48Z (T-3268))
2026-09-20T08:55:36Z decision=stop reason=terminated[stored@2026-09-03T18:24:48Z](T-3263 resolved (work-completed 2026-09-03); clearing stale human-gate latch that had cycled 4+ times since 18:24:48Z (T-3268))
2026-09-20T08:57:52Z decision=stop reason=terminated[stored@2026-09-03T18:24:48Z](T-3263 resolved (work-completed 2026-09-03); clearing stale human-gate latch that had cycled 4+ times since 18:24:48Z (T-3268))
2026-09-20T10:16:40Z decision=stop reason=terminated[stored@2026-09-03T18:24:48Z](T-3263 resolved (work-completed 2026-09-03); clearing stale human-gate latch that had cycled 4+ times since 18:24:48Z (T-3268))
2026-09-20T10:27:52Z decision=stop reason=terminated[stored@2026-09-03T18:24:48Z](T-3263 resolved (work-completed 2026-09-03); clearing stale human-gate latch that had cycled 4+ times since 18:24:48Z (T-3268))
2026-09-20T10:50:36Z decision=stop reason=terminated[stored@2026-09-03T18:24:48Z](T-3263 resolved (work-completed 2026-09-03); clearing stale human-gate latch that had cycled 4+ times since 18:24:48Z (T-3268))
2026-09-20T10:55:04Z decision=stop reason=terminated[stored@2026-09-03T18:24:48Z](T-3263 resolved (work-completed 2026-09-03); clearing stale human-gate latch that had cycled 4+ times since 18:24:48Z (T-3268))
2026-09-20T11:04:40Z decision=stop reason=terminated[stored@2026-09-03T18:24:48Z](T-3263 resolved (work-completed 2026-09-03); clearing stale human-gate latch that had cycled 4+ times since 18:24:48Z (T-3268))
2026-09-20T11:16:49Z decision=stop reason=terminated[stored@2026-09-03T18:24:48Z](T-3263 resolved (work-completed 2026-09-03); clearing stale human-gate latch that had cycled 4+ times since 18:24:48Z (T-3268))
2026-09-20T11:23:15Z decision=stop reason=terminated[stored@2026-09-03T18:24:48Z](T-3263 resolved (work-completed 2026-09-03); clearing stale human-gate latch that had cycled 4+ times since 18:24:48Z (T-3268))
2026-09-20T11:25:46Z decision=stop reason=terminated[stored@2026-09-03T18:24:48Z](T-3263 resolved (work-completed 2026-09-03); clearing stale human-gate latch that had cycled 4+ times since 18:24:48Z (T-3268))
2026-09-20T13:11:56Z decision=stop reason=terminated[stored@2026-09-03T18:24:48Z](T-3263 resolved (work-completed 2026-09-03); clearing stale human-gate latch that had cycled 4+ times since 18:24:48Z (T-3268))
2026-09-20T13:32:21Z decision=stop reason=terminated[stored@2026-09-03T18:24:48Z](T-3263 resolved (work-completed 2026-09-03); clearing stale human-gate latch that had cycled 4+ times since 18:24:48Z (T-3268))
2026-09-20T13:33:43Z decision=stop reason=terminated[stored@2026-09-03T18:24:48Z](T-3263 resolved (work-completed 2026-09-03); clearing stale human-gate latch that had cycled 4+ times since 18:24:48Z (T-3268))
2026-09-20T13:34:53Z decision=stop reason=terminated[stored@2026-09-03T18:24:48Z](T-3263 resolved (work-completed 2026-09-03); clearing stale human-gate latch that had cycled 4+ times since 18:24:48Z (T-3268))
2026-09-20T13:36:10Z decision=stop reason=terminated[stored@2026-09-03T18:24:48Z](T-3263 resolved (work-completed 2026-09-03); clearing stale human-gate latch that had cycled 4+ times since 18:24:48Z (T-3268))
2026-09-20T13:39:54Z decision=stop reason=terminated[stored@2026-09-03T18:24:48Z](T-3263 resolved (work-completed 2026-09-03); clearing stale human-gate latch that had cycled 4+ times since 18:24:48Z (T-3268))
2026-09-20T13:45:10Z decision=stop reason=terminated[stored@2026-09-03T18:24:48Z](T-3263 resolved (work-completed 2026-09-03); clearing stale human-gate latch that had cycled 4+ times since 18:24:48Z (T-3268))
2026-09-20T14:01:45Z decision=stop reason=terminated[stored@2026-09-03T18:24:48Z](T-3263 resolved (work-completed 2026-09-03); clearing stale human-gate latch that had cycled 4+ times since 18:24:48Z (T-3268))
2026-09-20T14:06:20Z decision=stop reason=terminated[stored@2026-09-03T18:24:48Z](T-3263 resolved (work-completed 2026-09-03); clearing stale human-gate latch that had cycled 4+ times since 18:24:48Z (T-3268))
2026-09-20T14:08:21Z decision=stop reason=terminated[stored@2026-09-03T18:24:48Z](T-3263 resolved (work-completed 2026-09-03); clearing stale human-gate latch that had cycled 4+ times since 18:24:48Z (T-3268))
2026-09-20T14:13:09Z decision=stop reason=terminated[stored@2026-09-03T18:24:48Z](T-3263 resolved (work-completed 2026-09-03); clearing stale human-gate latch that had cycled 4+ times since 18:24:48Z (T-3268))
2026-09-20T14:15:17Z decision=stop reason=terminated[stored@2026-09-03T18:24:48Z](T-3263 resolved (work-completed 2026-09-03); clearing stale human-gate latch that had cycled 4+ times since 18:24:48Z (T-3268))
2026-09-20T14:17:59Z decision=stop reason=terminated[stored@2026-09-03T18:24:48Z](T-3263 resolved (work-completed 2026-09-03); clearing stale human-gate latch that had cycled 4+ times since 18:24:48Z (T-3268))
2026-09-20T14:21:24Z decision=stop reason=terminated[stored@2026-09-03T18:24:48Z](T-3263 resolved (work-completed 2026-09-03); clearing stale human-gate latch that had cycled 4+ times since 18:24:48Z (T-3268))
2026-09-20T14:24:09Z decision=stop reason=terminated[stored@2026-09-03T18:24:48Z](T-3263 resolved (work-completed 2026-09-03); clearing stale human-gate latch that had cycled 4+ times since 18:24:48Z (T-3268))
2026-09-20T15:14:56Z decision=stop reason=terminated[stored@2026-09-03T18:24:48Z](T-3263 resolved (work-completed 2026-09-03); clearing stale human-gate latch that had cycled 4+ times since 18:24:48Z (T-3268))
2026-09-20T15:17:17Z decision=stop reason=terminated[stored@2026-09-03T18:24:48Z](T-3263 resolved (work-completed 2026-09-03); clearing stale human-gate latch that had cycled 4+ times since 18:24:48Z (T-3268))
2026-09-20T16:26:33Z decision=stop reason=terminated[stored@2026-09-03T18:24:48Z](T-3263 resolved (work-completed 2026-09-03); clearing stale human-gate latch that had cycled 4+ times since 18:24:48Z (T-3268))
2026-09-20T16:29:04Z decision=stop reason=terminated[stored@2026-09-03T18:24:48Z](T-3263 resolved (work-completed 2026-09-03); clearing stale human-gate latch that had cycled 4+ times since 18:24:48Z (T-3268))
2026-09-20T17:25:35Z decision=stop reason=terminated[stored@2026-09-03T18:24:48Z](T-3263 resolved (work-completed 2026-09-03); clearing stale human-gate latch that had cycled 4+ times since 18:24:48Z (T-3268))
2026-09-20T17:29:49Z decision=stop reason=terminated[stored@2026-09-03T18:24:48Z](T-3263 resolved (work-completed 2026-09-03); clearing stale human-gate latch that had cycled 4+ times since 18:24:48Z (T-3268))
2026-09-20T18:24:48Z decision=stop reason=terminated[stored@2026-09-03T18:24:48Z](T-3263 resolved (work-completed 2026-09-03); clearing stale human-gate latch that had cycled 4+ times since 18:24:48Z (T-3268))
2026-09-20T19:32:05Z decision=stop reason=terminated[stored@2026-09-03T18:24:48Z](T-3263 resolved (work-completed 2026-09-03); clearing stale human-gate latch that had cycled 4+ times since 18:24:48Z (T-3268))
2026-09-20T19:51:07Z decision=stop reason=terminated[stored@2026-09-03T18:24:48Z](T-3263 resolved (work-completed 2026-09-03); clearing stale human-gate latch that had cycled 4+ times since 18:24:48Z (T-3268))
2026-09-20T20:25:16Z decision=stop reason=terminated[stored@2026-09-03T18:24:48Z](T-3263 resolved (work-completed 2026-09-03); clearing stale human-gate latch that had cycled 4+ times since 18:24:48Z (T-3268))
2026-09-20T20:28:14Z decision=stop reason=terminated[stored@2026-09-03T18:24:48Z](T-3263 resolved (work-completed 2026-09-03); clearing stale human-gate latch that had cycled 4+ times since 18:24:48Z (T-3268))
2026-09-20T20:32:39Z decision=stop reason=terminated[stored@2026-09-03T18:24:48Z](T-3263 resolved (work-completed 2026-09-03); clearing stale human-gate latch that had cycled 4+ times since 18:24:48Z (T-3268))
2026-09-20T20:32:51Z decision=stop reason=terminated[stored@2026-09-03T18:24:48Z](T-3263 resolved (work-completed 2026-09-03); clearing stale human-gate latch that had cycled 4+ times since 18:24:48Z (T-3268))
2026-09-20T20:48:51Z decision=stop reason=terminated[stored@2026-09-03T18:24:48Z](T-3263 resolved (work-completed 2026-09-03); clearing stale human-gate latch that had cycled 4+ times since 18:24:48Z (T-3268))
2026-09-20T20:51:14Z decision=stop reason=terminated[stored@2026-09-03T18:24:48Z](T-3263 resolved (work-completed 2026-09-03); clearing stale human-gate latch that had cycled 4+ times since 18:24:48Z (T-3268))
2026-09-20T20:58:01Z decision=stop reason=terminated[stored@2026-09-03T18:24:48Z](T-3263 resolved (work-completed 2026-09-03); clearing stale human-gate latch that had cycled 4+ times since 18:24:48Z (T-3268))
2026-09-20T20:58:12Z decision=stop reason=terminated[stored@2026-09-03T18:24:48Z](T-3263 resolved (work-completed 2026-09-03); clearing stale human-gate latch that had cycled 4+ times since 18:24:48Z (T-3268))
2026-09-20T21:00:41Z decision=stop reason=terminated[stored@2026-09-03T18:24:48Z](T-3263 resolved (work-completed 2026-09-03); clearing stale human-gate latch that had cycled 4+ times since 18:24:48Z (T-3268))
2026-09-20T21:03:38Z decision=stop reason=terminated[stored@2026-09-03T18:24:48Z](T-3263 resolved (work-completed 2026-09-03); clearing stale human-gate latch that had cycled 4+ times since 18:24:48Z (T-3268))
2026-09-20T21:11:20Z decision=stop reason=terminated[stored@2026-09-03T18:24:48Z](T-3263 resolved (work-completed 2026-09-03); clearing stale human-gate latch that had cycled 4+ times since 18:24:48Z (T-3268))
2026-09-20T21:20:27Z decision=stop reason=terminated[stored@2026-09-03T18:24:48Z](T-3263 resolved (work-completed 2026-09-03); clearing stale human-gate latch that had cycled 4+ times since 18:24:48Z (T-3268))
2026-09-20T21:22:29Z decision=stop reason=terminated[stored@2026-09-03T18:24:48Z](T-3263 resolved (work-completed 2026-09-03); clearing stale human-gate latch that had cycled 4+ times since 18:24:48Z (T-3268))
2026-09-20T21:23:28Z decision=stop reason=terminated[stored@2026-09-03T18:24:48Z](T-3263 resolved (work-completed 2026-09-03); clearing stale human-gate latch that had cycled 4+ times since 18:24:48Z (T-3268))
2026-09-20T21:43:10Z decision=stop reason=terminated[stored@2026-09-03T18:24:48Z](T-3263 resolved (work-completed 2026-09-03); clearing stale human-gate latch that had cycled 4+ times since 18:24:48Z (T-3268))
2026-09-20T21:44:25Z decision=stop reason=terminated[stored@2026-09-03T18:24:48Z](T-3263 resolved (work-completed 2026-09-03); clearing stale human-gate latch that had cycled 4+ times since 18:24:48Z (T-3268))
2026-09-20T22:00:32Z decision=stop reason=terminated[stored@2026-09-03T18:24:48Z](T-3263 resolved (work-completed 2026-09-03); clearing stale human-gate latch that had cycled 4+ times since 18:24:48Z (T-3268))
2026-09-20T22:10:38Z decision=stop reason=terminated[stored@2026-09-03T18:24:48Z](T-3263 resolved (work-completed 2026-09-03); clearing stale human-gate latch that had cycled 4+ times since 18:24:48Z (T-3268))
2026-09-20T22:21:45Z decision=stop reason=terminated[stored@2026-09-03T18:24:48Z](T-3263 resolved (work-completed 2026-09-03); clearing stale human-gate latch that had cycled 4+ times since 18:24:48Z (T-3268))
2026-09-20T22:26:39Z decision=stop reason=terminated[stored@2026-09-03T18:24:48Z](T-3263 resolved (work-completed 2026-09-03); clearing stale human-gate latch that had cycled 4+ times since 18:24:48Z (T-3268))
2026-09-20T22:31:57Z decision=stop reason=terminated[stored@2026-09-03T18:24:48Z](T-3263 resolved (work-completed 2026-09-03); clearing stale human-gate latch that had cycled 4+ times since 18:24:48Z (T-3268))
2026-09-20T22:32:58Z decision=stop reason=terminated[stored@2026-09-03T18:24:48Z](T-3263 resolved (work-completed 2026-09-03); clearing stale human-gate latch that had cycled 4+ times since 18:24:48Z (T-3268))
2026-09-20T22:34:31Z decision=stop reason=terminated[stored@2026-09-03T18:24:48Z](T-3263 resolved (work-completed 2026-09-03); clearing stale human-gate latch that had cycled 4+ times since 18:24:48Z (T-3268))
2026-09-20T22:38:37Z decision=stop reason=terminated[stored@2026-09-03T18:24:48Z](T-3263 resolved (work-completed 2026-09-03); clearing stale human-gate latch that had cycled 4+ times since 18:24:48Z (T-3268))
2026-09-20T22:42:13Z decision=stop reason=terminated[stored@2026-09-03T18:24:48Z](T-3263 resolved (work-completed 2026-09-03); clearing stale human-gate latch that had cycled 4+ times since 18:24:48Z (T-3268))
2026-09-20T22:45:55Z decision=stop reason=terminated[stored@2026-09-03T18:24:48Z](T-3263 resolved (work-completed 2026-09-03); clearing stale human-gate latch that had cycled 4+ times since 18:24:48Z (T-3268))
2026-09-21T07:25:38Z decision=stop reason=terminated[stored@2026-09-03T18:24:48Z](T-3263 resolved (work-completed 2026-09-03); clearing stale human-gate latch that had cycled 4+ times since 18:24:48Z (T-3268))
2026-09-21T07:36:44Z decision=stop reason=terminated[stored@2026-09-03T18:24:48Z](T-3263 resolved (work-completed 2026-09-03); clearing stale human-gate latch that had cycled 4+ times since 18:24:48Z (T-3268))
2026-09-21T07:46:20Z decision=stop reason=terminated[stored@2026-09-03T18:24:48Z](T-3263 resolved (work-completed 2026-09-03); clearing stale human-gate latch that had cycled 4+ times since 18:24:48Z (T-3268))
2026-09-21T07:49:18Z decision=stop reason=terminated[stored@2026-09-03T18:24:48Z](T-3263 resolved (work-completed 2026-09-03); clearing stale human-gate latch that had cycled 4+ times since 18:24:48Z (T-3268))
2026-09-21T08:16:46Z decision=stop reason=terminated[stored@2026-09-03T18:24:48Z](T-3263 resolved (work-completed 2026-09-03); clearing stale human-gate latch that had cycled 4+ times since 18:24:48Z (T-3268))
2026-09-21T08:28:21Z decision=stop reason=terminated[stored@2026-09-03T18:24:48Z](T-3263 resolved (work-completed 2026-09-03); clearing stale human-gate latch that had cycled 4+ times since 18:24:48Z (T-3268))
2026-09-21T08:37:29Z decision=stop reason=terminated[stored@2026-09-03T18:24:48Z](T-3263 resolved (work-completed 2026-09-03); clearing stale human-gate latch that had cycled 4+ times since 18:24:48Z (T-3268))
2026-09-21T08:38:56Z decision=stop reason=terminated[stored@2026-09-03T18:24:48Z](T-3263 resolved (work-completed 2026-09-03); clearing stale human-gate latch that had cycled 4+ times since 18:24:48Z (T-3268))
2026-09-21T08:47:59Z decision=stop reason=terminated[stored@2026-09-03T18:24:48Z](T-3263 resolved (work-completed 2026-09-03); clearing stale human-gate latch that had cycled 4+ times since 18:24:48Z (T-3268))
2026-09-21T08:48:53Z decision=stop reason=terminated[stored@2026-09-03T18:24:48Z](T-3263 resolved (work-completed 2026-09-03); clearing stale human-gate latch that had cycled 4+ times since 18:24:48Z (T-3268))
2026-09-21T08:58:10Z decision=stop reason=terminated[stored@2026-09-03T18:24:48Z](T-3263 resolved (work-completed 2026-09-03); clearing stale human-gate latch that had cycled 4+ times since 18:24:48Z (T-3268))
2026-09-21T09:03:54Z decision=stop reason=terminated[stored@2026-09-03T18:24:48Z](T-3263 resolved (work-completed 2026-09-03); clearing stale human-gate latch that had cycled 4+ times since 18:24:48Z (T-3268))
2026-09-21T09:10:29Z decision=stop reason=terminated[stored@2026-09-03T18:24:48Z](T-3263 resolved (work-completed 2026-09-03); clearing stale human-gate latch that had cycled 4+ times since 18:24:48Z (T-3268))
2026-09-21T09:12:55Z decision=stop reason=terminated[stored@2026-09-03T18:24:48Z](T-3263 resolved (work-completed 2026-09-03); clearing stale human-gate latch that had cycled 4+ times since 18:24:48Z (T-3268))
2026-09-21T09:13:17Z decision=stop reason=terminated[stored@2026-09-03T18:24:48Z](T-3263 resolved (work-completed 2026-09-03); clearing stale human-gate latch that had cycled 4+ times since 18:24:48Z (T-3268))
2026-09-21T09:14:38Z decision=stop reason=terminated[stored@2026-09-03T18:24:48Z](T-3263 resolved (work-completed 2026-09-03); clearing stale human-gate latch that had cycled 4+ times since 18:24:48Z (T-3268))
2026-09-21T09:16:19Z decision=stop reason=terminated[stored@2026-09-03T18:24:48Z](T-3263 resolved (work-completed 2026-09-03); clearing stale human-gate latch that had cycled 4+ times since 18:24:48Z (T-3268))
2026-09-21T09:16:50Z decision=stop reason=terminated[stored@2026-09-03T18:24:48Z](T-3263 resolved (work-completed 2026-09-03); clearing stale human-gate latch that had cycled 4+ times since 18:24:48Z (T-3268))
2026-09-21T09:18:51Z decision=stop reason=terminated[stored@2026-09-03T18:24:48Z](T-3263 resolved (work-completed 2026-09-03); clearing stale human-gate latch that had cycled 4+ times since 18:24:48Z (T-3268))
2026-09-21T09:23:04Z decision=stop reason=terminated[stored@2026-09-03T18:24:48Z](T-3263 resolved (work-completed 2026-09-03); clearing stale human-gate latch that had cycled 4+ times since 18:24:48Z (T-3268))
2026-09-21T09:23:48Z decision=stop reason=terminated[stored@2026-09-03T18:24:48Z](T-3263 resolved (work-completed 2026-09-03); clearing stale human-gate latch that had cycled 4+ times since 18:24:48Z (T-3268))
2026-09-21T09:30:08Z decision=stop reason=terminated[stored@2026-09-03T18:24:48Z](T-3263 resolved (work-completed 2026-09-03); clearing stale human-gate latch that had cycled 4+ times since 18:24:48Z (T-3268))
2026-09-21T10:29:41Z decision=stop reason=terminated[stored@2026-09-03T18:24:48Z](T-3263 resolved (work-completed 2026-09-03); clearing stale human-gate latch that had cycled 4+ times since 18:24:48Z (T-3268))
2026-09-21T10:32:35Z decision=stop reason=terminated[stored@2026-09-03T18:24:48Z](T-3263 resolved (work-completed 2026-09-03); clearing stale human-gate latch that had cycled 4+ times since 18:24:48Z (T-3268))
2026-09-21T10:40:39Z decision=stop reason=terminated[stored@2026-09-03T18:24:48Z](T-3263 resolved (work-completed 2026-09-03); clearing stale human-gate latch that had cycled 4+ times since 18:24:48Z (T-3268))
2026-09-21T11:08:58Z decision=stop reason=terminated[stored@2026-09-03T18:24:48Z](T-3263 resolved (work-completed 2026-09-03); clearing stale human-gate latch that had cycled 4+ times since 18:24:48Z (T-3268))
2026-09-21T11:20:18Z decision=stop reason=terminated[stored@2026-09-03T18:24:48Z](T-3263 resolved (work-completed 2026-09-03); clearing stale human-gate latch that had cycled 4+ times since 18:24:48Z (T-3268))
2026-09-21T11:43:54Z decision=stop reason=terminated[stored@2026-09-03T18:24:48Z](T-3263 resolved (work-completed 2026-09-03); clearing stale human-gate latch that had cycled 4+ times since 18:24:48Z (T-3268))
2026-09-21T11:57:28Z decision=stop reason=terminated[stored@2026-09-03T18:24:48Z](T-3263 resolved (work-completed 2026-09-03); clearing stale human-gate latch that had cycled 4+ times since 18:24:48Z (T-3268))
2026-09-21T12:03:31Z decision=stop reason=terminated[stored@2026-09-03T18:24:48Z](T-3263 resolved (work-completed 2026-09-03); clearing stale human-gate latch that had cycled 4+ times since 18:24:48Z (T-3268))
2026-09-21T12:05:14Z decision=stop reason=terminated[stored@2026-09-03T18:24:48Z](T-3263 resolved (work-completed 2026-09-03); clearing stale human-gate latch that had cycled 4+ times since 18:24:48Z (T-3268))
2026-09-21T12:17:31Z decision=stop reason=terminated[stored@2026-09-03T18:24:48Z](T-3263 resolved (work-completed 2026-09-03); clearing stale human-gate latch that had cycled 4+ times since 18:24:48Z (T-3268))
2026-09-21T12:17:51Z decision=stop reason=terminated[stored@2026-09-03T18:24:48Z](T-3263 resolved (work-completed 2026-09-03); clearing stale human-gate latch that had cycled 4+ times since 18:24:48Z (T-3268))
2026-09-21T12:21:21Z decision=stop reason=terminated[stored@2026-09-03T18:24:48Z](T-3263 resolved (work-completed 2026-09-03); clearing stale human-gate latch that had cycled 4+ times since 18:24:48Z (T-3268))
2026-09-21T12:26:44Z decision=stop reason=terminated[stored@2026-09-03T18:24:48Z](T-3263 resolved (work-completed 2026-09-03); clearing stale human-gate latch that had cycled 4+ times since 18:24:48Z (T-3268))
2026-09-21T12:30:25Z decision=stop reason=terminated[stored@2026-09-03T18:24:48Z](T-3263 resolved (work-completed 2026-09-03); clearing stale human-gate latch that had cycled 4+ times since 18:24:48Z (T-3268))
2026-09-21T12:37:57Z decision=stop reason=terminated[stored@2026-09-03T18:24:48Z](T-3263 resolved (work-completed 2026-09-03); clearing stale human-gate latch that had cycled 4+ times since 18:24:48Z (T-3268))
2026-09-21T13:08:34Z decision=stop reason=terminated[stored@2026-09-03T18:24:48Z](T-3263 resolved (work-completed 2026-09-03); clearing stale human-gate latch that had cycled 4+ times since 18:24:48Z (T-3268))
2026-09-21T13:53:48Z decision=stop reason=terminated[stored@2026-09-03T18:24:48Z](T-3263 resolved (work-completed 2026-09-03); clearing stale human-gate latch that had cycled 4+ times since 18:24:48Z (T-3268))
2026-09-21T13:56:02Z decision=stop reason=terminated[stored@2026-09-03T18:24:48Z](T-3263 resolved (work-completed 2026-09-03); clearing stale human-gate latch that had cycled 4+ times since 18:24:48Z (T-3268))
2026-09-21T13:57:50Z decision=stop reason=terminated[stored@2026-09-03T18:24:48Z](T-3263 resolved (work-completed 2026-09-03); clearing stale human-gate latch that had cycled 4+ times since 18:24:48Z (T-3268))
2026-09-21T14:04:27Z decision=stop reason=terminated[stored@2026-09-03T18:24:48Z](T-3263 resolved (work-completed 2026-09-03); clearing stale human-gate latch that had cycled 4+ times since 18:24:48Z (T-3268))
2026-09-21T15:02:58Z decision=stop reason=terminated[stored@2026-09-03T18:24:48Z](T-3263 resolved (work-completed 2026-09-03); clearing stale human-gate latch that had cycled 4+ times since 18:24:48Z (T-3268))
2026-09-21T15:04:36Z decision=stop reason=terminated[stored@2026-09-03T18:24:48Z](T-3263 resolved (work-completed 2026-09-03); clearing stale human-gate latch that had cycled 4+ times since 18:24:48Z (T-3268))
2026-09-21T15:20:25Z decision=stop reason=terminated[stored@2026-09-03T18:24:48Z](T-3263 resolved (work-completed 2026-09-03); clearing stale human-gate latch that had cycled 4+ times since 18:24:48Z (T-3268))
2026-09-21T15:30:08Z decision=stop reason=terminated[stored@2026-09-03T18:24:48Z](T-3263 resolved (work-completed 2026-09-03); clearing stale human-gate latch that had cycled 4+ times since 18:24:48Z (T-3268))
2026-09-21T18:59:04Z decision=stop reason=terminated[stored@2026-09-03T18:24:48Z](T-3263 resolved (work-completed 2026-09-03); clearing stale human-gate latch that had cycled 4+ times since 18:24:48Z (T-3268))
2026-09-21T19:57:47Z decision=stop reason=terminated[stored@2026-09-03T18:24:48Z](T-3263 resolved (work-completed 2026-09-03); clearing stale human-gate latch that had cycled 4+ times since 18:24:48Z (T-3268))
2026-09-21T21:08:11Z decision=stop reason=terminated[stored@2026-09-03T18:24:48Z](T-3263 resolved (work-completed 2026-09-03); clearing stale human-gate latch that had cycled 4+ times since 18:24:48Z (T-3268))
2026-09-21T21:18:13Z decision=stop reason=terminated[stored@2026-09-03T18:24:48Z](T-3263 resolved (work-completed 2026-09-03); clearing stale human-gate latch that had cycled 4+ times since 18:24:48Z (T-3268))
2026-09-21T22:08:59Z decision=stop reason=terminated[stored@2026-09-03T18:24:48Z](T-3263 resolved (work-completed 2026-09-03); clearing stale human-gate latch that had cycled 4+ times since 18:24:48Z (T-3268))
2026-09-21T22:11:33Z decision=stop reason=terminated[stored@2026-09-03T18:24:48Z](T-3263 resolved (work-completed 2026-09-03); clearing stale human-gate latch that had cycled 4+ times since 18:24:48Z (T-3268))
2026-09-21T22:17:08Z decision=stop reason=terminated[stored@2026-09-03T18:24:48Z](T-3263 resolved (work-completed 2026-09-03); clearing stale human-gate latch that had cycled 4+ times since 18:24:48Z (T-3268))
2026-09-21T22:22:10Z decision=stop reason=terminated[stored@2026-09-03T18:24:48Z](T-3263 resolved (work-completed 2026-09-03); clearing stale human-gate latch that had cycled 4+ times since 18:24:48Z (T-3268))
2026-09-21T22:40:28Z decision=stop reason=terminated[stored@2026-09-03T18:24:48Z](T-3263 resolved (work-completed 2026-09-03); clearing stale human-gate latch that had cycled 4+ times since 18:24:48Z (T-3268))
2026-09-21T22:53:43Z decision=stop reason=terminated[stored@2026-09-03T18:24:48Z](T-3263 resolved (work-completed 2026-09-03); clearing stale human-gate latch that had cycled 4+ times since 18:24:48Z (T-3268))
2026-09-21T23:07:08Z decision=stop reason=terminated[stored@2026-09-03T18:24:48Z](T-3263 resolved (work-completed 2026-09-03); clearing stale human-gate latch that had cycled 4+ times since 18:24:48Z (T-3268))
2026-09-22T06:32:29Z decision=stop reason=terminated[stored@2026-09-03T18:24:48Z](T-3263 resolved (work-completed 2026-09-03); clearing stale human-gate latch that had cycled 4+ times since 18:24:48Z (T-3268))
2026-09-22T06:37:02Z decision=stop reason=terminated[stored@2026-09-03T18:24:48Z](T-3263 resolved (work-completed 2026-09-03); clearing stale human-gate latch that had cycled 4+ times since 18:24:48Z (T-3268))
2026-09-22T06:40:38Z decision=stop reason=terminated[stored@2026-09-03T18:24:48Z](T-3263 resolved (work-completed 2026-09-03); clearing stale human-gate latch that had cycled 4+ times since 18:24:48Z (T-3268))
2026-09-22T06:53:52Z decision=stop reason=terminated[stored@2026-09-03T18:24:48Z](T-3263 resolved (work-completed 2026-09-03); clearing stale human-gate latch that had cycled 4+ times since 18:24:48Z (T-3268))
2026-09-22T07:00:00Z decision=stop reason=terminated[stored@2026-09-03T18:24:48Z](T-3263 resolved (work-completed 2026-09-03); clearing stale human-gate latch that had cycled 4+ times since 18:24:48Z (T-3268))
2026-09-22T07:00:54Z decision=stop reason=terminated[stored@2026-09-03T18:24:48Z](T-3263 resolved (work-completed 2026-09-03); clearing stale human-gate latch that had cycled 4+ times since 18:24:48Z (T-3268))
2026-09-22T07:02:09Z decision=stop reason=terminated[stored@2026-09-03T18:24:48Z](T-3263 resolved (work-completed 2026-09-03); clearing stale human-gate latch that had cycled 4+ times since 18:24:48Z (T-3268))
2026-09-22T07:05:12Z decision=stop reason=terminated[stored@2026-09-03T18:24:48Z](T-3263 resolved (work-completed 2026-09-03); clearing stale human-gate latch that had cycled 4+ times since 18:24:48Z (T-3268))
2026-09-22T07:09:26Z decision=stop reason=terminated[stored@2026-09-03T18:24:48Z](T-3263 resolved (work-completed 2026-09-03); clearing stale human-gate latch that had cycled 4+ times since 18:24:48Z (T-3268))
2026-09-22T07:10:08Z decision=stop reason=terminated[stored@2026-09-03T18:24:48Z](T-3263 resolved (work-completed 2026-09-03); clearing stale human-gate latch that had cycled 4+ times since 18:24:48Z (T-3268))
2026-09-22T07:14:46Z decision=stop reason=terminated[stored@2026-09-03T18:24:48Z](T-3263 resolved (work-completed 2026-09-03); clearing stale human-gate latch that had cycled 4+ times since 18:24:48Z (T-3268))
2026-09-22T07:22:15Z decision=stop reason=terminated[stored@2026-09-03T18:24:48Z](T-3263 resolved (work-completed 2026-09-03); clearing stale human-gate latch that had cycled 4+ times since 18:24:48Z (T-3268))
2026-09-22T07:34:04Z decision=stop reason=terminated[stored@2026-09-03T18:24:48Z](T-3263 resolved (work-completed 2026-09-03); clearing stale human-gate latch that had cycled 4+ times since 18:24:48Z (T-3268))
2026-09-22T07:44:38Z decision=stop reason=terminated[stored@2026-09-03T18:24:48Z](T-3263 resolved (work-completed 2026-09-03); clearing stale human-gate latch that had cycled 4+ times since 18:24:48Z (T-3268))
2026-09-22T07:52:49Z decision=stop reason=terminated[stored@2026-09-03T18:24:48Z](T-3263 resolved (work-completed 2026-09-03); clearing stale human-gate latch that had cycled 4+ times since 18:24:48Z (T-3268))
2026-09-22T07:53:55Z decision=stop reason=terminated[stored@2026-09-03T18:24:48Z](T-3263 resolved (work-completed 2026-09-03); clearing stale human-gate latch that had cycled 4+ times since 18:24:48Z (T-3268))
2026-09-22T07:57:58Z decision=stop reason=terminated[stored@2026-09-03T18:24:48Z](T-3263 resolved (work-completed 2026-09-03); clearing stale human-gate latch that had cycled 4+ times since 18:24:48Z (T-3268))
2026-09-22T07:58:23Z decision=stop reason=terminated[stored@2026-09-03T18:24:48Z](T-3263 resolved (work-completed 2026-09-03); clearing stale human-gate latch that had cycled 4+ times since 18:24:48Z (T-3268))
2026-09-22T08:05:18Z decision=stop reason=terminated[stored@2026-09-03T18:24:48Z](T-3263 resolved (work-completed 2026-09-03); clearing stale human-gate latch that had cycled 4+ times since 18:24:48Z (T-3268))
2026-09-22T08:09:18Z decision=stop reason=terminated[stored@2026-09-03T18:24:48Z](T-3263 resolved (work-completed 2026-09-03); clearing stale human-gate latch that had cycled 4+ times since 18:24:48Z (T-3268))
2026-09-22T08:12:10Z decision=stop reason=terminated[stored@2026-09-03T18:24:48Z](T-3263 resolved (work-completed 2026-09-03); clearing stale human-gate latch that had cycled 4+ times since 18:24:48Z (T-3268))
2026-09-22T08:17:32Z decision=stop reason=terminated[stored@2026-09-03T18:24:48Z](T-3263 resolved (work-completed 2026-09-03); clearing stale human-gate latch that had cycled 4+ times since 18:24:48Z (T-3268))
2026-09-22T08:24:15Z decision=stop reason=terminated[stored@2026-09-03T18:24:48Z](T-3263 resolved (work-completed 2026-09-03); clearing stale human-gate latch that had cycled 4+ times since 18:24:48Z (T-3268))
2026-09-22T08:37:15Z decision=stop reason=terminated[stored@2026-09-03T18:24:48Z](T-3263 resolved (work-completed 2026-09-03); clearing stale human-gate latch that had cycled 4+ times since 18:24:48Z (T-3268))
2026-09-22T08:37:18Z decision=stop reason=terminated[stored@2026-09-03T18:24:48Z](T-3263 resolved (work-completed 2026-09-03); clearing stale human-gate latch that had cycled 4+ times since 18:24:48Z (T-3268))
2026-09-22T08:46:26Z decision=stop reason=terminated[stored@2026-09-03T18:24:48Z](T-3263 resolved (work-completed 2026-09-03); clearing stale human-gate latch that had cycled 4+ times since 18:24:48Z (T-3268))
2026-09-22T08:47:15Z decision=stop reason=terminated[stored@2026-09-03T18:24:48Z](T-3263 resolved (work-completed 2026-09-03); clearing stale human-gate latch that had cycled 4+ times since 18:24:48Z (T-3268))
2026-09-22T08:48:26Z decision=stop reason=terminated[stored@2026-09-03T18:24:48Z](T-3263 resolved (work-completed 2026-09-03); clearing stale human-gate latch that had cycled 4+ times since 18:24:48Z (T-3268))
2026-09-22T08:50:34Z decision=stop reason=terminated[stored@2026-09-03T18:24:48Z](T-3263 resolved (work-completed 2026-09-03); clearing stale human-gate latch that had cycled 4+ times since 18:24:48Z (T-3268))
2026-09-22T08:53:30Z decision=stop reason=terminated[stored@2026-09-03T18:24:48Z](T-3263 resolved (work-completed 2026-09-03); clearing stale human-gate latch that had cycled 4+ times since 18:24:48Z (T-3268))
2026-09-22T08:54:54Z decision=stop reason=terminated[stored@2026-09-03T18:24:48Z](T-3263 resolved (work-completed 2026-09-03); clearing stale human-gate latch that had cycled 4+ times since 18:24:48Z (T-3268))
2026-09-22T08:57:11Z decision=stop reason=terminated[stored@2026-09-03T18:24:48Z](T-3263 resolved (work-completed 2026-09-03); clearing stale human-gate latch that had cycled 4+ times since 18:24:48Z (T-3268))
2026-09-22T08:58:27Z decision=stop reason=terminated[stored@2026-09-03T18:24:48Z](T-3263 resolved (work-completed 2026-09-03); clearing stale human-gate latch that had cycled 4+ times since 18:24:48Z (T-3268))
2026-09-22T09:06:23Z decision=stop reason=terminated[stored@2026-09-03T18:24:48Z](T-3263 resolved (work-completed 2026-09-03); clearing stale human-gate latch that had cycled 4+ times since 18:24:48Z (T-3268))
2026-09-22T09:07:10Z decision=stop reason=terminated[stored@2026-09-03T18:24:48Z](T-3263 resolved (work-completed 2026-09-03); clearing stale human-gate latch that had cycled 4+ times since 18:24:48Z (T-3268))
2026-09-22T09:10:56Z decision=stop reason=terminated[stored@2026-09-03T18:24:48Z](T-3263 resolved (work-completed 2026-09-03); clearing stale human-gate latch that had cycled 4+ times since 18:24:48Z (T-3268))
2026-09-22T09:22:39Z decision=stop reason=terminated[stored@2026-09-03T18:24:48Z](T-3263 resolved (work-completed 2026-09-03); clearing stale human-gate latch that had cycled 4+ times since 18:24:48Z (T-3268))
2026-09-22T09:28:34Z decision=stop reason=terminated[stored@2026-09-03T18:24:48Z](T-3263 resolved (work-completed 2026-09-03); clearing stale human-gate latch that had cycled 4+ times since 18:24:48Z (T-3268))
2026-09-22T09:32:09Z decision=stop reason=terminated[stored@2026-09-03T18:24:48Z](T-3263 resolved (work-completed 2026-09-03); clearing stale human-gate latch that had cycled 4+ times since 18:24:48Z (T-3268))
2026-09-22T09:36:59Z decision=stop reason=terminated[stored@2026-09-03T18:24:48Z](T-3263 resolved (work-completed 2026-09-03); clearing stale human-gate latch that had cycled 4+ times since 18:24:48Z (T-3268))
2026-09-22T10:00:19Z decision=stop reason=terminated[stored@2026-09-03T18:24:48Z](T-3263 resolved (work-completed 2026-09-03); clearing stale human-gate latch that had cycled 4+ times since 18:24:48Z (T-3268))
2026-09-22T10:06:04Z decision=stop reason=terminated[stored@2026-09-03T18:24:48Z](T-3263 resolved (work-completed 2026-09-03); clearing stale human-gate latch that had cycled 4+ times since 18:24:48Z (T-3268))
2026-09-22T10:17:12Z decision=stop reason=terminated[stored@2026-09-03T18:24:48Z](T-3263 resolved (work-completed 2026-09-03); clearing stale human-gate latch that had cycled 4+ times since 18:24:48Z (T-3268))
2026-09-22T10:29:30Z decision=stop reason=terminated[stored@2026-09-03T18:24:48Z](T-3263 resolved (work-completed 2026-09-03); clearing stale human-gate latch that had cycled 4+ times since 18:24:48Z (T-3268))
2026-09-22T10:36:07Z decision=stop reason=terminated[stored@2026-09-03T18:24:48Z](T-3263 resolved (work-completed 2026-09-03); clearing stale human-gate latch that had cycled 4+ times since 18:24:48Z (T-3268))
2026-09-22T10:37:13Z decision=stop reason=terminated[stored@2026-09-03T18:24:48Z](T-3263 resolved (work-completed 2026-09-03); clearing stale human-gate latch that had cycled 4+ times since 18:24:48Z (T-3268))
2026-09-22T10:41:43Z decision=stop reason=terminated[stored@2026-09-03T18:24:48Z](T-3263 resolved (work-completed 2026-09-03); clearing stale human-gate latch that had cycled 4+ times since 18:24:48Z (T-3268))
2026-09-22T10:50:58Z decision=stop reason=terminated[stored@2026-09-03T18:24:48Z](T-3263 resolved (work-completed 2026-09-03); clearing stale human-gate latch that had cycled 4+ times since 18:24:48Z (T-3268))
2026-09-22T11:45:58Z decision=stop reason=terminated[stored@2026-09-03T18:24:48Z](T-3263 resolved (work-completed 2026-09-03); clearing stale human-gate latch that had cycled 4+ times since 18:24:48Z (T-3268))
2026-09-22T11:50:24Z decision=stop reason=terminated[stored@2026-09-03T18:24:48Z](T-3263 resolved (work-completed 2026-09-03); clearing stale human-gate latch that had cycled 4+ times since 18:24:48Z (T-3268))
2026-09-22T11:56:52Z decision=stop reason=terminated[stored@2026-09-03T18:24:48Z](T-3263 resolved (work-completed 2026-09-03); clearing stale human-gate latch that had cycled 4+ times since 18:24:48Z (T-3268))
2026-09-22T12:01:43Z decision=stop reason=terminated[stored@2026-09-03T18:24:48Z](T-3263 resolved (work-completed 2026-09-03); clearing stale human-gate latch that had cycled 4+ times since 18:24:48Z (T-3268))
2026-09-22T12:02:12Z decision=stop reason=terminated[stored@2026-09-03T18:24:48Z](T-3263 resolved (work-completed 2026-09-03); clearing stale human-gate latch that had cycled 4+ times since 18:24:48Z (T-3268))
2026-09-22T12:05:02Z decision=stop reason=terminated[stored@2026-09-03T18:24:48Z](T-3263 resolved (work-completed 2026-09-03); clearing stale human-gate latch that had cycled 4+ times since 18:24:48Z (T-3268))
2026-09-22T12:10:34Z decision=stop reason=terminated[stored@2026-09-03T18:24:48Z](T-3263 resolved (work-completed 2026-09-03); clearing stale human-gate latch that had cycled 4+ times since 18:24:48Z (T-3268))
2026-09-22T12:17:12Z decision=stop reason=terminated[stored@2026-09-03T18:24:48Z](T-3263 resolved (work-completed 2026-09-03); clearing stale human-gate latch that had cycled 4+ times since 18:24:48Z (T-3268))
2026-09-22T12:19:02Z decision=stop reason=terminated[stored@2026-09-03T18:24:48Z](T-3263 resolved (work-completed 2026-09-03); clearing stale human-gate latch that had cycled 4+ times since 18:24:48Z (T-3268))
2026-09-22T12:23:46Z decision=stop reason=terminated[stored@2026-09-03T18:24:48Z](T-3263 resolved (work-completed 2026-09-03); clearing stale human-gate latch that had cycled 4+ times since 18:24:48Z (T-3268))
2026-09-22T12:27:37Z decision=stop reason=terminated[stored@2026-09-03T18:24:48Z](T-3263 resolved (work-completed 2026-09-03); clearing stale human-gate latch that had cycled 4+ times since 18:24:48Z (T-3268))
2026-09-22T12:36:25Z decision=stop reason=terminated[stored@2026-09-03T18:24:48Z](T-3263 resolved (work-completed 2026-09-03); clearing stale human-gate latch that had cycled 4+ times since 18:24:48Z (T-3268))
2026-09-22T12:36:58Z decision=stop reason=terminated[stored@2026-09-03T18:24:48Z](T-3263 resolved (work-completed 2026-09-03); clearing stale human-gate latch that had cycled 4+ times since 18:24:48Z (T-3268))
2026-09-22T12:37:03Z decision=stop reason=terminated[stored@2026-09-03T18:24:48Z](T-3263 resolved (work-completed 2026-09-03); clearing stale human-gate latch that had cycled 4+ times since 18:24:48Z (T-3268))
2026-09-22T12:38:28Z decision=stop reason=terminated[stored@2026-09-03T18:24:48Z](T-3263 resolved (work-completed 2026-09-03); clearing stale human-gate latch that had cycled 4+ times since 18:24:48Z (T-3268))
2026-09-22T12:40:49Z decision=stop reason=terminated[stored@2026-09-03T18:24:48Z](T-3263 resolved (work-completed 2026-09-03); clearing stale human-gate latch that had cycled 4+ times since 18:24:48Z (T-3268))
2026-09-22T12:45:57Z decision=stop reason=terminated[stored@2026-09-03T18:24:48Z](T-3263 resolved (work-completed 2026-09-03); clearing stale human-gate latch that had cycled 4+ times since 18:24:48Z (T-3268))
2026-09-22T12:50:50Z decision=stop reason=terminated[stored@2026-09-03T18:24:48Z](T-3263 resolved (work-completed 2026-09-03); clearing stale human-gate latch that had cycled 4+ times since 18:24:48Z (T-3268))
2026-09-22T12:55:55Z decision=stop reason=terminated[stored@2026-09-03T18:24:48Z](T-3263 resolved (work-completed 2026-09-03); clearing stale human-gate latch that had cycled 4+ times since 18:24:48Z (T-3268))
2026-09-22T13:01:32Z decision=stop reason=terminated[stored@2026-09-03T18:24:48Z](T-3263 resolved (work-completed 2026-09-03); clearing stale human-gate latch that had cycled 4+ times since 18:24:48Z (T-3268))
2026-09-22T13:32:32Z decision=stop reason=terminated[stored@2026-09-03T18:24:48Z](T-3263 resolved (work-completed 2026-09-03); clearing stale human-gate latch that had cycled 4+ times since 18:24:48Z (T-3268))
2026-09-22T13:33:32Z decision=stop reason=terminated[stored@2026-09-03T18:24:48Z](T-3263 resolved (work-completed 2026-09-03); clearing stale human-gate latch that had cycled 4+ times since 18:24:48Z (T-3268))
2026-09-22T13:34:50Z decision=stop reason=terminated[stored@2026-09-03T18:24:48Z](T-3263 resolved (work-completed 2026-09-03); clearing stale human-gate latch that had cycled 4+ times since 18:24:48Z (T-3268))
2026-09-22T13:36:46Z decision=stop reason=terminated[stored@2026-09-03T18:24:48Z](T-3263 resolved (work-completed 2026-09-03); clearing stale human-gate latch that had cycled 4+ times since 18:24:48Z (T-3268))
2026-09-22T13:44:14Z decision=stop reason=terminated[stored@2026-09-03T18:24:48Z](T-3263 resolved (work-completed 2026-09-03); clearing stale human-gate latch that had cycled 4+ times since 18:24:48Z (T-3268))
2026-09-22T13:46:32Z decision=stop reason=terminated[stored@2026-09-03T18:24:48Z](T-3263 resolved (work-completed 2026-09-03); clearing stale human-gate latch that had cycled 4+ times since 18:24:48Z (T-3268))
2026-09-22T13:47:13Z decision=stop reason=terminated[stored@2026-09-03T18:24:48Z](T-3263 resolved (work-completed 2026-09-03); clearing stale human-gate latch that had cycled 4+ times since 18:24:48Z (T-3268))
2026-09-22T13:48:01Z decision=stop reason=terminated[stored@2026-09-03T18:24:48Z](T-3263 resolved (work-completed 2026-09-03); clearing stale human-gate latch that had cycled 4+ times since 18:24:48Z (T-3268))
2026-09-22T14:04:01Z decision=stop reason=terminated[stored@2026-09-03T18:24:48Z](T-3263 resolved (work-completed 2026-09-03); clearing stale human-gate latch that had cycled 4+ times since 18:24:48Z (T-3268))
2026-09-22T14:08:50Z decision=stop reason=terminated[stored@2026-09-03T18:24:48Z](T-3263 resolved (work-completed 2026-09-03); clearing stale human-gate latch that had cycled 4+ times since 18:24:48Z (T-3268))
2026-09-22T15:09:25Z decision=stop reason=terminated[stored@2026-09-03T18:24:48Z](T-3263 resolved (work-completed 2026-09-03); clearing stale human-gate latch that had cycled 4+ times since 18:24:48Z (T-3268))
2026-09-22T15:58:54Z decision=stop reason=terminated[stored@2026-09-03T18:24:48Z](T-3263 resolved (work-completed 2026-09-03); clearing stale human-gate latch that had cycled 4+ times since 18:24:48Z (T-3268))
2026-09-22T15:59:08Z decision=stop reason=terminated[stored@2026-09-03T18:24:48Z](T-3263 resolved (work-completed 2026-09-03); clearing stale human-gate latch that had cycled 4+ times since 18:24:48Z (T-3268))
2026-09-22T15:59:15Z decision=stop reason=terminated[stored@2026-09-03T18:24:48Z](T-3263 resolved (work-completed 2026-09-03); clearing stale human-gate latch that had cycled 4+ times since 18:24:48Z (T-3268))
2026-09-22T16:15:04Z decision=stop reason=terminated[stored@2026-09-03T18:24:48Z](T-3263 resolved (work-completed 2026-09-03); clearing stale human-gate latch that had cycled 4+ times since 18:24:48Z (T-3268))
2026-09-22T16:16:43Z decision=stop reason=terminated[stored@2026-09-03T18:24:48Z](T-3263 resolved (work-completed 2026-09-03); clearing stale human-gate latch that had cycled 4+ times since 18:24:48Z (T-3268))
2026-09-22T16:28:03Z decision=stop reason=terminated[stored@2026-09-03T18:24:48Z](T-3263 resolved (work-completed 2026-09-03); clearing stale human-gate latch that had cycled 4+ times since 18:24:48Z (T-3268))
2026-09-22T16:44:34Z decision=stop reason=terminated[stored@2026-09-03T18:24:48Z](T-3263 resolved (work-completed 2026-09-03); clearing stale human-gate latch that had cycled 4+ times since 18:24:48Z (T-3268))
2026-09-22T16:45:47Z decision=stop reason=terminated[stored@2026-09-03T18:24:48Z](T-3263 resolved (work-completed 2026-09-03); clearing stale human-gate latch that had cycled 4+ times since 18:24:48Z (T-3268))
2026-09-22T17:10:09Z decision=stop reason=terminated[stored@2026-09-03T18:24:48Z](T-3263 resolved (work-completed 2026-09-03); clearing stale human-gate latch that had cycled 4+ times since 18:24:48Z (T-3268))
2026-09-22T17:58:29Z decision=stop reason=terminated[stored@2026-09-03T18:24:48Z](T-3263 resolved (work-completed 2026-09-03); clearing stale human-gate latch that had cycled 4+ times since 18:24:48Z (T-3268))
2026-09-22T17:59:26Z decision=stop reason=terminated[stored@2026-09-03T18:24:48Z](T-3263 resolved (work-completed 2026-09-03); clearing stale human-gate latch that had cycled 4+ times since 18:24:48Z (T-3268))
2026-09-22T18:16:38Z decision=stop reason=terminated[stored@2026-09-03T18:24:48Z](T-3263 resolved (work-completed 2026-09-03); clearing stale human-gate latch that had cycled 4+ times since 18:24:48Z (T-3268))
2026-09-22T18:19:42Z decision=stop reason=terminated[stored@2026-09-03T18:24:48Z](T-3263 resolved (work-completed 2026-09-03); clearing stale human-gate latch that had cycled 4+ times since 18:24:48Z (T-3268))
2026-09-22T18:28:11Z decision=stop reason=terminated[stored@2026-09-03T18:24:48Z](T-3263 resolved (work-completed 2026-09-03); clearing stale human-gate latch that had cycled 4+ times since 18:24:48Z (T-3268))
2026-09-22T18:31:45Z decision=stop reason=terminated[stored@2026-09-03T18:24:48Z](T-3263 resolved (work-completed 2026-09-03); clearing stale human-gate latch that had cycled 4+ times since 18:24:48Z (T-3268))
2026-09-22T19:20:46Z decision=stop reason=terminated[stored@2026-09-03T18:24:48Z](T-3263 resolved (work-completed 2026-09-03); clearing stale human-gate latch that had cycled 4+ times since 18:24:48Z (T-3268))
2026-09-22T19:55:39Z decision=stop reason=terminated[stored@2026-09-03T18:24:48Z](T-3263 resolved (work-completed 2026-09-03); clearing stale human-gate latch that had cycled 4+ times since 18:24:48Z (T-3268))
2026-09-22T20:52:18Z decision=stop reason=terminated[stored@2026-09-03T18:24:48Z](T-3263 resolved (work-completed 2026-09-03); clearing stale human-gate latch that had cycled 4+ times since 18:24:48Z (T-3268))
2026-09-22T20:56:16Z decision=stop reason=terminated[stored@2026-09-03T18:24:48Z](T-3263 resolved (work-completed 2026-09-03); clearing stale human-gate latch that had cycled 4+ times since 18:24:48Z (T-3268))
2026-09-22T21:35:09Z decision=stop reason=terminated[stored@2026-09-03T18:24:48Z](T-3263 resolved (work-completed 2026-09-03); clearing stale human-gate latch that had cycled 4+ times since 18:24:48Z (T-3268))
2026-09-22T21:45:44Z decision=stop reason=terminated[stored@2026-09-03T18:24:48Z](T-3263 resolved (work-completed 2026-09-03); clearing stale human-gate latch that had cycled 4+ times since 18:24:48Z (T-3268))
2026-09-22T22:15:25Z decision=stop reason=terminated[stored@2026-09-03T18:24:48Z](T-3263 resolved (work-completed 2026-09-03); clearing stale human-gate latch that had cycled 4+ times since 18:24:48Z (T-3268))
2026-09-23T06:40:57Z decision=stop reason=terminated[stored@2026-09-03T18:24:48Z](T-3263 resolved (work-completed 2026-09-03); clearing stale human-gate latch that had cycled 4+ times since 18:24:48Z (T-3268))
2026-09-23T06:49:18Z decision=stop reason=terminated[stored@2026-09-03T18:24:48Z](T-3263 resolved (work-completed 2026-09-03); clearing stale human-gate latch that had cycled 4+ times since 18:24:48Z (T-3268))
2026-09-23T11:54:43Z decision=stop reason=terminated[stored@2026-09-03T18:24:48Z](T-3263 resolved (work-completed 2026-09-03); clearing stale human-gate latch that had cycled 4+ times since 18:24:48Z (T-3268))
2026-09-23T12:11:41Z decision=stop reason=terminated[stored@2026-09-03T18:24:48Z](T-3263 resolved (work-completed 2026-09-03); clearing stale human-gate latch that had cycled 4+ times since 18:24:48Z (T-3268))
2026-09-23T16:57:37Z decision=stop reason=terminated[stored@2026-09-03T18:24:48Z](T-3263 resolved (work-completed 2026-09-03); clearing stale human-gate latch that had cycled 4+ times since 18:24:48Z (T-3268))
2026-09-23T17:04:14Z decision=stop reason=terminated[stored@2026-09-03T18:24:48Z](T-3263 resolved (work-completed 2026-09-03); clearing stale human-gate latch that had cycled 4+ times since 18:24:48Z (T-3268))
2026-09-23T17:13:07Z decision=stop reason=terminated[stored@2026-09-03T18:24:48Z](T-3263 resolved (work-completed 2026-09-03); clearing stale human-gate latch that had cycled 4+ times since 18:24:48Z (T-3268))
2026-09-23T17:20:04Z decision=stop reason=terminated[stored@2026-09-03T18:24:48Z](T-3263 resolved (work-completed 2026-09-03); clearing stale human-gate latch that had cycled 4+ times since 18:24:48Z (T-3268))
2026-09-23T17:29:31Z decision=stop reason=terminated[stored@2026-09-03T18:24:48Z](T-3263 resolved (work-completed 2026-09-03); clearing stale human-gate latch that had cycled 4+ times since 18:24:48Z (T-3268))
2026-09-23T17:34:23Z decision=stop reason=terminated[stored@2026-09-03T18:24:48Z](T-3263 resolved (work-completed 2026-09-03); clearing stale human-gate latch that had cycled 4+ times since 18:24:48Z (T-3268))
2026-09-23T17:37:31Z decision=stop reason=terminated[stored@2026-09-03T18:24:48Z](T-3263 resolved (work-completed 2026-09-03); clearing stale human-gate latch that had cycled 4+ times since 18:24:48Z (T-3268))
2026-09-23T18:16:43Z decision=stop reason=terminated[stored@2026-09-03T18:24:48Z](T-3263 resolved (work-completed 2026-09-03); clearing stale human-gate latch that had cycled 4+ times since 18:24:48Z (T-3268))
2026-09-24T14:21:29Z decision=stop reason=terminated[stored@2026-09-03T18:24:48Z](T-3263 resolved (work-completed 2026-09-03); clearing stale human-gate latch that had cycled 4+ times since 18:24:48Z (T-3268))
2026-09-24T15:33:06Z decision=stop reason=terminated[stored@2026-09-03T18:24:48Z](T-3263 resolved (work-completed 2026-09-03); clearing stale human-gate latch that had cycled 4+ times since 18:24:48Z (T-3268))
2026-09-24T16:04:30Z decision=stop reason=terminated[stored@2026-09-03T18:24:48Z](T-3263 resolved (work-completed 2026-09-03); clearing stale human-gate latch that had cycled 4+ times since 18:24:48Z (T-3268))
2026-09-24T17:25:03Z decision=stop reason=terminated[stored@2026-09-03T18:24:48Z](T-3263 resolved (work-completed 2026-09-03); clearing stale human-gate latch that had cycled 4+ times since 18:24:48Z (T-3268))
2026-09-24T18:10:59Z decision=stop reason=terminated[stored@2026-09-03T18:24:48Z](T-3263 resolved (work-completed 2026-09-03); clearing stale human-gate latch that had cycled 4+ times since 18:24:48Z (T-3268))
2026-09-24T18:31:41Z decision=stop reason=terminated[stored@2026-09-03T18:24:48Z](T-3263 resolved (work-completed 2026-09-03); clearing stale human-gate latch that had cycled 4+ times since 18:24:48Z (T-3268))
2026-09-24T19:14:21Z decision=stop reason=terminated[stored@2026-09-03T18:24:48Z](T-3263 resolved (work-completed 2026-09-03); clearing stale human-gate latch that had cycled 4+ times since 18:24:48Z (T-3268))
2026-09-24T19:18:24Z decision=stop reason=terminated[stored@2026-09-03T18:24:48Z](T-3263 resolved (work-completed 2026-09-03); clearing stale human-gate latch that had cycled 4+ times since 18:24:48Z (T-3268))
2026-09-24T19:25:10Z decision=stop reason=terminated[stored@2026-09-03T18:24:48Z](T-3263 resolved (work-completed 2026-09-03); clearing stale human-gate latch that had cycled 4+ times since 18:24:48Z (T-3268))
2026-09-24T19:29:25Z decision=stop reason=terminated[stored@2026-09-03T18:24:48Z](T-3263 resolved (work-completed 2026-09-03); clearing stale human-gate latch that had cycled 4+ times since 18:24:48Z (T-3268))
2026-09-24T19:38:00Z decision=stop reason=terminated[stored@2026-09-03T18:24:48Z](T-3263 resolved (work-completed 2026-09-03); clearing stale human-gate latch that had cycled 4+ times since 18:24:48Z (T-3268))
2026-09-24T19:42:02Z decision=stop reason=terminated[stored@2026-09-03T18:24:48Z](T-3263 resolved (work-completed 2026-09-03); clearing stale human-gate latch that had cycled 4+ times since 18:24:48Z (T-3268))
2026-09-24T20:08:08Z decision=stop reason=terminated[stored@2026-09-03T18:24:48Z](T-3263 resolved (work-completed 2026-09-03); clearing stale human-gate latch that had cycled 4+ times since 18:24:48Z (T-3268))
2026-09-24T20:16:20Z decision=stop reason=terminated[stored@2026-09-03T18:24:48Z](T-3263 resolved (work-completed 2026-09-03); clearing stale human-gate latch that had cycled 4+ times since 18:24:48Z (T-3268))
2026-09-24T20:29:18Z decision=stop reason=terminated[stored@2026-09-03T18:24:48Z](T-3263 resolved (work-completed 2026-09-03); clearing stale human-gate latch that had cycled 4+ times since 18:24:48Z (T-3268))
2026-09-24T20:34:39Z decision=stop reason=terminated[stored@2026-09-03T18:24:48Z](T-3263 resolved (work-completed 2026-09-03); clearing stale human-gate latch that had cycled 4+ times since 18:24:48Z (T-3268))
2026-09-24T20:46:58Z decision=stop reason=terminated[stored@2026-09-03T18:24:48Z](T-3263 resolved (work-completed 2026-09-03); clearing stale human-gate latch that had cycled 4+ times since 18:24:48Z (T-3268))
2026-09-24T21:04:01Z decision=stop reason=terminated[stored@2026-09-03T18:24:48Z](T-3263 resolved (work-completed 2026-09-03); clearing stale human-gate latch that had cycled 4+ times since 18:24:48Z (T-3268))
2026-09-24T21:20:47Z decision=stop reason=terminated[stored@2026-09-03T18:24:48Z](T-3263 resolved (work-completed 2026-09-03); clearing stale human-gate latch that had cycled 4+ times since 18:24:48Z (T-3268))
2026-09-24T21:25:39Z decision=stop reason=terminated[stored@2026-09-03T18:24:48Z](T-3263 resolved (work-completed 2026-09-03); clearing stale human-gate latch that had cycled 4+ times since 18:24:48Z (T-3268))
2026-09-24T21:48:52Z decision=stop reason=terminated[stored@2026-09-03T18:24:48Z](T-3263 resolved (work-completed 2026-09-03); clearing stale human-gate latch that had cycled 4+ times since 18:24:48Z (T-3268))
2026-09-24T23:17:40Z decision=stop reason=terminated[stored@2026-09-03T18:24:48Z](T-3263 resolved (work-completed 2026-09-03); clearing stale human-gate latch that had cycled 4+ times since 18:24:48Z (T-3268))
2026-09-25T05:52:11Z decision=stop reason=terminated[stored@2026-09-03T18:24:48Z](T-3263 resolved (work-completed 2026-09-03); clearing stale human-gate latch that had cycled 4+ times since 18:24:48Z (T-3268))
2026-09-25T06:20:48Z decision=stop reason=terminated[stored@2026-09-03T18:24:48Z](T-3263 resolved (work-completed 2026-09-03); clearing stale human-gate latch that had cycled 4+ times since 18:24:48Z (T-3268))
2026-09-25T06:49:16Z decision=stop reason=terminated[stored@2026-09-03T18:24:48Z](T-3263 resolved (work-completed 2026-09-03); clearing stale human-gate latch that had cycled 4+ times since 18:24:48Z (T-3268))
2026-09-25T08:11:22Z decision=stop reason=terminated[stored@2026-09-03T18:24:48Z](T-3263 resolved (work-completed 2026-09-03); clearing stale human-gate latch that had cycled 4+ times since 18:24:48Z (T-3268))
2026-09-25T08:14:08Z decision=stop reason=terminated[stored@2026-09-03T18:24:48Z](T-3263 resolved (work-completed 2026-09-03); clearing stale human-gate latch that had cycled 4+ times since 18:24:48Z (T-3268))
2026-09-25T08:28:53Z decision=stop reason=terminated[stored@2026-09-03T18:24:48Z](T-3263 resolved (work-completed 2026-09-03); clearing stale human-gate latch that had cycled 4+ times since 18:24:48Z (T-3268))
2026-09-25T08:46:58Z decision=stop reason=terminated[stored@2026-09-03T18:24:48Z](T-3263 resolved (work-completed 2026-09-03); clearing stale human-gate latch that had cycled 4+ times since 18:24:48Z (T-3268))
2026-09-25T09:23:02Z decision=stop reason=terminated[stored@2026-09-03T18:24:48Z](T-3263 resolved (work-completed 2026-09-03); clearing stale human-gate latch that had cycled 4+ times since 18:24:48Z (T-3268))
2026-09-25T09:34:55Z decision=stop reason=terminated[stored@2026-09-03T18:24:48Z](T-3263 resolved (work-completed 2026-09-03); clearing stale human-gate latch that had cycled 4+ times since 18:24:48Z (T-3268))
2026-09-25T09:43:03Z decision=stop reason=terminated[stored@2026-09-03T18:24:48Z](T-3263 resolved (work-completed 2026-09-03); clearing stale human-gate latch that had cycled 4+ times since 18:24:48Z (T-3268))
