........................................................................ [  7%]
........................................................................ [ 15%]
........................................................................ [ 23%]
........................................................................ [ 31%]
........................................................................ [ 39%]
........................FF................F............F..ss......F..... [ 47%]
.F...................................................................... [ 55%]
....FF.................................................................. [ 63%]
...F.......s.....FFFFFFFFFFFFFFFFFFFFFFFFFFFFFFFFFFFF...FFFFFFFFFFFFFFFF [ 71%]
FFFFFFFFFFFFFFFFFFFFFFFFFFFFFFFFFFFFFFFFFFFFFFFFFFFFFFFFFFFFFFFFFFFFFFFF [ 79%]
FFFFFFFFFFFFFFFFFF.....F.FFFFFFFFFFFFFFFFFFFFFFFFFFFFFFFFFFFFFFFFFFFFFFF [ 87%]
FFFFFFFFFFFFFFFFFFFFFFFFFFFFFFFFFFFFFFFFFFFFFFFFFFFFFFFFFFFFFFFFFFFFFFFF [ 95%]
FFFFFFFFFFFFFFFFFFFFFFFFFFFFFFFFFFFFFFF                                  [100%]
=================================== FAILURES ===================================
________________________ test_arc_review_no_form_fields ________________________

page = <Page url='http://localhost:3099/arcs/value-prioritisation/review'>
base_url = 'http://localhost:3099'

    def test_arc_review_no_form_fields(page, base_url):
        """Read-only — no <form>, no <input>, no <textarea> on the page."""
        page.goto(f"{base_url}/arcs/value-prioritisation/review", wait_until="domcontentloaded")
        main = page.locator("main, body").first
        assert main.locator('form').count() == 0, "review page must not contain any <form>"
        # Some shared shell elements might contain CSRF meta tags, so we don't ban <input>
        # globally — only ban editable types that suggest a form fragment.
        for editable_type in ("text", "textarea", "checkbox", "radio"):
            if editable_type == "textarea":
                assert main.locator("textarea").count() == 0
            else:
>               assert main.locator(f'input[type="{editable_type}"]').count() == 0, (
                    f"review page must not contain an editable input of type {editable_type!r}"
                )
E               AssertionError: review page must not contain an editable input of type 'text'
E               assert 1 == 0
E                +  where 1 = count()
E                +    where count = <Locator frame=<Frame name= url='http://localhost:3099/arcs/value-prioritisation/review'> selector='main, body >> nth=0 >> input[type="text"]'>.count
E                +      where <Locator frame=<Frame name= url='http://localhost:3099/arcs/value-prioritisation/review'> selector='main, body >> nth=0 >> input[type="text"]'> = locator('input[type="text"]')
E                +        where locator = <Locator frame=<Frame name= url='http://localhost:3099/arcs/value-prioritisation/review'> selector='main, body >> nth=0'>.locator

tests/playwright/test_arc_review_route.py:48: AssertionError
___________ test_arc_review_renders_for_closed_arc_without_redirect ____________

page = <Page url='http://localhost:3099/arcs/dispatch-safety/review'>
base_url = 'http://localhost:3099'

    def test_arc_review_renders_for_closed_arc_without_redirect(page, base_url):
        """dispatch-safety is closed — page must still render (no 302), with closed notice."""
        response = page.goto(
            f"{base_url}/arcs/dispatch-safety/review",
            wait_until="domcontentloaded",
        )
        assert response is not None and response.status == 200, (
            f"closed arc /review must NOT redirect; got status {response.status if response else None}"
        )
        expect(page.locator(".arc-review-hdr")).to_be_visible()
        body_text = (page.locator("body").text_content() or "").lower()
>       assert "closed" in body_text, "closed arc page should mention closed status"
E       AssertionError: closed arc page should mention closed status
E       assert 'closed' in "\n\n    \n    \n        \n            \n                watchtower\n            \n\n            \n                \n ...rage.setitem('wt-theme', next);\n            wtupdatethemeicons();\n        }\n        wtupdatethemeicons();\n    \n\n"

tests/playwright/test_arc_review_route.py:64: AssertionError
__________________ test_arcs_link_lives_under_work_nav_group ___________________

page = <Page url='http://localhost:3099/arcs'>
base_url = 'http://localhost:3099'

    def test_arcs_link_lives_under_work_nav_group(page, base_url):
        """Regression test for T-1904: /arcs was previously under Architecture;
        user expected it under Work. The nav <details> for 'Work' must contain
        an <a href='/arcs'>; the 'Architecture' <details> must not."""
        page.goto(f"{base_url}/arcs", wait_until="domcontentloaded")
        work_group = page.locator("li details:has(summary:text-is('Work'))")
>       expect(work_group).to_have_count(1)
E       AssertionError: Locator expected to have count '1'
E       Actual value: 0 
E       Call log:
E         - Expect "to_have_count" with timeout 5000ms
E         - waiting for locator("li details:has(summary:text-is('Work'))")
E           9 × locator resolved to 0 elements
E             - unexpected value "0"

tests/playwright/test_arcs_kanban.py:87: AssertionError
_________ TestBadgeContrast.test_arc_detail_badge_contrast[.badge-ok] __________

self = <test_badge_contrast.TestBadgeContrast object at 0x78f3c2459460>
page = <Page url='http://localhost:3099/arcs/arc-006'>, cls = '.badge-ok'

    @pytest.mark.parametrize("cls", TARGET_CLASSES)
    def test_arc_detail_badge_contrast(self, page: Page, cls: str):
        page.goto(f"{TEST_URL}/arcs/arc-006")
        page.wait_for_load_state("domcontentloaded")
        result = page.evaluate(CONTRAST_PROBE, cls)
        if result["count"] == 0:
            pytest.skip(f"No {cls} present on /arcs/arc-006 in current fixture")
>       assert result["contrast"] >= WCAG_AA, (
            f"{cls} on /arcs/arc-006 — contrast {result['contrast']:.2f} "
            f"below WCAG AA {WCAG_AA}. fg={result['fg']} bg={result['bg']} "
            f"sample={result['sample']!r}"
        )
E       AssertionError: .badge-ok on /arcs/arc-006 — contrast 4.09 below WCAG AA 4.5. fg=rgb(255, 255, 255) bg=rgb(90, 138, 58) sample='work-completed'
E       assert 4.092593099954754 >= 4.5

tests/playwright/test_badge_contrast.py:70: AssertionError
_____________ TestBulkActions.test_listeners_survive_content_swap ______________

self = <test_bulk_actions.TestBulkActions object at 0x78f3c245a060>
page = <Page url='http://localhost:3099/tasks?view=list'>

    def test_listeners_survive_content_swap(self, page: Page):
        _goto_tasks(page)
        page.locator(CARD_CB).nth(0).check()
        expect(page.locator(BAR)).to_be_visible()
        # htmx #content swap to the list view — selection resets, listeners must persist
        page.locator("a[href='/tasks?view=list']").first.click()
        page.wait_for_timeout(400)
>       expect(page.locator(BAR)).to_be_hidden()
E       AssertionError: Locator expected to be hidden
E       Actual value: visible 
E       Call log:
E         - Expect "to_be_hidden" with timeout 5000ms
E         - waiting for locator("#wt-bulk-bar")
E           5 × locator resolved to <div role="region" id="wt-bulk-bar" class="wt-bulk-bar" aria-hidden="false" aria-label="Bulk actions">…</div>
E             - unexpected value "visible"

tests/playwright/test_bulk_actions.py:60: AssertionError
____________________ test_add_form_submit_keeps_user_on_bvp ____________________

page = <Page url='http://localhost:3099/bvp'>
base_url = 'http://localhost:3099'

    def test_add_form_submit_keeps_user_on_bvp(page, base_url):
        """The exact failure mode T-2079 closes: pressing Submit on the add-driver
        form must not navigate the browser to the JSON API URL.
    
        We populate the form fields with a unique driver name and submit; the URL
        must remain on /bvp throughout. Whether the backend actually adds the
        driver is asserted elsewhere (commit-weights tests, CLI fw bvp tests) —
        here we care only that the URL stays put.
        """
        page.goto(f"{base_url}/bvp", wait_until="domcontentloaded")
        expect(page.locator("#bvp-driver-add-form")).to_be_visible()
    
        # Disable the after-request reload so the test sees the post-submit URL
        # cleanly — the production reload would itself stay on /bvp but reloads
        # add timing noise that masks regressions if the navigation IS broken.
        page.evaluate(
            """
            const f = document.getElementById('bvp-driver-add-form');
            f.removeAttribute('hx-on::after-request');
            f.removeAttribute('hx-on:htmx:after-request');
            """
        )
    
        page.fill("#da-name", "t2079probe")
        page.fill(
            "#da-rationale",
            "T-2079 Playwright guard — verifying form submit does not navigate URL away from /bvp.",
        )
        # Submit and wait for the htmx response to land in the target div.
        page.click("#da-submit-btn")
>       page.wait_for_selector("#da-result span", timeout=5000)

tests/playwright/test_bvp_form_htmx.py:115: 
_ _ _ _ _ _ _ _ _ _ _ _ _ _ _ _ _ _ _ _ _ _ _ _ _ _ _ _ _ _ _ _ _ _ _ _ _ _ _ _ 
/usr/local/lib/python3.12/dist-packages/playwright/sync_api/_generated.py:8182: in wait_for_selector
    self._sync(
/usr/local/lib/python3.12/dist-packages/playwright/_impl/_page.py:423: in wait_for_selector
    return await self._main_frame.wait_for_selector(**locals_to_params(locals()))
           ^^^^^^^^^^^^^^^^^^^^^^^^^^^^^^^^^^^^^^^^^^^^^^^^^^^^^^^^^^^^^^^^^^^^^^
/usr/local/lib/python3.12/dist-packages/playwright/_impl/_frame.py:369: in wait_for_selector
    await self._channel.send(
/usr/local/lib/python3.12/dist-packages/playwright/_impl/_connection.py:69: in send
    return await self._connection.wrap_api_call(
_ _ _ _ _ _ _ _ _ _ _ _ _ _ _ _ _ _ _ _ _ _ _ _ _ _ _ _ _ _ _ _ _ _ _ _ _ _ _ _ 

self = <playwright._impl._connection.Connection object at 0x78f3c2093800>
cb = <function Channel.send.<locals>.<lambda> at 0x78f3c0e51260>
is_internal = False, title = None

    async def wrap_api_call(
        self, cb: Callable[[], Any], is_internal: bool = False, title: str = None
    ) -> Any:
        if self._api_zone.get():
            return await cb()
        task = asyncio.current_task(self._loop)
        st: List[inspect.FrameInfo] = getattr(
            task, "__pw_stack__", None
        ) or inspect.stack(0)
    
        parsed_st = _extract_stack_trace_information_from_stack(st, is_internal, title)
        self._api_zone.set(parsed_st)
        try:
            return await cb()
        except Exception as error:
>           raise rewrite_error(error, f"{parsed_st['apiName']}: {error}") from None
E           playwright._impl._errors.TimeoutError: Page.wait_for_selector: Timeout 5000ms exceeded.
E           Call log:
E             - waiting for locator("#da-result span") to be visible

/usr/local/lib/python3.12/dist-packages/playwright/_impl/_connection.py:558: TimeoutError
_ TestCrossSurfaceRecommendationParity.test_recommendation_block_renders_on_review_surface _

self = <test_cross_surface_parity.TestCrossSurfaceRecommendationParity object at 0x78f3c22f0860>
page = <Page url='chrome-error://chromewebdata/'>
base_url = 'http://localhost:3099'

    def test_recommendation_block_renders_on_review_surface(self, page: Page, base_url):
        """`/review/T-XXX` shows GO recommendation card with data-verdict (T-1575)."""
>       page.goto(_url(base_url, f"/review/{TASK_WITH_BOTH_BLOCKS}"))

tests/playwright/test_cross_surface_parity.py:171: 
_ _ _ _ _ _ _ _ _ _ _ _ _ _ _ _ _ _ _ _ _ _ _ _ _ _ _ _ _ _ _ _ _ _ _ _ _ _ _ _ 
/usr/local/lib/python3.12/dist-packages/playwright/sync_api/_generated.py:9019: in goto
    self._sync(
/usr/local/lib/python3.12/dist-packages/playwright/_impl/_page.py:556: in goto
    return await self._main_frame.goto(**locals_to_params(locals()))
           ^^^^^^^^^^^^^^^^^^^^^^^^^^^^^^^^^^^^^^^^^^^^^^^^^^^^^^^^^
/usr/local/lib/python3.12/dist-packages/playwright/_impl/_frame.py:153: in goto
    await self._channel.send(
/usr/local/lib/python3.12/dist-packages/playwright/_impl/_connection.py:69: in send
    return await self._connection.wrap_api_call(
_ _ _ _ _ _ _ _ _ _ _ _ _ _ _ _ _ _ _ _ _ _ _ _ _ _ _ _ _ _ _ _ _ _ _ _ _ _ _ _ 

self = <playwright._impl._connection.Connection object at 0x78f3c2093800>
cb = <function Channel.send.<locals>.<lambda> at 0x78f3c100e3e0>
is_internal = False, title = None

    async def wrap_api_call(
        self, cb: Callable[[], Any], is_internal: bool = False, title: str = None
    ) -> Any:
        if self._api_zone.get():
            return await cb()
        task = asyncio.current_task(self._loop)
        st: List[inspect.FrameInfo] = getattr(
            task, "__pw_stack__", None
        ) or inspect.stack(0)
    
        parsed_st = _extract_stack_trace_information_from_stack(st, is_internal, title)
        self._api_zone.set(parsed_st)
        try:
            return await cb()
        except Exception as error:
>           raise rewrite_error(error, f"{parsed_st['apiName']}: {error}") from None
E           playwright._impl._errors.Error: Page.goto: net::ERR_CONNECTION_REFUSED at http://localhost:3099/review/T-1582
E           Call log:
E             - navigating to "http://localhost:3099/review/T-1582", waiting until "load"

/usr/local/lib/python3.12/dist-packages/playwright/_impl/_connection.py:558: Error
___ TestCrossSurfaceNoRecBanner.test_no_rec_banner_renders_on_tasks_surface ____

self = <test_cross_surface_parity.TestCrossSurfaceNoRecBanner object at 0x78f3c24c7770>
page = <Page url='chrome-error://chromewebdata/'>
base_url = 'http://localhost:3099'

    def test_no_rec_banner_renders_on_tasks_surface(self, page: Page, base_url):
        """`/tasks/T-XXX` for a task without `## Recommendation` shows NO-REC banner."""
>       page.goto(_url(base_url, f"/tasks/{TASK_WITH_NO_REC}"))

tests/playwright/test_cross_surface_parity.py:199: 
_ _ _ _ _ _ _ _ _ _ _ _ _ _ _ _ _ _ _ _ _ _ _ _ _ _ _ _ _ _ _ _ _ _ _ _ _ _ _ _ 
/usr/local/lib/python3.12/dist-packages/playwright/sync_api/_generated.py:9019: in goto
    self._sync(
/usr/local/lib/python3.12/dist-packages/playwright/_impl/_page.py:556: in goto
    return await self._main_frame.goto(**locals_to_params(locals()))
           ^^^^^^^^^^^^^^^^^^^^^^^^^^^^^^^^^^^^^^^^^^^^^^^^^^^^^^^^^
/usr/local/lib/python3.12/dist-packages/playwright/_impl/_frame.py:153: in goto
    await self._channel.send(
/usr/local/lib/python3.12/dist-packages/playwright/_impl/_connection.py:69: in send
    return await self._connection.wrap_api_call(
_ _ _ _ _ _ _ _ _ _ _ _ _ _ _ _ _ _ _ _ _ _ _ _ _ _ _ _ _ _ _ _ _ _ _ _ _ _ _ _ 

self = <playwright._impl._connection.Connection object at 0x78f3c2093800>
cb = <function Channel.send.<locals>.<lambda> at 0x78f3c1036480>
is_internal = False, title = None

    async def wrap_api_call(
        self, cb: Callable[[], Any], is_internal: bool = False, title: str = None
    ) -> Any:
        if self._api_zone.get():
            return await cb()
        task = asyncio.current_task(self._loop)
        st: List[inspect.FrameInfo] = getattr(
            task, "__pw_stack__", None
        ) or inspect.stack(0)
    
        parsed_st = _extract_stack_trace_information_from_stack(st, is_internal, title)
        self._api_zone.set(parsed_st)
        try:
            return await cb()
        except Exception as error:
>           raise rewrite_error(error, f"{parsed_st['apiName']}: {error}") from None
E           playwright._impl._errors.Error: Page.goto: net::ERR_CONNECTION_REFUSED at http://localhost:3099/tasks/T-449
E           Call log:
E             - navigating to "http://localhost:3099/tasks/T-449", waiting until "load"

/usr/local/lib/python3.12/dist-packages/playwright/_impl/_connection.py:558: Error
________________ TestFileViewer.test_file_viewer_loads_markdown ________________

self = <test_file_viewer.TestFileViewer object at 0x78f3c23507a0>
page = <Page url='http://localhost:3099/file/docs/style-guide.md'>

    def test_file_viewer_loads_markdown(self, page: Page):
        """A valid markdown file under docs/ should render with 200."""
        resp = page.goto(_url("/file/docs/style-guide.md"))
>       assert resp.status == 200
E       AssertionError: assert 404 == 200
E        +  where 404 = <Response url='http://localhost:3099/file/docs/style-guide.md' request=<Request url='http://localhost:3099/file/docs/style-guide.md' method='GET'>>.status

tests/playwright/test_file_viewer.py:21: AssertionError
________________ TestGraduationPage.test_graduation_has_heading ________________

self = <test_graduation.TestGraduationPage object at 0x78f3c2334ec0>
page = <Page url='chrome-error://chromewebdata/'>

    def test_graduation_has_heading(self, page: Page):
>       page.goto(_url("/graduation"))

tests/playwright/test_graduation.py:22: 
_ _ _ _ _ _ _ _ _ _ _ _ _ _ _ _ _ _ _ _ _ _ _ _ _ _ _ _ _ _ _ _ _ _ _ _ _ _ _ _ 
/usr/local/lib/python3.12/dist-packages/playwright/sync_api/_generated.py:9019: in goto
    self._sync(
/usr/local/lib/python3.12/dist-packages/playwright/_impl/_page.py:556: in goto
    return await self._main_frame.goto(**locals_to_params(locals()))
           ^^^^^^^^^^^^^^^^^^^^^^^^^^^^^^^^^^^^^^^^^^^^^^^^^^^^^^^^^
/usr/local/lib/python3.12/dist-packages/playwright/_impl/_frame.py:153: in goto
    await self._channel.send(
/usr/local/lib/python3.12/dist-packages/playwright/_impl/_connection.py:69: in send
    return await self._connection.wrap_api_call(
_ _ _ _ _ _ _ _ _ _ _ _ _ _ _ _ _ _ _ _ _ _ _ _ _ _ _ _ _ _ _ _ _ _ _ _ _ _ _ _ 

self = <playwright._impl._connection.Connection object at 0x78f3c2093800>
cb = <function Channel.send.<locals>.<lambda> at 0x78f3c11f89a0>
is_internal = False, title = None

    async def wrap_api_call(
        self, cb: Callable[[], Any], is_internal: bool = False, title: str = None
    ) -> Any:
        if self._api_zone.get():
            return await cb()
        task = asyncio.current_task(self._loop)
        st: List[inspect.FrameInfo] = getattr(
            task, "__pw_stack__", None
        ) or inspect.stack(0)
    
        parsed_st = _extract_stack_trace_information_from_stack(st, is_internal, title)
        self._api_zone.set(parsed_st)
        try:
            return await cb()
        except Exception as error:
>           raise rewrite_error(error, f"{parsed_st['apiName']}: {error}") from None
E           playwright._impl._errors.Error: Page.goto: net::ERR_CONNECTION_REFUSED at http://localhost:3099/graduation
E           Call log:
E             - navigating to "http://localhost:3099/graduation", waiting until "load"

/usr/local/lib/python3.12/dist-packages/playwright/_impl/_connection.py:558: Error
________________ TestGraduationPage.test_graduation_has_content ________________

self = <test_graduation.TestGraduationPage object at 0x78f3c2352c30>
page = <Page url='chrome-error://chromewebdata/'>

    def test_graduation_has_content(self, page: Page):
        """Graduation page should show candidate or directive info."""
>       page.goto(_url("/graduation"))

tests/playwright/test_graduation.py:30: 
_ _ _ _ _ _ _ _ _ _ _ _ _ _ _ _ _ _ _ _ _ _ _ _ _ _ _ _ _ _ _ _ _ _ _ _ _ _ _ _ 
/usr/local/lib/python3.12/dist-packages/playwright/sync_api/_generated.py:9019: in goto
    self._sync(
/usr/local/lib/python3.12/dist-packages/playwright/_impl/_page.py:556: in goto
    return await self._main_frame.goto(**locals_to_params(locals()))
           ^^^^^^^^^^^^^^^^^^^^^^^^^^^^^^^^^^^^^^^^^^^^^^^^^^^^^^^^^
/usr/local/lib/python3.12/dist-packages/playwright/_impl/_frame.py:153: in goto
    await self._channel.send(
/usr/local/lib/python3.12/dist-packages/playwright/_impl/_connection.py:69: in send
    return await self._connection.wrap_api_call(
_ _ _ _ _ _ _ _ _ _ _ _ _ _ _ _ _ _ _ _ _ _ _ _ _ _ _ _ _ _ _ _ _ _ _ _ _ _ _ _ 

self = <playwright._impl._connection.Connection object at 0x78f3c2093800>
cb = <function Channel.send.<locals>.<lambda> at 0x78f3c12a2980>
is_internal = False, title = None

    async def wrap_api_call(
        self, cb: Callable[[], Any], is_internal: bool = False, title: str = None
    ) -> Any:
        if self._api_zone.get():
            return await cb()
        task = asyncio.current_task(self._loop)
        st: List[inspect.FrameInfo] = getattr(
            task, "__pw_stack__", None
        ) or inspect.stack(0)
    
        parsed_st = _extract_stack_trace_information_from_stack(st, is_internal, title)
        self._api_zone.set(parsed_st)
        try:
            return await cb()
        except Exception as error:
>           raise rewrite_error(error, f"{parsed_st['apiName']}: {error}") from None
E           playwright._impl._errors.Error: Page.goto: net::ERR_CONNECTION_REFUSED at http://localhost:3099/graduation
E           Call log:
E             - navigating to "http://localhost:3099/graduation", waiting until "load"

/usr/local/lib/python3.12/dist-packages/playwright/_impl/_connection.py:558: Error
___________ TestGraduationPage.test_graduation_has_directive_context ___________

self = <test_graduation.TestGraduationPage object at 0x78f3c2352720>
page = <Page url='chrome-error://chromewebdata/'>

    def test_graduation_has_directive_context(self, page: Page):
        """Graduation page should reference constitutional directives."""
>       page.goto(_url("/graduation"))

tests/playwright/test_graduation.py:37: 
_ _ _ _ _ _ _ _ _ _ _ _ _ _ _ _ _ _ _ _ _ _ _ _ _ _ _ _ _ _ _ _ _ _ _ _ _ _ _ _ 
/usr/local/lib/python3.12/dist-packages/playwright/sync_api/_generated.py:9019: in goto
    self._sync(
/usr/local/lib/python3.12/dist-packages/playwright/_impl/_page.py:556: in goto
    return await self._main_frame.goto(**locals_to_params(locals()))
           ^^^^^^^^^^^^^^^^^^^^^^^^^^^^^^^^^^^^^^^^^^^^^^^^^^^^^^^^^
/usr/local/lib/python3.12/dist-packages/playwright/_impl/_frame.py:153: in goto
    await self._channel.send(
/usr/local/lib/python3.12/dist-packages/playwright/_impl/_connection.py:69: in send
    return await self._connection.wrap_api_call(
_ _ _ _ _ _ _ _ _ _ _ _ _ _ _ _ _ _ _ _ _ _ _ _ _ _ _ _ _ _ _ _ _ _ _ _ _ _ _ _ 

self = <playwright._impl._connection.Connection object at 0x78f3c2093800>
cb = <function Channel.send.<locals>.<lambda> at 0x78f3c12a0680>
is_internal = False, title = None

    async def wrap_api_call(
        self, cb: Callable[[], Any], is_internal: bool = False, title: str = None
    ) -> Any:
        if self._api_zone.get():
            return await cb()
        task = asyncio.current_task(self._loop)
        st: List[inspect.FrameInfo] = getattr(
            task, "__pw_stack__", None
        ) or inspect.stack(0)
    
        parsed_st = _extract_stack_trace_information_from_stack(st, is_internal, title)
        self._api_zone.set(parsed_st)
        try:
            return await cb()
        except Exception as error:
>           raise rewrite_error(error, f"{parsed_st['apiName']}: {error}") from None
E           playwright._impl._errors.Error: Page.goto: net::ERR_CONNECTION_REFUSED at http://localhost:3099/graduation
E           Call log:
E             - navigating to "http://localhost:3099/graduation", waiting until "load"

/usr/local/lib/python3.12/dist-packages/playwright/_impl/_connection.py:558: Error
_____________ TestGraduationHeight.test_graduation_height_bounded ______________

self = <test_graduation_height.TestGraduationHeight object at 0x78f3c2351460>
page = <Page url='chrome-error://chromewebdata/'>
base_url = 'http://localhost:3099'

    def test_graduation_height_bounded(self, page, base_url):
        """scrollHeight stays under the screenshot cap regardless of pipeline size."""
>       page.goto(f"{base_url}/graduation")

tests/playwright/test_graduation_height.py:20: 
_ _ _ _ _ _ _ _ _ _ _ _ _ _ _ _ _ _ _ _ _ _ _ _ _ _ _ _ _ _ _ _ _ _ _ _ _ _ _ _ 
/usr/local/lib/python3.12/dist-packages/playwright/sync_api/_generated.py:9019: in goto
    self._sync(
/usr/local/lib/python3.12/dist-packages/playwright/_impl/_page.py:556: in goto
    return await self._main_frame.goto(**locals_to_params(locals()))
           ^^^^^^^^^^^^^^^^^^^^^^^^^^^^^^^^^^^^^^^^^^^^^^^^^^^^^^^^^
/usr/local/lib/python3.12/dist-packages/playwright/_impl/_frame.py:153: in goto
    await self._channel.send(
/usr/local/lib/python3.12/dist-packages/playwright/_impl/_connection.py:69: in send
    return await self._connection.wrap_api_call(
_ _ _ _ _ _ _ _ _ _ _ _ _ _ _ _ _ _ _ _ _ _ _ _ _ _ _ _ _ _ _ _ _ _ _ _ _ _ _ _ 

self = <playwright._impl._connection.Connection object at 0x78f3c2093800>
cb = <function Channel.send.<locals>.<lambda> at 0x78f3c131e340>
is_internal = False, title = None

    async def wrap_api_call(
        self, cb: Callable[[], Any], is_internal: bool = False, title: str = None
    ) -> Any:
        if self._api_zone.get():
            return await cb()
        task = asyncio.current_task(self._loop)
        st: List[inspect.FrameInfo] = getattr(
            task, "__pw_stack__", None
        ) or inspect.stack(0)
    
        parsed_st = _extract_stack_trace_information_from_stack(st, is_internal, title)
        self._api_zone.set(parsed_st)
        try:
            return await cb()
        except Exception as error:
>           raise rewrite_error(error, f"{parsed_st['apiName']}: {error}") from None
E           playwright._impl._errors.Error: Page.goto: net::ERR_CONNECTION_REFUSED at http://localhost:3099/graduation
E           Call log:
E             - navigating to "http://localhost:3099/graduation", waiting until "load"

/usr/local/lib/python3.12/dist-packages/playwright/_impl/_connection.py:558: Error
_________ TestGraduationHeight.test_graduation_filtered_height_bounded _________

self = <test_graduation_height.TestGraduationHeight object at 0x78f3c23502c0>
page = <Page url='chrome-error://chromewebdata/'>
base_url = 'http://localhost:3099'

    def test_graduation_filtered_height_bounded(self, page, base_url):
        """The ?status= filtered view also renders inside the bounded container."""
>       page.goto(f"{base_url}/graduation?status=ready")

tests/playwright/test_graduation_height.py:31: 
_ _ _ _ _ _ _ _ _ _ _ _ _ _ _ _ _ _ _ _ _ _ _ _ _ _ _ _ _ _ _ _ _ _ _ _ _ _ _ _ 
/usr/local/lib/python3.12/dist-packages/playwright/sync_api/_generated.py:9019: in goto
    self._sync(
/usr/local/lib/python3.12/dist-packages/playwright/_impl/_page.py:556: in goto
    return await self._main_frame.goto(**locals_to_params(locals()))
           ^^^^^^^^^^^^^^^^^^^^^^^^^^^^^^^^^^^^^^^^^^^^^^^^^^^^^^^^^
/usr/local/lib/python3.12/dist-packages/playwright/_impl/_frame.py:153: in goto
    await self._channel.send(
/usr/local/lib/python3.12/dist-packages/playwright/_impl/_connection.py:69: in send
    return await self._connection.wrap_api_call(
_ _ _ _ _ _ _ _ _ _ _ _ _ _ _ _ _ _ _ _ _ _ _ _ _ _ _ _ _ _ _ _ _ _ _ _ _ _ _ _ 

self = <playwright._impl._connection.Connection object at 0x78f3c2093800>
cb = <function Channel.send.<locals>.<lambda> at 0x78f3c12a0720>
is_internal = False, title = None

    async def wrap_api_call(
        self, cb: Callable[[], Any], is_internal: bool = False, title: str = None
    ) -> Any:
        if self._api_zone.get():
            return await cb()
        task = asyncio.current_task(self._loop)
        st: List[inspect.FrameInfo] = getattr(
            task, "__pw_stack__", None
        ) or inspect.stack(0)
    
        parsed_st = _extract_stack_trace_information_from_stack(st, is_internal, title)
        self._api_zone.set(parsed_st)
        try:
            return await cb()
        except Exception as error:
>           raise rewrite_error(error, f"{parsed_st['apiName']}: {error}") from None
E           playwright._impl._errors.Error: Page.goto: net::ERR_CONNECTION_REFUSED at http://localhost:3099/graduation?status=ready
E           Call log:
E             - navigating to "http://localhost:3099/graduation?status=ready", waiting until "load"

/usr/local/lib/python3.12/dist-packages/playwright/_impl/_connection.py:558: Error
________ TestGraduationHeight.test_graduation_rows_in_scroll_container _________

self = <test_graduation_height.TestGraduationHeight object at 0x78f3c2353230>
page = <Page url='chrome-error://chromewebdata/'>
base_url = 'http://localhost:3099'

    def test_graduation_rows_in_scroll_container(self, page, base_url):
        """Rows live inside a bounded scroll container, not a page-tall table."""
>       page.goto(f"{base_url}/graduation")

tests/playwright/test_graduation_height.py:42: 
_ _ _ _ _ _ _ _ _ _ _ _ _ _ _ _ _ _ _ _ _ _ _ _ _ _ _ _ _ _ _ _ _ _ _ _ _ _ _ _ 
/usr/local/lib/python3.12/dist-packages/playwright/sync_api/_generated.py:9019: in goto
    self._sync(
/usr/local/lib/python3.12/dist-packages/playwright/_impl/_page.py:556: in goto
    return await self._main_frame.goto(**locals_to_params(locals()))
           ^^^^^^^^^^^^^^^^^^^^^^^^^^^^^^^^^^^^^^^^^^^^^^^^^^^^^^^^^
/usr/local/lib/python3.12/dist-packages/playwright/_impl/_frame.py:153: in goto
    await self._channel.send(
/usr/local/lib/python3.12/dist-packages/playwright/_impl/_connection.py:69: in send
    return await self._connection.wrap_api_call(
_ _ _ _ _ _ _ _ _ _ _ _ _ _ _ _ _ _ _ _ _ _ _ _ _ _ _ _ _ _ _ _ _ _ _ _ _ _ _ _ 

self = <playwright._impl._connection.Connection object at 0x78f3c2093800>
cb = <function Channel.send.<locals>.<lambda> at 0x78f3c131f560>
is_internal = False, title = None

    async def wrap_api_call(
        self, cb: Callable[[], Any], is_internal: bool = False, title: str = None
    ) -> Any:
        if self._api_zone.get():
            return await cb()
        task = asyncio.current_task(self._loop)
        st: List[inspect.FrameInfo] = getattr(
            task, "__pw_stack__", None
        ) or inspect.stack(0)
    
        parsed_st = _extract_stack_trace_information_from_stack(st, is_internal, title)
        self._api_zone.set(parsed_st)
        try:
            return await cb()
        except Exception as error:
>           raise rewrite_error(error, f"{parsed_st['apiName']}: {error}") from None
E           playwright._impl._errors.Error: Page.goto: net::ERR_CONNECTION_REFUSED at http://localhost:3099/graduation
E           Call log:
E             - navigating to "http://localhost:3099/graduation", waiting until "load"

/usr/local/lib/python3.12/dist-packages/playwright/_impl/_connection.py:558: Error
__________________ TestHealthEndpoint.test_health_returns_ok ___________________

self = <test_health.TestHealthEndpoint object at 0x78f3c2353740>
page = <Page url='chrome-error://chromewebdata/'>

    def test_health_returns_ok(self, page: Page):
>       resp = page.goto(_url("/health"))
               ^^^^^^^^^^^^^^^^^^^^^^^^^^

tests/playwright/test_health.py:20: 
_ _ _ _ _ _ _ _ _ _ _ _ _ _ _ _ _ _ _ _ _ _ _ _ _ _ _ _ _ _ _ _ _ _ _ _ _ _ _ _ 
/usr/local/lib/python3.12/dist-packages/playwright/sync_api/_generated.py:9019: in goto
    self._sync(
/usr/local/lib/python3.12/dist-packages/playwright/_impl/_page.py:556: in goto
    return await self._main_frame.goto(**locals_to_params(locals()))
           ^^^^^^^^^^^^^^^^^^^^^^^^^^^^^^^^^^^^^^^^^^^^^^^^^^^^^^^^^
/usr/local/lib/python3.12/dist-packages/playwright/_impl/_frame.py:153: in goto
    await self._channel.send(
/usr/local/lib/python3.12/dist-packages/playwright/_impl/_connection.py:69: in send
    return await self._connection.wrap_api_call(
_ _ _ _ _ _ _ _ _ _ _ _ _ _ _ _ _ _ _ _ _ _ _ _ _ _ _ _ _ _ _ _ _ _ _ _ _ _ _ _ 

self = <playwright._impl._connection.Connection object at 0x78f3c2093800>
cb = <function Channel.send.<locals>.<lambda> at 0x78f3c11f8fe0>
is_internal = False, title = None

    async def wrap_api_call(
        self, cb: Callable[[], Any], is_internal: bool = False, title: str = None
    ) -> Any:
        if self._api_zone.get():
            return await cb()
        task = asyncio.current_task(self._loop)
        st: List[inspect.FrameInfo] = getattr(
            task, "__pw_stack__", None
        ) or inspect.stack(0)
    
        parsed_st = _extract_stack_trace_information_from_stack(st, is_internal, title)
        self._api_zone.set(parsed_st)
        try:
            return await cb()
        except Exception as error:
>           raise rewrite_error(error, f"{parsed_st['apiName']}: {error}") from None
E           playwright._impl._errors.Error: Page.goto: net::ERR_CONNECTION_REFUSED at http://localhost:3099/health
E           Call log:
E             - navigating to "http://localhost:3099/health", waiting until "load"

/usr/local/lib/python3.12/dist-packages/playwright/_impl/_connection.py:558: Error
_________________ TestHealthEndpoint.test_health_returns_json __________________

self = <test_health.TestHealthEndpoint object at 0x78f3c2353d40>
page = <Page url='chrome-error://chromewebdata/'>

    def test_health_returns_json(self, page: Page):
>       page.goto(_url("/health"))

tests/playwright/test_health.py:25: 
_ _ _ _ _ _ _ _ _ _ _ _ _ _ _ _ _ _ _ _ _ _ _ _ _ _ _ _ _ _ _ _ _ _ _ _ _ _ _ _ 
/usr/local/lib/python3.12/dist-packages/playwright/sync_api/_generated.py:9019: in goto
    self._sync(
/usr/local/lib/python3.12/dist-packages/playwright/_impl/_page.py:556: in goto
    return await self._main_frame.goto(**locals_to_params(locals()))
           ^^^^^^^^^^^^^^^^^^^^^^^^^^^^^^^^^^^^^^^^^^^^^^^^^^^^^^^^^
/usr/local/lib/python3.12/dist-packages/playwright/_impl/_frame.py:153: in goto
    await self._channel.send(
/usr/local/lib/python3.12/dist-packages/playwright/_impl/_connection.py:69: in send
    return await self._connection.wrap_api_call(
_ _ _ _ _ _ _ _ _ _ _ _ _ _ _ _ _ _ _ _ _ _ _ _ _ _ _ _ _ _ _ _ _ _ _ _ _ _ _ _ 

self = <playwright._impl._connection.Connection object at 0x78f3c2093800>
cb = <function Channel.send.<locals>.<lambda> at 0x78f3c140e160>
is_internal = False, title = None

    async def wrap_api_call(
        self, cb: Callable[[], Any], is_internal: bool = False, title: str = None
    ) -> Any:
        if self._api_zone.get():
            return await cb()
        task = asyncio.current_task(self._loop)
        st: List[inspect.FrameInfo] = getattr(
            task, "__pw_stack__", None
        ) or inspect.stack(0)
    
        parsed_st = _extract_stack_trace_information_from_stack(st, is_internal, title)
        self._api_zone.set(parsed_st)
        try:
            return await cb()
        except Exception as error:
>           raise rewrite_error(error, f"{parsed_st['apiName']}: {error}") from None
E           playwright._impl._errors.Error: Page.goto: net::ERR_CONNECTION_REFUSED at http://localhost:3099/health
E           Call log:
E             - navigating to "http://localhost:3099/health", waiting until "load"

/usr/local/lib/python3.12/dist-packages/playwright/_impl/_connection.py:558: Error
_______________ TestHealthEndpoint.test_health_has_tests_section _______________

self = <test_health.TestHealthEndpoint object at 0x78f3c2368110>
page = <Page url='chrome-error://chromewebdata/'>

    def test_health_has_tests_section(self, page: Page):
        """Health endpoint should include test infrastructure counts."""
>       page.goto(_url("/health"))

tests/playwright/test_health.py:35: 
_ _ _ _ _ _ _ _ _ _ _ _ _ _ _ _ _ _ _ _ _ _ _ _ _ _ _ _ _ _ _ _ _ _ _ _ _ _ _ _ 
/usr/local/lib/python3.12/dist-packages/playwright/sync_api/_generated.py:9019: in goto
    self._sync(
/usr/local/lib/python3.12/dist-packages/playwright/_impl/_page.py:556: in goto
    return await self._main_frame.goto(**locals_to_params(locals()))
           ^^^^^^^^^^^^^^^^^^^^^^^^^^^^^^^^^^^^^^^^^^^^^^^^^^^^^^^^^
/usr/local/lib/python3.12/dist-packages/playwright/_impl/_frame.py:153: in goto
    await self._channel.send(
/usr/local/lib/python3.12/dist-packages/playwright/_impl/_connection.py:69: in send
    return await self._connection.wrap_api_call(
_ _ _ _ _ _ _ _ _ _ _ _ _ _ _ _ _ _ _ _ _ _ _ _ _ _ _ _ _ _ _ _ _ _ _ _ _ _ _ _ 

self = <playwright._impl._connection.Connection object at 0x78f3c2093800>
cb = <function Channel.send.<locals>.<lambda> at 0x78f3c12a0040>
is_internal = False, title = None

    async def wrap_api_call(
        self, cb: Callable[[], Any], is_internal: bool = False, title: str = None
    ) -> Any:
        if self._api_zone.get():
            return await cb()
        task = asyncio.current_task(self._loop)
        st: List[inspect.FrameInfo] = getattr(
            task, "__pw_stack__", None
        ) or inspect.stack(0)
    
        parsed_st = _extract_stack_trace_information_from_stack(st, is_internal, title)
        self._api_zone.set(parsed_st)
        try:
            return await cb()
        except Exception as error:
>           raise rewrite_error(error, f"{parsed_st['apiName']}: {error}") from None
E           playwright._impl._errors.Error: Page.goto: net::ERR_CONNECTION_REFUSED at http://localhost:3099/health
E           Call log:
E             - navigating to "http://localhost:3099/health", waiting until "load"

/usr/local/lib/python3.12/dist-packages/playwright/_impl/_connection.py:558: Error
________________ TestHealthEndpoint.test_health_has_embeddings _________________

self = <test_health.TestHealthEndpoint object at 0x78f3c23684a0>
page = <Page url='chrome-error://chromewebdata/'>

    def test_health_has_embeddings(self, page: Page):
        """Health endpoint should include embeddings status."""
>       page.goto(_url("/health"))

tests/playwright/test_health.py:47: 
_ _ _ _ _ _ _ _ _ _ _ _ _ _ _ _ _ _ _ _ _ _ _ _ _ _ _ _ _ _ _ _ _ _ _ _ _ _ _ _ 
/usr/local/lib/python3.12/dist-packages/playwright/sync_api/_generated.py:9019: in goto
    self._sync(
/usr/local/lib/python3.12/dist-packages/playwright/_impl/_page.py:556: in goto
    return await self._main_frame.goto(**locals_to_params(locals()))
           ^^^^^^^^^^^^^^^^^^^^^^^^^^^^^^^^^^^^^^^^^^^^^^^^^^^^^^^^^
/usr/local/lib/python3.12/dist-packages/playwright/_impl/_frame.py:153: in goto
    await self._channel.send(
/usr/local/lib/python3.12/dist-packages/playwright/_impl/_connection.py:69: in send
    return await self._connection.wrap_api_call(
_ _ _ _ _ _ _ _ _ _ _ _ _ _ _ _ _ _ _ _ _ _ _ _ _ _ _ _ _ _ _ _ _ _ _ _ _ _ _ _ 

self = <playwright._impl._connection.Connection object at 0x78f3c2093800>
cb = <function Channel.send.<locals>.<lambda> at 0x78f3c0ef0220>
is_internal = False, title = None

    async def wrap_api_call(
        self, cb: Callable[[], Any], is_internal: bool = False, title: str = None
    ) -> Any:
        if self._api_zone.get():
            return await cb()
        task = asyncio.current_task(self._loop)
        st: List[inspect.FrameInfo] = getattr(
            task, "__pw_stack__", None
        ) or inspect.stack(0)
    
        parsed_st = _extract_stack_trace_information_from_stack(st, is_internal, title)
        self._api_zone.set(parsed_st)
        try:
            return await cb()
        except Exception as error:
>           raise rewrite_error(error, f"{parsed_st['apiName']}: {error}") from None
E           playwright._impl._errors.Error: Page.goto: net::ERR_CONNECTION_REFUSED at http://localhost:3099/health
E           Call log:
E             - navigating to "http://localhost:3099/health", waiting until "load"

/usr/local/lib/python3.12/dist-packages/playwright/_impl/_connection.py:558: Error
_____________________ TestHooksPage.test_page_returns_200 ______________________

self = <test_hooks_page.TestHooksPage object at 0x78f3c2368ef0>
page = <Page url='chrome-error://chromewebdata/'>
base_url = 'http://localhost:3099'

    def test_page_returns_200(self, page, base_url):
        """Page loads without server error."""
>       resp = page.goto(f"{base_url}/hooks")
               ^^^^^^^^^^^^^^^^^^^^^^^^^^^^^^

tests/playwright/test_hooks_page.py:23: 
_ _ _ _ _ _ _ _ _ _ _ _ _ _ _ _ _ _ _ _ _ _ _ _ _ _ _ _ _ _ _ _ _ _ _ _ _ _ _ _ 
/usr/local/lib/python3.12/dist-packages/playwright/sync_api/_generated.py:9019: in goto
    self._sync(
/usr/local/lib/python3.12/dist-packages/playwright/_impl/_page.py:556: in goto
    return await self._main_frame.goto(**locals_to_params(locals()))
           ^^^^^^^^^^^^^^^^^^^^^^^^^^^^^^^^^^^^^^^^^^^^^^^^^^^^^^^^^
/usr/local/lib/python3.12/dist-packages/playwright/_impl/_frame.py:153: in goto
    await self._channel.send(
/usr/local/lib/python3.12/dist-packages/playwright/_impl/_connection.py:69: in send
    return await self._connection.wrap_api_call(
_ _ _ _ _ _ _ _ _ _ _ _ _ _ _ _ _ _ _ _ _ _ _ _ _ _ _ _ _ _ _ _ _ _ _ _ _ _ _ _ 

self = <playwright._impl._connection.Connection object at 0x78f3c2093800>
cb = <function Channel.send.<locals>.<lambda> at 0x78f3c0ef2980>
is_internal = False, title = None

    async def wrap_api_call(
        self, cb: Callable[[], Any], is_internal: bool = False, title: str = None
    ) -> Any:
        if self._api_zone.get():
            return await cb()
        task = asyncio.current_task(self._loop)
        st: List[inspect.FrameInfo] = getattr(
            task, "__pw_stack__", None
        ) or inspect.stack(0)
    
        parsed_st = _extract_stack_trace_information_from_stack(st, is_internal, title)
        self._api_zone.set(parsed_st)
        try:
            return await cb()
        except Exception as error:
>           raise rewrite_error(error, f"{parsed_st['apiName']}: {error}") from None
E           playwright._impl._errors.Error: Page.goto: net::ERR_CONNECTION_REFUSED at http://localhost:3099/hooks
E           Call log:
E             - navigating to "http://localhost:3099/hooks", waiting until "load"

/usr/local/lib/python3.12/dist-packages/playwright/_impl/_connection.py:558: Error
___________________ TestHooksPage.test_page_has_main_heading ___________________

self = <test_hooks_page.TestHooksPage object at 0x78f3c2369280>
page = <Page url='chrome-error://chromewebdata/'>
base_url = 'http://localhost:3099'

    def test_page_has_main_heading(self, page, base_url):
        """Heading 'Hook Telemetry' is visible."""
>       page.goto(f"{base_url}/hooks")

tests/playwright/test_hooks_page.py:30: 
_ _ _ _ _ _ _ _ _ _ _ _ _ _ _ _ _ _ _ _ _ _ _ _ _ _ _ _ _ _ _ _ _ _ _ _ _ _ _ _ 
/usr/local/lib/python3.12/dist-packages/playwright/sync_api/_generated.py:9019: in goto
    self._sync(
/usr/local/lib/python3.12/dist-packages/playwright/_impl/_page.py:556: in goto
    return await self._main_frame.goto(**locals_to_params(locals()))
           ^^^^^^^^^^^^^^^^^^^^^^^^^^^^^^^^^^^^^^^^^^^^^^^^^^^^^^^^^
/usr/local/lib/python3.12/dist-packages/playwright/_impl/_frame.py:153: in goto
    await self._channel.send(
/usr/local/lib/python3.12/dist-packages/playwright/_impl/_connection.py:69: in send
    return await self._connection.wrap_api_call(
_ _ _ _ _ _ _ _ _ _ _ _ _ _ _ _ _ _ _ _ _ _ _ _ _ _ _ _ _ _ _ _ _ _ _ _ _ _ _ _ 

self = <playwright._impl._connection.Connection object at 0x78f3c2093800>
cb = <function Channel.send.<locals>.<lambda> at 0x78f3c0ef3c40>
is_internal = False, title = None

    async def wrap_api_call(
        self, cb: Callable[[], Any], is_internal: bool = False, title: str = None
    ) -> Any:
        if self._api_zone.get():
            return await cb()
        task = asyncio.current_task(self._loop)
        st: List[inspect.FrameInfo] = getattr(
            task, "__pw_stack__", None
        ) or inspect.stack(0)
    
        parsed_st = _extract_stack_trace_information_from_stack(st, is_internal, title)
        self._api_zone.set(parsed_st)
        try:
            return await cb()
        except Exception as error:
>           raise rewrite_error(error, f"{parsed_st['apiName']}: {error}") from None
E           playwright._impl._errors.Error: Page.goto: net::ERR_CONNECTION_REFUSED at http://localhost:3099/hooks
E           Call log:
E             - navigating to "http://localhost:3099/hooks", waiting until "load"

/usr/local/lib/python3.12/dist-packages/playwright/_impl/_connection.py:558: Error
________________ TestHooksPage.test_summary_card_block_present _________________

self = <test_hooks_page.TestHooksPage object at 0x78f3c2353cb0>
page = <Page url='chrome-error://chromewebdata/'>
base_url = 'http://localhost:3099'

    def test_summary_card_block_present(self, page, base_url):
        """#hooks-summary block renders with metric cards."""
>       page.goto(f"{base_url}/hooks")

tests/playwright/test_hooks_page.py:37: 
_ _ _ _ _ _ _ _ _ _ _ _ _ _ _ _ _ _ _ _ _ _ _ _ _ _ _ _ _ _ _ _ _ _ _ _ _ _ _ _ 
/usr/local/lib/python3.12/dist-packages/playwright/sync_api/_generated.py:9019: in goto
    self._sync(
/usr/local/lib/python3.12/dist-packages/playwright/_impl/_page.py:556: in goto
    return await self._main_frame.goto(**locals_to_params(locals()))
           ^^^^^^^^^^^^^^^^^^^^^^^^^^^^^^^^^^^^^^^^^^^^^^^^^^^^^^^^^
/usr/local/lib/python3.12/dist-packages/playwright/_impl/_frame.py:153: in goto
    await self._channel.send(
/usr/local/lib/python3.12/dist-packages/playwright/_impl/_connection.py:69: in send
    return await self._connection.wrap_api_call(
_ _ _ _ _ _ _ _ _ _ _ _ _ _ _ _ _ _ _ _ _ _ _ _ _ _ _ _ _ _ _ _ _ _ _ _ _ _ _ _ 

self = <playwright._impl._connection.Connection object at 0x78f3c2093800>
cb = <function Channel.send.<locals>.<lambda> at 0x78f3c10d5b20>
is_internal = False, title = None

    async def wrap_api_call(
        self, cb: Callable[[], Any], is_internal: bool = False, title: str = None
    ) -> Any:
        if self._api_zone.get():
            return await cb()
        task = asyncio.current_task(self._loop)
        st: List[inspect.FrameInfo] = getattr(
            task, "__pw_stack__", None
        ) or inspect.stack(0)
    
        parsed_st = _extract_stack_trace_information_from_stack(st, is_internal, title)
        self._api_zone.set(parsed_st)
        try:
            return await cb()
        except Exception as error:
>           raise rewrite_error(error, f"{parsed_st['apiName']}: {error}") from None
E           playwright._impl._errors.Error: Page.goto: net::ERR_CONNECTION_REFUSED at http://localhost:3099/hooks
E           Call log:
E             - navigating to "http://localhost:3099/hooks", waiting until "load"

/usr/local/lib/python3.12/dist-packages/playwright/_impl/_connection.py:558: Error
________________ TestHooksPage.test_either_table_or_empty_state ________________

self = <test_hooks_page.TestHooksPage object at 0x78f3c2350920>
page = <Page url='chrome-error://chromewebdata/'>
base_url = 'http://localhost:3099'

    def test_either_table_or_empty_state(self, page, base_url):
        """When telemetry exists, table renders; otherwise empty state."""
>       page.goto(f"{base_url}/hooks")

tests/playwright/test_hooks_page.py:53: 
_ _ _ _ _ _ _ _ _ _ _ _ _ _ _ _ _ _ _ _ _ _ _ _ _ _ _ _ _ _ _ _ _ _ _ _ _ _ _ _ 
/usr/local/lib/python3.12/dist-packages/playwright/sync_api/_generated.py:9019: in goto
    self._sync(
/usr/local/lib/python3.12/dist-packages/playwright/_impl/_page.py:556: in goto
    return await self._main_frame.goto(**locals_to_params(locals()))
           ^^^^^^^^^^^^^^^^^^^^^^^^^^^^^^^^^^^^^^^^^^^^^^^^^^^^^^^^^
/usr/local/lib/python3.12/dist-packages/playwright/_impl/_frame.py:153: in goto
    await self._channel.send(
/usr/local/lib/python3.12/dist-packages/playwright/_impl/_connection.py:69: in send
    return await self._connection.wrap_api_call(
_ _ _ _ _ _ _ _ _ _ _ _ _ _ _ _ _ _ _ _ _ _ _ _ _ _ _ _ _ _ _ _ _ _ _ _ _ _ _ _ 

self = <playwright._impl._connection.Connection object at 0x78f3c2093800>
cb = <function Channel.send.<locals>.<lambda> at 0x78f3c0f93f60>
is_internal = False, title = None

    async def wrap_api_call(
        self, cb: Callable[[], Any], is_internal: bool = False, title: str = None
    ) -> Any:
        if self._api_zone.get():
            return await cb()
        task = asyncio.current_task(self._loop)
        st: List[inspect.FrameInfo] = getattr(
            task, "__pw_stack__", None
        ) or inspect.stack(0)
    
        parsed_st = _extract_stack_trace_information_from_stack(st, is_internal, title)
        self._api_zone.set(parsed_st)
        try:
            return await cb()
        except Exception as error:
>           raise rewrite_error(error, f"{parsed_st['apiName']}: {error}") from None
E           playwright._impl._errors.Error: Page.goto: net::ERR_CONNECTION_REFUSED at http://localhost:3099/hooks
E           Call log:
E             - navigating to "http://localhost:3099/hooks", waiting until "load"

/usr/local/lib/python3.12/dist-packages/playwright/_impl/_connection.py:558: Error
______________ TestHooksPage.test_threshold_info_displays_config _______________

self = <test_hooks_page.TestHooksPage object at 0x78f3c2351430>
page = <Page url='chrome-error://chromewebdata/'>
base_url = 'http://localhost:3099'

    def test_threshold_info_displays_config(self, page, base_url):
        """Threshold parameters are displayed (operator can see the rule)."""
>       page.goto(f"{base_url}/hooks")

tests/playwright/test_hooks_page.py:66: 
_ _ _ _ _ _ _ _ _ _ _ _ _ _ _ _ _ _ _ _ _ _ _ _ _ _ _ _ _ _ _ _ _ _ _ _ _ _ _ _ 
/usr/local/lib/python3.12/dist-packages/playwright/sync_api/_generated.py:9019: in goto
    self._sync(
/usr/local/lib/python3.12/dist-packages/playwright/_impl/_page.py:556: in goto
    return await self._main_frame.goto(**locals_to_params(locals()))
           ^^^^^^^^^^^^^^^^^^^^^^^^^^^^^^^^^^^^^^^^^^^^^^^^^^^^^^^^^
/usr/local/lib/python3.12/dist-packages/playwright/_impl/_frame.py:153: in goto
    await self._channel.send(
/usr/local/lib/python3.12/dist-packages/playwright/_impl/_connection.py:69: in send
    return await self._connection.wrap_api_call(
_ _ _ _ _ _ _ _ _ _ _ _ _ _ _ _ _ _ _ _ _ _ _ _ _ _ _ _ _ _ _ _ _ _ _ _ _ _ _ _ 

self = <playwright._impl._connection.Connection object at 0x78f3c2093800>
cb = <function Channel.send.<locals>.<lambda> at 0x78f3c138e5c0>
is_internal = False, title = None

    async def wrap_api_call(
        self, cb: Callable[[], Any], is_internal: bool = False, title: str = None
    ) -> Any:
        if self._api_zone.get():
            return await cb()
        task = asyncio.current_task(self._loop)
        st: List[inspect.FrameInfo] = getattr(
            task, "__pw_stack__", None
        ) or inspect.stack(0)
    
        parsed_st = _extract_stack_trace_information_from_stack(st, is_internal, title)
        self._api_zone.set(parsed_st)
        try:
            return await cb()
        except Exception as error:
>           raise rewrite_error(error, f"{parsed_st['apiName']}: {error}") from None
E           playwright._impl._errors.Error: Page.goto: net::ERR_CONNECTION_REFUSED at http://localhost:3099/hooks
E           Call log:
E             - navigating to "http://localhost:3099/hooks", waiting until "load"

/usr/local/lib/python3.12/dist-packages/playwright/_impl/_connection.py:558: Error
________________ TestHooksPage.test_table_columns_when_present _________________

self = <test_hooks_page.TestHooksPage object at 0x78f3c23372f0>
page = <Page url='chrome-error://chromewebdata/'>
base_url = 'http://localhost:3099'

    def test_table_columns_when_present(self, page, base_url):
        """If the table is shown, it has the expected column headers."""
>       page.goto(f"{base_url}/hooks")

tests/playwright/test_hooks_page.py:76: 
_ _ _ _ _ _ _ _ _ _ _ _ _ _ _ _ _ _ _ _ _ _ _ _ _ _ _ _ _ _ _ _ _ _ _ _ _ _ _ _ 
/usr/local/lib/python3.12/dist-packages/playwright/sync_api/_generated.py:9019: in goto
    self._sync(
/usr/local/lib/python3.12/dist-packages/playwright/_impl/_page.py:556: in goto
    return await self._main_frame.goto(**locals_to_params(locals()))
           ^^^^^^^^^^^^^^^^^^^^^^^^^^^^^^^^^^^^^^^^^^^^^^^^^^^^^^^^^
/usr/local/lib/python3.12/dist-packages/playwright/_impl/_frame.py:153: in goto
    await self._channel.send(
/usr/local/lib/python3.12/dist-packages/playwright/_impl/_connection.py:69: in send
    return await self._connection.wrap_api_call(
_ _ _ _ _ _ _ _ _ _ _ _ _ _ _ _ _ _ _ _ _ _ _ _ _ _ _ _ _ _ _ _ _ _ _ _ _ _ _ _ 

self = <playwright._impl._connection.Connection object at 0x78f3c2093800>
cb = <function Channel.send.<locals>.<lambda> at 0x78f3c0f68cc0>
is_internal = False, title = None

    async def wrap_api_call(
        self, cb: Callable[[], Any], is_internal: bool = False, title: str = None
    ) -> Any:
        if self._api_zone.get():
            return await cb()
        task = asyncio.current_task(self._loop)
        st: List[inspect.FrameInfo] = getattr(
            task, "__pw_stack__", None
        ) or inspect.stack(0)
    
        parsed_st = _extract_stack_trace_information_from_stack(st, is_internal, title)
        self._api_zone.set(parsed_st)
        try:
            return await cb()
        except Exception as error:
>           raise rewrite_error(error, f"{parsed_st['apiName']}: {error}") from None
E           playwright._impl._errors.Error: Page.goto: net::ERR_CONNECTION_REFUSED at http://localhost:3099/hooks
E           Call log:
E             - navigating to "http://localhost:3099/hooks", waiting until "load"

/usr/local/lib/python3.12/dist-packages/playwright/_impl/_connection.py:558: Error
______ TestHtmxErrorToast.test_force_500_on_toggle_ac_renders_error_toast ______

self = <test_htmx_error_toast.TestHtmxErrorToast object at 0x78f3c23683e0>
page = <Page url='chrome-error://chromewebdata/'>

    def test_force_500_on_toggle_ac_renders_error_toast(self, page: Page):
        """Click an AC checkbox with a forced 500 — toast appears with error class."""
>       task_id = _find_reviewable_task(page)
                  ^^^^^^^^^^^^^^^^^^^^^^^^^^^

tests/playwright/test_htmx_error_toast.py:45: 
_ _ _ _ _ _ _ _ _ _ _ _ _ _ _ _ _ _ _ _ _ _ _ _ _ _ _ _ _ _ _ _ _ _ _ _ _ _ _ _ 
tests/playwright/test_htmx_error_toast.py:33: in _find_reviewable_task
    page.goto(_url("/approvals"))
/usr/local/lib/python3.12/dist-packages/playwright/sync_api/_generated.py:9019: in goto
    self._sync(
/usr/local/lib/python3.12/dist-packages/playwright/_impl/_page.py:556: in goto
    return await self._main_frame.goto(**locals_to_params(locals()))
           ^^^^^^^^^^^^^^^^^^^^^^^^^^^^^^^^^^^^^^^^^^^^^^^^^^^^^^^^^
/usr/local/lib/python3.12/dist-packages/playwright/_impl/_frame.py:153: in goto
    await self._channel.send(
/usr/local/lib/python3.12/dist-packages/playwright/_impl/_connection.py:69: in send
    return await self._connection.wrap_api_call(
_ _ _ _ _ _ _ _ _ _ _ _ _ _ _ _ _ _ _ _ _ _ _ _ _ _ _ _ _ _ _ _ _ _ _ _ _ _ _ _ 

self = <playwright._impl._connection.Connection object at 0x78f3c2093800>
cb = <function Channel.send.<locals>.<lambda> at 0x78f3c10d4540>
is_internal = False, title = None

    async def wrap_api_call(
        self, cb: Callable[[], Any], is_internal: bool = False, title: str = None
    ) -> Any:
        if self._api_zone.get():
            return await cb()
        task = asyncio.current_task(self._loop)
        st: List[inspect.FrameInfo] = getattr(
            task, "__pw_stack__", None
        ) or inspect.stack(0)
    
        parsed_st = _extract_stack_trace_information_from_stack(st, is_internal, title)
        self._api_zone.set(parsed_st)
        try:
            return await cb()
        except Exception as error:
>           raise rewrite_error(error, f"{parsed_st['apiName']}: {error}") from None
E           playwright._impl._errors.Error: Page.goto: net::ERR_CONNECTION_REFUSED at http://localhost:3099/approvals
E           Call log:
E             - navigating to "http://localhost:3099/approvals", waiting until "load"

/usr/local/lib/python3.12/dist-packages/playwright/_impl/_connection.py:558: Error
________ TestHtmxErrorToast.test_500_path_does_not_leave_silent_failure ________

self = <test_htmx_error_toast.TestHtmxErrorToast object at 0x78f3c2369640>
page = <Page url='chrome-error://chromewebdata/'>

    def test_500_path_does_not_leave_silent_failure(self, page: Page):
        """Negative: no toast container update on 500 == silent failure → would regress."""
>       task_id = _find_reviewable_task(page)
                  ^^^^^^^^^^^^^^^^^^^^^^^^^^^

tests/playwright/test_htmx_error_toast.py:83: 
_ _ _ _ _ _ _ _ _ _ _ _ _ _ _ _ _ _ _ _ _ _ _ _ _ _ _ _ _ _ _ _ _ _ _ _ _ _ _ _ 
tests/playwright/test_htmx_error_toast.py:33: in _find_reviewable_task
    page.goto(_url("/approvals"))
/usr/local/lib/python3.12/dist-packages/playwright/sync_api/_generated.py:9019: in goto
    self._sync(
/usr/local/lib/python3.12/dist-packages/playwright/_impl/_page.py:556: in goto
    return await self._main_frame.goto(**locals_to_params(locals()))
           ^^^^^^^^^^^^^^^^^^^^^^^^^^^^^^^^^^^^^^^^^^^^^^^^^^^^^^^^^
/usr/local/lib/python3.12/dist-packages/playwright/_impl/_frame.py:153: in goto
    await self._channel.send(
/usr/local/lib/python3.12/dist-packages/playwright/_impl/_connection.py:69: in send
    return await self._connection.wrap_api_call(
_ _ _ _ _ _ _ _ _ _ _ _ _ _ _ _ _ _ _ _ _ _ _ _ _ _ _ _ _ _ _ _ _ _ _ _ _ _ _ _ 

self = <playwright._impl._connection.Connection object at 0x78f3c2093800>
cb = <function Channel.send.<locals>.<lambda> at 0x78f3c12a3e20>
is_internal = False, title = None

    async def wrap_api_call(
        self, cb: Callable[[], Any], is_internal: bool = False, title: str = None
    ) -> Any:
        if self._api_zone.get():
            return await cb()
        task = asyncio.current_task(self._loop)
        st: List[inspect.FrameInfo] = getattr(
            task, "__pw_stack__", None
        ) or inspect.stack(0)
    
        parsed_st = _extract_stack_trace_information_from_stack(st, is_internal, title)
        self._api_zone.set(parsed_st)
        try:
            return await cb()
        except Exception as error:
>           raise rewrite_error(error, f"{parsed_st['apiName']}: {error}") from None
E           playwright._impl._errors.Error: Page.goto: net::ERR_CONNECTION_REFUSED at http://localhost:3099/approvals
E           Call log:
E             - navigating to "http://localhost:3099/approvals", waiting until "load"

/usr/local/lib/python3.12/dist-packages/playwright/_impl/_connection.py:558: Error
_______ TestHtmxToastExtraction.test_review_html_loads_htmx_toast_script _______

self = <test_htmx_toast_extraction.TestHtmxToastExtraction object at 0x78f3c2369df0>
page = <Page url='chrome-error://chromewebdata/'>

    def test_review_html_loads_htmx_toast_script(self, page: Page):
        """/review/<id> must include <script src=…htmx-toast.js…>."""
>       task_id = _find_reviewable_task(page)
                  ^^^^^^^^^^^^^^^^^^^^^^^^^^^

tests/playwright/test_htmx_toast_extraction.py:53: 
_ _ _ _ _ _ _ _ _ _ _ _ _ _ _ _ _ _ _ _ _ _ _ _ _ _ _ _ _ _ _ _ _ _ _ _ _ _ _ _ 
tests/playwright/test_htmx_toast_extraction.py:41: in _find_reviewable_task
    page.goto(_url("/approvals"))
/usr/local/lib/python3.12/dist-packages/playwright/sync_api/_generated.py:9019: in goto
    self._sync(
/usr/local/lib/python3.12/dist-packages/playwright/_impl/_page.py:556: in goto
    return await self._main_frame.goto(**locals_to_params(locals()))
           ^^^^^^^^^^^^^^^^^^^^^^^^^^^^^^^^^^^^^^^^^^^^^^^^^^^^^^^^^
/usr/local/lib/python3.12/dist-packages/playwright/_impl/_frame.py:153: in goto
    await self._channel.send(
/usr/local/lib/python3.12/dist-packages/playwright/_impl/_connection.py:69: in send
    return await self._connection.wrap_api_call(
_ _ _ _ _ _ _ _ _ _ _ _ _ _ _ _ _ _ _ _ _ _ _ _ _ _ _ _ _ _ _ _ _ _ _ _ _ _ _ _ 

self = <playwright._impl._connection.Connection object at 0x78f3c2093800>
cb = <function Channel.send.<locals>.<lambda> at 0x78f3c131ec00>
is_internal = False, title = None

    async def wrap_api_call(
        self, cb: Callable[[], Any], is_internal: bool = False, title: str = None
    ) -> Any:
        if self._api_zone.get():
            return await cb()
        task = asyncio.current_task(self._loop)
        st: List[inspect.FrameInfo] = getattr(
            task, "__pw_stack__", None
        ) or inspect.stack(0)
    
        parsed_st = _extract_stack_trace_information_from_stack(st, is_internal, title)
        self._api_zone.set(parsed_st)
        try:
            return await cb()
        except Exception as error:
>           raise rewrite_error(error, f"{parsed_st['apiName']}: {error}") from None
E           playwright._impl._errors.Error: Page.goto: net::ERR_CONNECTION_REFUSED at http://localhost:3099/approvals
E           Call log:
E             - navigating to "http://localhost:3099/approvals", waiting until "load"

/usr/local/lib/python3.12/dist-packages/playwright/_impl/_connection.py:558: Error
_ TestHtmxToastExtraction.test_review_html_has_no_inline_htmx_error_listeners __

self = <test_htmx_toast_extraction.TestHtmxToastExtraction object at 0x78f3c236a150>
page = <Page url='chrome-error://chromewebdata/'>

    def test_review_html_has_no_inline_htmx_error_listeners(self, page: Page):
        """T-2119: no inline addEventListener('htmx:…') in served review HTML.
    
        Re-adding the inline pair while htmx-toast.js is also loaded produces
        a double-toast on every error. Either listener path may exist, but
        not both — htmx-toast.js owns wiring.
        """
>       task_id = _find_reviewable_task(page)
                  ^^^^^^^^^^^^^^^^^^^^^^^^^^^

tests/playwright/test_htmx_toast_extraction.py:73: 
_ _ _ _ _ _ _ _ _ _ _ _ _ _ _ _ _ _ _ _ _ _ _ _ _ _ _ _ _ _ _ _ _ _ _ _ _ _ _ _ 
tests/playwright/test_htmx_toast_extraction.py:41: in _find_reviewable_task
    page.goto(_url("/approvals"))
/usr/local/lib/python3.12/dist-packages/playwright/sync_api/_generated.py:9019: in goto
    self._sync(
/usr/local/lib/python3.12/dist-packages/playwright/_impl/_page.py:556: in goto
    return await self._main_frame.goto(**locals_to_params(locals()))
           ^^^^^^^^^^^^^^^^^^^^^^^^^^^^^^^^^^^^^^^^^^^^^^^^^^^^^^^^^
/usr/local/lib/python3.12/dist-packages/playwright/_impl/_frame.py:153: in goto
    await self._channel.send(
/usr/local/lib/python3.12/dist-packages/playwright/_impl/_connection.py:69: in send
    return await self._connection.wrap_api_call(
_ _ _ _ _ _ _ _ _ _ _ _ _ _ _ _ _ _ _ _ _ _ _ _ _ _ _ _ _ _ _ _ _ _ _ _ _ _ _ _ 

self = <playwright._impl._connection.Connection object at 0x78f3c2093800>
cb = <function Channel.send.<locals>.<lambda> at 0x78f3c0de4900>
is_internal = False, title = None

    async def wrap_api_call(
        self, cb: Callable[[], Any], is_internal: bool = False, title: str = None
    ) -> Any:
        if self._api_zone.get():
            return await cb()
        task = asyncio.current_task(self._loop)
        st: List[inspect.FrameInfo] = getattr(
            task, "__pw_stack__", None
        ) or inspect.stack(0)
    
        parsed_st = _extract_stack_trace_information_from_stack(st, is_internal, title)
        self._api_zone.set(parsed_st)
        try:
            return await cb()
        except Exception as error:
>           raise rewrite_error(error, f"{parsed_st['apiName']}: {error}") from None
E           playwright._impl._errors.Error: Page.goto: net::ERR_CONNECTION_REFUSED at http://localhost:3099/approvals
E           Call log:
E             - navigating to "http://localhost:3099/approvals", waiting until "load"

/usr/local/lib/python3.12/dist-packages/playwright/_impl/_connection.py:558: Error
___________ TestHtmxToastExtraction.test_window_showtoast_is_defined ___________

self = <test_htmx_toast_extraction.TestHtmxToastExtraction object at 0x78f3c236a4b0>
page = <Page url='chrome-error://chromewebdata/'>

    def test_window_showtoast_is_defined(self, page: Page):
        """Delegation contract: htmx-toast.js defers to window.showToast.
    
        Either review.html's inline showToast OR htmx-toast.js's fallback
        must publish `window.showToast` for the listener path to actually
        render a toast on error.
        """
>       task_id = _find_reviewable_task(page)
                  ^^^^^^^^^^^^^^^^^^^^^^^^^^^

tests/playwright/test_htmx_toast_extraction.py:95: 
_ _ _ _ _ _ _ _ _ _ _ _ _ _ _ _ _ _ _ _ _ _ _ _ _ _ _ _ _ _ _ _ _ _ _ _ _ _ _ _ 
tests/playwright/test_htmx_toast_extraction.py:41: in _find_reviewable_task
    page.goto(_url("/approvals"))
/usr/local/lib/python3.12/dist-packages/playwright/sync_api/_generated.py:9019: in goto
    self._sync(
/usr/local/lib/python3.12/dist-packages/playwright/_impl/_page.py:556: in goto
    return await self._main_frame.goto(**locals_to_params(locals()))
           ^^^^^^^^^^^^^^^^^^^^^^^^^^^^^^^^^^^^^^^^^^^^^^^^^^^^^^^^^
/usr/local/lib/python3.12/dist-packages/playwright/_impl/_frame.py:153: in goto
    await self._channel.send(
/usr/local/lib/python3.12/dist-packages/playwright/_impl/_connection.py:69: in send
    return await self._connection.wrap_api_call(
_ _ _ _ _ _ _ _ _ _ _ _ _ _ _ _ _ _ _ _ _ _ _ _ _ _ _ _ _ _ _ _ _ _ _ _ _ _ _ _ 

self = <playwright._impl._connection.Connection object at 0x78f3c2093800>
cb = <function Channel.send.<locals>.<lambda> at 0x78f3c0de51c0>
is_internal = False, title = None

    async def wrap_api_call(
        self, cb: Callable[[], Any], is_internal: bool = False, title: str = None
    ) -> Any:
        if self._api_zone.get():
            return await cb()
        task = asyncio.current_task(self._loop)
        st: List[inspect.FrameInfo] = getattr(
            task, "__pw_stack__", None
        ) or inspect.stack(0)
    
        parsed_st = _extract_stack_trace_information_from_stack(st, is_internal, title)
        self._api_zone.set(parsed_st)
        try:
            return await cb()
        except Exception as error:
>           raise rewrite_error(error, f"{parsed_st['apiName']}: {error}") from None
E           playwright._impl._errors.Error: Page.goto: net::ERR_CONNECTION_REFUSED at http://localhost:3099/approvals
E           Call log:
E             - navigating to "http://localhost:3099/approvals", waiting until "load"

/usr/local/lib/python3.12/dist-packages/playwright/_impl/_connection.py:558: Error
_____ TestHtmxToastExtraction.test_served_htmx_toast_js_wires_both_events ______

self = <test_htmx_toast_extraction.TestHtmxToastExtraction object at 0x78f3c236a840>
page = <Page url='about:blank'>

    def test_served_htmx_toast_js_wires_both_events(self, page: Page):
        """The module must address both responseError + sendError.
    
        Origin: dropping one of the two from htmx-toast.js while keeping the
        script load would silently regress one half of the error UX.
        """
        # Fetch the JS directly via the page's network layer.
>       resp = page.request.get(_url("/static/htmx-toast.js"))
               ^^^^^^^^^^^^^^^^^^^^^^^^^^^^^^^^^^^^^^^^^^^^^^^

tests/playwright/test_htmx_toast_extraction.py:117: 
_ _ _ _ _ _ _ _ _ _ _ _ _ _ _ _ _ _ _ _ _ _ _ _ _ _ _ _ _ _ _ _ _ _ _ _ _ _ _ _ 
/usr/local/lib/python3.12/dist-packages/playwright/sync_api/_generated.py:18446: in get
    self._sync(
/usr/local/lib/python3.12/dist-packages/playwright/_impl/_fetch.py:193: in get
    return await self.fetch(
/usr/local/lib/python3.12/dist-packages/playwright/_impl/_fetch.py:319: in fetch
    return await self._inner_fetch(
/usr/local/lib/python3.12/dist-packages/playwright/_impl/_fetch.py:410: in _inner_fetch
    response = await self._channel.send(
/usr/local/lib/python3.12/dist-packages/playwright/_impl/_connection.py:69: in send
    return await self._connection.wrap_api_call(
_ _ _ _ _ _ _ _ _ _ _ _ _ _ _ _ _ _ _ _ _ _ _ _ _ _ _ _ _ _ _ _ _ _ _ _ _ _ _ _ 

self = <playwright._impl._connection.Connection object at 0x78f3c2093800>
cb = <function Channel.send.<locals>.<lambda> at 0x78f3c1100e00>
is_internal = False, title = None

    async def wrap_api_call(
        self, cb: Callable[[], Any], is_internal: bool = False, title: str = None
    ) -> Any:
        if self._api_zone.get():
            return await cb()
        task = asyncio.current_task(self._loop)
        st: List[inspect.FrameInfo] = getattr(
            task, "__pw_stack__", None
        ) or inspect.stack(0)
    
        parsed_st = _extract_stack_trace_information_from_stack(st, is_internal, title)
        self._api_zone.set(parsed_st)
        try:
            return await cb()
        except Exception as error:
>           raise rewrite_error(error, f"{parsed_st['apiName']}: {error}") from None
E           playwright._impl._errors.Error: APIRequestContext.get: connect ECONNREFUSED 127.0.0.1:3099
E           Call log:
E             - → GET http://localhost:3099/static/htmx-toast.js
E               - user-agent: Mozilla/5.0 (X11; Linux x86_64) AppleWebKit/537.36 (KHTML, like Gecko) HeadlessChrome/140.0.7339.16 Safari/537.36
E               - accept: */*
E               - accept-encoding: gzip,deflate,br

/usr/local/lib/python3.12/dist-packages/playwright/_impl/_connection.py:558: Error
_________________ TestInceptionList.test_inception_page_loads __________________

self = <test_inception.TestInceptionList object at 0x78f3c23538f0>
page = <Page url='chrome-error://chromewebdata/'>

    def test_inception_page_loads(self, page: Page):
>       resp = page.goto(_url("/inception"))
               ^^^^^^^^^^^^^^^^^^^^^^^^^^^^^

tests/playwright/test_inception.py:19: 
_ _ _ _ _ _ _ _ _ _ _ _ _ _ _ _ _ _ _ _ _ _ _ _ _ _ _ _ _ _ _ _ _ _ _ _ _ _ _ _ 
/usr/local/lib/python3.12/dist-packages/playwright/sync_api/_generated.py:9019: in goto
    self._sync(
/usr/local/lib/python3.12/dist-packages/playwright/_impl/_page.py:556: in goto
    return await self._main_frame.goto(**locals_to_params(locals()))
           ^^^^^^^^^^^^^^^^^^^^^^^^^^^^^^^^^^^^^^^^^^^^^^^^^^^^^^^^^
/usr/local/lib/python3.12/dist-packages/playwright/_impl/_frame.py:153: in goto
    await self._channel.send(
/usr/local/lib/python3.12/dist-packages/playwright/_impl/_connection.py:69: in send
    return await self._connection.wrap_api_call(
_ _ _ _ _ _ _ _ _ _ _ _ _ _ _ _ _ _ _ _ _ _ _ _ _ _ _ _ _ _ _ _ _ _ _ _ _ _ _ _ 

self = <playwright._impl._connection.Connection object at 0x78f3c2093800>
cb = <function Channel.send.<locals>.<lambda> at 0x78f3c0e360c0>
is_internal = False, title = None

    async def wrap_api_call(
        self, cb: Callable[[], Any], is_internal: bool = False, title: str = None
    ) -> Any:
        if self._api_zone.get():
            return await cb()
        task = asyncio.current_task(self._loop)
        st: List[inspect.FrameInfo] = getattr(
            task, "__pw_stack__", None
        ) or inspect.stack(0)
    
        parsed_st = _extract_stack_trace_information_from_stack(st, is_internal, title)
        self._api_zone.set(parsed_st)
        try:
            return await cb()
        except Exception as error:
>           raise rewrite_error(error, f"{parsed_st['apiName']}: {error}") from None
E           playwright._impl._errors.Error: Page.goto: net::ERR_CONNECTION_REFUSED at http://localhost:3099/inception
E           Call log:
E             - navigating to "http://localhost:3099/inception", waiting until "load"

/usr/local/lib/python3.12/dist-packages/playwright/_impl/_connection.py:558: Error
_________________ TestInceptionList.test_inception_has_content _________________

self = <test_inception.TestInceptionList object at 0x78f3c236a690>
page = <Page url='chrome-error://chromewebdata/'>

    def test_inception_has_content(self, page: Page):
>       page.goto(_url("/inception"))

tests/playwright/test_inception.py:23: 
_ _ _ _ _ _ _ _ _ _ _ _ _ _ _ _ _ _ _ _ _ _ _ _ _ _ _ _ _ _ _ _ _ _ _ _ _ _ _ _ 
/usr/local/lib/python3.12/dist-packages/playwright/sync_api/_generated.py:9019: in goto
    self._sync(
/usr/local/lib/python3.12/dist-packages/playwright/_impl/_page.py:556: in goto
    return await self._main_frame.goto(**locals_to_params(locals()))
           ^^^^^^^^^^^^^^^^^^^^^^^^^^^^^^^^^^^^^^^^^^^^^^^^^^^^^^^^^
/usr/local/lib/python3.12/dist-packages/playwright/_impl/_frame.py:153: in goto
    await self._channel.send(
/usr/local/lib/python3.12/dist-packages/playwright/_impl/_connection.py:69: in send
    return await self._connection.wrap_api_call(
_ _ _ _ _ _ _ _ _ _ _ _ _ _ _ _ _ _ _ _ _ _ _ _ _ _ _ _ _ _ _ _ _ _ _ _ _ _ _ _ 

self = <playwright._impl._connection.Connection object at 0x78f3c2093800>
cb = <function Channel.send.<locals>.<lambda> at 0x78f3c0de4860>
is_internal = False, title = None

    async def wrap_api_call(
        self, cb: Callable[[], Any], is_internal: bool = False, title: str = None
    ) -> Any:
        if self._api_zone.get():
            return await cb()
        task = asyncio.current_task(self._loop)
        st: List[inspect.FrameInfo] = getattr(
            task, "__pw_stack__", None
        ) or inspect.stack(0)
    
        parsed_st = _extract_stack_trace_information_from_stack(st, is_internal, title)
        self._api_zone.set(parsed_st)
        try:
            return await cb()
        except Exception as error:
>           raise rewrite_error(error, f"{parsed_st['apiName']}: {error}") from None
E           playwright._impl._errors.Error: Page.goto: net::ERR_CONNECTION_REFUSED at http://localhost:3099/inception
E           Call log:
E             - navigating to "http://localhost:3099/inception", waiting until "load"

/usr/local/lib/python3.12/dist-packages/playwright/_impl/_connection.py:558: Error
______________ TestInceptionList.test_inception_has_task_entries _______________

self = <test_inception.TestInceptionList object at 0x78f3c2369fa0>
page = <Page url='chrome-error://chromewebdata/'>

    def test_inception_has_task_entries(self, page: Page):
>       page.goto(_url("/inception"))

tests/playwright/test_inception.py:28: 
_ _ _ _ _ _ _ _ _ _ _ _ _ _ _ _ _ _ _ _ _ _ _ _ _ _ _ _ _ _ _ _ _ _ _ _ _ _ _ _ 
/usr/local/lib/python3.12/dist-packages/playwright/sync_api/_generated.py:9019: in goto
    self._sync(
/usr/local/lib/python3.12/dist-packages/playwright/_impl/_page.py:556: in goto
    return await self._main_frame.goto(**locals_to_params(locals()))
           ^^^^^^^^^^^^^^^^^^^^^^^^^^^^^^^^^^^^^^^^^^^^^^^^^^^^^^^^^
/usr/local/lib/python3.12/dist-packages/playwright/_impl/_frame.py:153: in goto
    await self._channel.send(
/usr/local/lib/python3.12/dist-packages/playwright/_impl/_connection.py:69: in send
    return await self._connection.wrap_api_call(
_ _ _ _ _ _ _ _ _ _ _ _ _ _ _ _ _ _ _ _ _ _ _ _ _ _ _ _ _ _ _ _ _ _ _ _ _ _ _ _ 

self = <playwright._impl._connection.Connection object at 0x78f3c2093800>
cb = <function Channel.send.<locals>.<lambda> at 0x78f3c1255440>
is_internal = False, title = None

    async def wrap_api_call(
        self, cb: Callable[[], Any], is_internal: bool = False, title: str = None
    ) -> Any:
        if self._api_zone.get():
            return await cb()
        task = asyncio.current_task(self._loop)
        st: List[inspect.FrameInfo] = getattr(
            task, "__pw_stack__", None
        ) or inspect.stack(0)
    
        parsed_st = _extract_stack_trace_information_from_stack(st, is_internal, title)
        self._api_zone.set(parsed_st)
        try:
            return await cb()
        except Exception as error:
>           raise rewrite_error(error, f"{parsed_st['apiName']}: {error}") from None
E           playwright._impl._errors.Error: Page.goto: net::ERR_CONNECTION_REFUSED at http://localhost:3099/inception
E           Call log:
E             - navigating to "http://localhost:3099/inception", waiting until "load"

/usr/local/lib/python3.12/dist-packages/playwright/_impl/_connection.py:558: Error
_______________ TestInceptionDetail.test_inception_detail_loads ________________

self = <test_inception.TestInceptionDetail object at 0x78f3c23694c0>
page = <Page url='chrome-error://chromewebdata/'>

    def test_inception_detail_loads(self, page: Page):
>       page.goto(_url("/inception"))

tests/playwright/test_inception.py:39: 
_ _ _ _ _ _ _ _ _ _ _ _ _ _ _ _ _ _ _ _ _ _ _ _ _ _ _ _ _ _ _ _ _ _ _ _ _ _ _ _ 
/usr/local/lib/python3.12/dist-packages/playwright/sync_api/_generated.py:9019: in goto
    self._sync(
/usr/local/lib/python3.12/dist-packages/playwright/_impl/_page.py:556: in goto
    return await self._main_frame.goto(**locals_to_params(locals()))
           ^^^^^^^^^^^^^^^^^^^^^^^^^^^^^^^^^^^^^^^^^^^^^^^^^^^^^^^^^
/usr/local/lib/python3.12/dist-packages/playwright/_impl/_frame.py:153: in goto
    await self._channel.send(
/usr/local/lib/python3.12/dist-packages/playwright/_impl/_connection.py:69: in send
    return await self._connection.wrap_api_call(
_ _ _ _ _ _ _ _ _ _ _ _ _ _ _ _ _ _ _ _ _ _ _ _ _ _ _ _ _ _ _ _ _ _ _ _ _ _ _ _ 

self = <playwright._impl._connection.Connection object at 0x78f3c2093800>
cb = <function Channel.send.<locals>.<lambda> at 0x78f3c1723e20>
is_internal = False, title = None

    async def wrap_api_call(
        self, cb: Callable[[], Any], is_internal: bool = False, title: str = None
    ) -> Any:
        if self._api_zone.get():
            return await cb()
        task = asyncio.current_task(self._loop)
        st: List[inspect.FrameInfo] = getattr(
            task, "__pw_stack__", None
        ) or inspect.stack(0)
    
        parsed_st = _extract_stack_trace_information_from_stack(st, is_internal, title)
        self._api_zone.set(parsed_st)
        try:
            return await cb()
        except Exception as error:
>           raise rewrite_error(error, f"{parsed_st['apiName']}: {error}") from None
E           playwright._impl._errors.Error: Page.goto: net::ERR_CONNECTION_REFUSED at http://localhost:3099/inception
E           Call log:
E             - navigating to "http://localhost:3099/inception", waiting until "load"

/usr/local/lib/python3.12/dist-packages/playwright/_impl/_connection.py:558: Error
____________ TestInceptionDetail.test_inception_detail_has_sections ____________

self = <test_inception.TestInceptionDetail object at 0x78f3c236b3e0>
page = <Page url='chrome-error://chromewebdata/'>

    def test_inception_detail_has_sections(self, page: Page):
>       page.goto(_url("/inception"))

tests/playwright/test_inception.py:49: 
_ _ _ _ _ _ _ _ _ _ _ _ _ _ _ _ _ _ _ _ _ _ _ _ _ _ _ _ _ _ _ _ _ _ _ _ _ _ _ _ 
/usr/local/lib/python3.12/dist-packages/playwright/sync_api/_generated.py:9019: in goto
    self._sync(
/usr/local/lib/python3.12/dist-packages/playwright/_impl/_page.py:556: in goto
    return await self._main_frame.goto(**locals_to_params(locals()))
           ^^^^^^^^^^^^^^^^^^^^^^^^^^^^^^^^^^^^^^^^^^^^^^^^^^^^^^^^^
/usr/local/lib/python3.12/dist-packages/playwright/_impl/_frame.py:153: in goto
    await self._channel.send(
/usr/local/lib/python3.12/dist-packages/playwright/_impl/_connection.py:69: in send
    return await self._connection.wrap_api_call(
_ _ _ _ _ _ _ _ _ _ _ _ _ _ _ _ _ _ _ _ _ _ _ _ _ _ _ _ _ _ _ _ _ _ _ _ _ _ _ _ 

self = <playwright._impl._connection.Connection object at 0x78f3c2093800>
cb = <function Channel.send.<locals>.<lambda> at 0x78f3c11d04a0>
is_internal = False, title = None

    async def wrap_api_call(
        self, cb: Callable[[], Any], is_internal: bool = False, title: str = None
    ) -> Any:
        if self._api_zone.get():
            return await cb()
        task = asyncio.current_task(self._loop)
        st: List[inspect.FrameInfo] = getattr(
            task, "__pw_stack__", None
        ) or inspect.stack(0)
    
        parsed_st = _extract_stack_trace_information_from_stack(st, is_internal, title)
        self._api_zone.set(parsed_st)
        try:
            return await cb()
        except Exception as error:
>           raise rewrite_error(error, f"{parsed_st['apiName']}: {error}") from None
E           playwright._impl._errors.Error: Page.goto: net::ERR_CONNECTION_REFUSED at http://localhost:3099/inception
E           Call log:
E             - navigating to "http://localhost:3099/inception", waiting until "load"

/usr/local/lib/python3.12/dist-packages/playwright/_impl/_connection.py:558: Error
_________ TestInceptionDetail.test_inception_detail_has_decision_form __________

self = <test_inception.TestInceptionDetail object at 0x78f3c236b770>
page = <Page url='chrome-error://chromewebdata/'>

    def test_inception_detail_has_decision_form(self, page: Page):
>       page.goto(_url("/inception"))

tests/playwright/test_inception.py:63: 
_ _ _ _ _ _ _ _ _ _ _ _ _ _ _ _ _ _ _ _ _ _ _ _ _ _ _ _ _ _ _ _ _ _ _ _ _ _ _ _ 
/usr/local/lib/python3.12/dist-packages/playwright/sync_api/_generated.py:9019: in goto
    self._sync(
/usr/local/lib/python3.12/dist-packages/playwright/_impl/_page.py:556: in goto
    return await self._main_frame.goto(**locals_to_params(locals()))
           ^^^^^^^^^^^^^^^^^^^^^^^^^^^^^^^^^^^^^^^^^^^^^^^^^^^^^^^^^
/usr/local/lib/python3.12/dist-packages/playwright/_impl/_frame.py:153: in goto
    await self._channel.send(
/usr/local/lib/python3.12/dist-packages/playwright/_impl/_connection.py:69: in send
    return await self._connection.wrap_api_call(
_ _ _ _ _ _ _ _ _ _ _ _ _ _ _ _ _ _ _ _ _ _ _ _ _ _ _ _ _ _ _ _ _ _ _ _ _ _ _ _ 

self = <playwright._impl._connection.Connection object at 0x78f3c2093800>
cb = <function Channel.send.<locals>.<lambda> at 0x78f3c11d0040>
is_internal = False, title = None

    async def wrap_api_call(
        self, cb: Callable[[], Any], is_internal: bool = False, title: str = None
    ) -> Any:
        if self._api_zone.get():
            return await cb()
        task = asyncio.current_task(self._loop)
        st: List[inspect.FrameInfo] = getattr(
            task, "__pw_stack__", None
        ) or inspect.stack(0)
    
        parsed_st = _extract_stack_trace_information_from_stack(st, is_internal, title)
        self._api_zone.set(parsed_st)
        try:
            return await cb()
        except Exception as error:
>           raise rewrite_error(error, f"{parsed_st['apiName']}: {error}") from None
E           playwright._impl._errors.Error: Page.goto: net::ERR_CONNECTION_REFUSED at http://localhost:3099/inception
E           Call log:
E             - navigating to "http://localhost:3099/inception", waiting until "load"

/usr/local/lib/python3.12/dist-packages/playwright/_impl/_connection.py:558: Error
________ TestInceptionEndpointHealth.test_inception_detail_pages_no_500 ________

self = <test_inception.TestInceptionEndpointHealth object at 0x78f3c236bb60>
page = <Page url='chrome-error://chromewebdata/'>

    def test_inception_detail_pages_no_500(self, page: Page):
        """Every inception detail page must return 200, not 500."""
>       page.goto(_url("/inception"))

tests/playwright/test_inception.py:81: 
_ _ _ _ _ _ _ _ _ _ _ _ _ _ _ _ _ _ _ _ _ _ _ _ _ _ _ _ _ _ _ _ _ _ _ _ _ _ _ _ 
/usr/local/lib/python3.12/dist-packages/playwright/sync_api/_generated.py:9019: in goto
    self._sync(
/usr/local/lib/python3.12/dist-packages/playwright/_impl/_page.py:556: in goto
    return await self._main_frame.goto(**locals_to_params(locals()))
           ^^^^^^^^^^^^^^^^^^^^^^^^^^^^^^^^^^^^^^^^^^^^^^^^^^^^^^^^^
/usr/local/lib/python3.12/dist-packages/playwright/_impl/_frame.py:153: in goto
    await self._channel.send(
/usr/local/lib/python3.12/dist-packages/playwright/_impl/_connection.py:69: in send
    return await self._connection.wrap_api_call(
_ _ _ _ _ _ _ _ _ _ _ _ _ _ _ _ _ _ _ _ _ _ _ _ _ _ _ _ _ _ _ _ _ _ _ _ _ _ _ _ 

self = <playwright._impl._connection.Connection object at 0x78f3c2093800>
cb = <function Channel.send.<locals>.<lambda> at 0x78f3c1255620>
is_internal = False, title = None

    async def wrap_api_call(
        self, cb: Callable[[], Any], is_internal: bool = False, title: str = None
    ) -> Any:
        if self._api_zone.get():
            return await cb()
        task = asyncio.current_task(self._loop)
        st: List[inspect.FrameInfo] = getattr(
            task, "__pw_stack__", None
        ) or inspect.stack(0)
    
        parsed_st = _extract_stack_trace_information_from_stack(st, is_internal, title)
        self._api_zone.set(parsed_st)
        try:
            return await cb()
        except Exception as error:
>           raise rewrite_error(error, f"{parsed_st['apiName']}: {error}") from None
E           playwright._impl._errors.Error: Page.goto: net::ERR_CONNECTION_REFUSED at http://localhost:3099/inception
E           Call log:
E             - navigating to "http://localhost:3099/inception", waiting until "load"

/usr/local/lib/python3.12/dist-packages/playwright/_impl/_connection.py:558: Error
_______ TestInceptionEndpointHealth.test_inception_list_summary_present ________

self = <test_inception.TestInceptionEndpointHealth object at 0x78f3c236bef0>
page = <Page url='chrome-error://chromewebdata/'>

    def test_inception_list_summary_present(self, page: Page):
        """Inception list has summary stats."""
>       page.goto(_url("/inception"))

tests/playwright/test_inception.py:95: 
_ _ _ _ _ _ _ _ _ _ _ _ _ _ _ _ _ _ _ _ _ _ _ _ _ _ _ _ _ _ _ _ _ _ _ _ _ _ _ _ 
/usr/local/lib/python3.12/dist-packages/playwright/sync_api/_generated.py:9019: in goto
    self._sync(
/usr/local/lib/python3.12/dist-packages/playwright/_impl/_page.py:556: in goto
    return await self._main_frame.goto(**locals_to_params(locals()))
           ^^^^^^^^^^^^^^^^^^^^^^^^^^^^^^^^^^^^^^^^^^^^^^^^^^^^^^^^^
/usr/local/lib/python3.12/dist-packages/playwright/_impl/_frame.py:153: in goto
    await self._channel.send(
/usr/local/lib/python3.12/dist-packages/playwright/_impl/_connection.py:69: in send
    return await self._connection.wrap_api_call(
_ _ _ _ _ _ _ _ _ _ _ _ _ _ _ _ _ _ _ _ _ _ _ _ _ _ _ _ _ _ _ _ _ _ _ _ _ _ _ _ 

self = <playwright._impl._connection.Connection object at 0x78f3c2093800>
cb = <function Channel.send.<locals>.<lambda> at 0x78f3c133b380>
is_internal = False, title = None

    async def wrap_api_call(
        self, cb: Callable[[], Any], is_internal: bool = False, title: str = None
    ) -> Any:
        if self._api_zone.get():
            return await cb()
        task = asyncio.current_task(self._loop)
        st: List[inspect.FrameInfo] = getattr(
            task, "__pw_stack__", None
        ) or inspect.stack(0)
    
        parsed_st = _extract_stack_trace_information_from_stack(st, is_internal, title)
        self._api_zone.set(parsed_st)
        try:
            return await cb()
        except Exception as error:
>           raise rewrite_error(error, f"{parsed_st['apiName']}: {error}") from None
E           playwright._impl._errors.Error: Page.goto: net::ERR_CONNECTION_REFUSED at http://localhost:3099/inception
E           Call log:
E             - navigating to "http://localhost:3099/inception", waiting until "load"

/usr/local/lib/python3.12/dist-packages/playwright/_impl/_connection.py:558: Error
___________ TestInceptionEndpointHealth.test_assumptions_page_loads ____________

self = <test_inception.TestInceptionEndpointHealth object at 0x78f3c239c2c0>
page = <Page url='chrome-error://chromewebdata/'>

    def test_assumptions_page_loads(self, page: Page):
        """Assumptions page loads without error."""
>       resp = page.goto(_url("/assumptions"))
               ^^^^^^^^^^^^^^^^^^^^^^^^^^^^^^^

tests/playwright/test_inception.py:104: 
_ _ _ _ _ _ _ _ _ _ _ _ _ _ _ _ _ _ _ _ _ _ _ _ _ _ _ _ _ _ _ _ _ _ _ _ _ _ _ _ 
/usr/local/lib/python3.12/dist-packages/playwright/sync_api/_generated.py:9019: in goto
    self._sync(
/usr/local/lib/python3.12/dist-packages/playwright/_impl/_page.py:556: in goto
    return await self._main_frame.goto(**locals_to_params(locals()))
           ^^^^^^^^^^^^^^^^^^^^^^^^^^^^^^^^^^^^^^^^^^^^^^^^^^^^^^^^^
/usr/local/lib/python3.12/dist-packages/playwright/_impl/_frame.py:153: in goto
    await self._channel.send(
/usr/local/lib/python3.12/dist-packages/playwright/_impl/_connection.py:69: in send
    return await self._connection.wrap_api_call(
_ _ _ _ _ _ _ _ _ _ _ _ _ _ _ _ _ _ _ _ _ _ _ _ _ _ _ _ _ _ _ _ _ _ _ _ _ _ _ _ 

self = <playwright._impl._connection.Connection object at 0x78f3c2093800>
cb = <function Channel.send.<locals>.<lambda> at 0x78f3c1255620>
is_internal = False, title = None

    async def wrap_api_call(
        self, cb: Callable[[], Any], is_internal: bool = False, title: str = None
    ) -> Any:
        if self._api_zone.get():
            return await cb()
        task = asyncio.current_task(self._loop)
        st: List[inspect.FrameInfo] = getattr(
            task, "__pw_stack__", None
        ) or inspect.stack(0)
    
        parsed_st = _extract_stack_trace_information_from_stack(st, is_internal, title)
        self._api_zone.set(parsed_st)
        try:
            return await cb()
        except Exception as error:
>           raise rewrite_error(error, f"{parsed_st['apiName']}: {error}") from None
E           playwright._impl._errors.Error: Page.goto: net::ERR_CONNECTION_REFUSED at http://localhost:3099/assumptions
E           Call log:
E             - navigating to "http://localhost:3099/assumptions", waiting until "load"

/usr/local/lib/python3.12/dist-packages/playwright/_impl/_connection.py:558: Error
_____ TestRedecideAffordance.test_decided_inception_shows_superseding_form _____

self = <test_inception.TestRedecideAffordance object at 0x78f3c239c6b0>
page = <Page url='chrome-error://chromewebdata/'>

    def test_decided_inception_shows_superseding_form(self, page: Page):
        """Core regression for G-057: decided inception exposes re-decide affordance."""
>       task_id = self._find_decided_inception(page)
                  ^^^^^^^^^^^^^^^^^^^^^^^^^^^^^^^^^^

tests/playwright/test_inception.py:144: 
_ _ _ _ _ _ _ _ _ _ _ _ _ _ _ _ _ _ _ _ _ _ _ _ _ _ _ _ _ _ _ _ _ _ _ _ _ _ _ _ 
tests/playwright/test_inception.py:125: in _find_decided_inception
    page.goto(_url(f"/inception?decision={decision}&location=active"))
/usr/local/lib/python3.12/dist-packages/playwright/sync_api/_generated.py:9019: in goto
    self._sync(
/usr/local/lib/python3.12/dist-packages/playwright/_impl/_page.py:556: in goto
    return await self._main_frame.goto(**locals_to_params(locals()))
           ^^^^^^^^^^^^^^^^^^^^^^^^^^^^^^^^^^^^^^^^^^^^^^^^^^^^^^^^^
/usr/local/lib/python3.12/dist-packages/playwright/_impl/_frame.py:153: in goto
    await self._channel.send(
/usr/local/lib/python3.12/dist-packages/playwright/_impl/_connection.py:69: in send
    return await self._connection.wrap_api_call(
_ _ _ _ _ _ _ _ _ _ _ _ _ _ _ _ _ _ _ _ _ _ _ _ _ _ _ _ _ _ _ _ _ _ _ _ _ _ _ _ 

self = <playwright._impl._connection.Connection object at 0x78f3c2093800>
cb = <function Channel.send.<locals>.<lambda> at 0x78f3c11d2520>
is_internal = False, title = None

    async def wrap_api_call(
        self, cb: Callable[[], Any], is_internal: bool = False, title: str = None
    ) -> Any:
        if self._api_zone.get():
            return await cb()
        task = asyncio.current_task(self._loop)
        st: List[inspect.FrameInfo] = getattr(
            task, "__pw_stack__", None
        ) or inspect.stack(0)
    
        parsed_st = _extract_stack_trace_information_from_stack(st, is_internal, title)
        self._api_zone.set(parsed_st)
        try:
            return await cb()
        except Exception as error:
>           raise rewrite_error(error, f"{parsed_st['apiName']}: {error}") from None
E           playwright._impl._errors.Error: Page.goto: net::ERR_CONNECTION_REFUSED at http://localhost:3099/inception?decision=go&location=active
E           Call log:
E             - navigating to "http://localhost:3099/inception?decision=go&location=active", waiting until "load"

/usr/local/lib/python3.12/dist-packages/playwright/_impl/_connection.py:558: Error
_______ TestRedecideAffordance.test_decided_inception_shows_context_note _______

self = <test_inception.TestRedecideAffordance object at 0x78f3c239ca40>
page = <Page url='chrome-error://chromewebdata/'>

    def test_decided_inception_shows_context_note(self, page: Page):
        """Superseding form should warn the user + cite audit trail behaviour."""
>       task_id = self._find_decided_inception(page)
                  ^^^^^^^^^^^^^^^^^^^^^^^^^^^^^^^^^^

tests/playwright/test_inception.py:166: 
_ _ _ _ _ _ _ _ _ _ _ _ _ _ _ _ _ _ _ _ _ _ _ _ _ _ _ _ _ _ _ _ _ _ _ _ _ _ _ _ 
tests/playwright/test_inception.py:125: in _find_decided_inception
    page.goto(_url(f"/inception?decision={decision}&location=active"))
/usr/local/lib/python3.12/dist-packages/playwright/sync_api/_generated.py:9019: in goto
    self._sync(
/usr/local/lib/python3.12/dist-packages/playwright/_impl/_page.py:556: in goto
    return await self._main_frame.goto(**locals_to_params(locals()))
           ^^^^^^^^^^^^^^^^^^^^^^^^^^^^^^^^^^^^^^^^^^^^^^^^^^^^^^^^^
/usr/local/lib/python3.12/dist-packages/playwright/_impl/_frame.py:153: in goto
    await self._channel.send(
/usr/local/lib/python3.12/dist-packages/playwright/_impl/_connection.py:69: in send
    return await self._connection.wrap_api_call(
_ _ _ _ _ _ _ _ _ _ _ _ _ _ _ _ _ _ _ _ _ _ _ _ _ _ _ _ _ _ _ _ _ _ _ _ _ _ _ _ 

self = <playwright._impl._connection.Connection object at 0x78f3c2093800>
cb = <function Channel.send.<locals>.<lambda> at 0x78f3c1338cc0>
is_internal = False, title = None

    async def wrap_api_call(
        self, cb: Callable[[], Any], is_internal: bool = False, title: str = None
    ) -> Any:
        if self._api_zone.get():
            return await cb()
        task = asyncio.current_task(self._loop)
        st: List[inspect.FrameInfo] = getattr(
            task, "__pw_stack__", None
        ) or inspect.stack(0)
    
        parsed_st = _extract_stack_trace_information_from_stack(st, is_internal, title)
        self._api_zone.set(parsed_st)
        try:
            return await cb()
        except Exception as error:
>           raise rewrite_error(error, f"{parsed_st['apiName']}: {error}") from None
E           playwright._impl._errors.Error: Page.goto: net::ERR_CONNECTION_REFUSED at http://localhost:3099/inception?decision=go&location=active
E           Call log:
E             - navigating to "http://localhost:3099/inception?decision=go&location=active", waiting until "load"

/usr/local/lib/python3.12/dist-packages/playwright/_impl/_connection.py:558: Error
__ TestRedecideAffordance.test_pending_inception_keeps_record_decision_label ___

self = <test_inception.TestRedecideAffordance object at 0x78f3c239cdd0>
page = <Page url='chrome-error://chromewebdata/'>

    def test_pending_inception_keeps_record_decision_label(self, page: Page):
        """No regression: pending inceptions still show 'Record Decision' (not 'Superseding')."""
        # Find a pending active inception
>       page.goto(_url("/inception?decision=pending"))

tests/playwright/test_inception.py:179: 
_ _ _ _ _ _ _ _ _ _ _ _ _ _ _ _ _ _ _ _ _ _ _ _ _ _ _ _ _ _ _ _ _ _ _ _ _ _ _ _ 
/usr/local/lib/python3.12/dist-packages/playwright/sync_api/_generated.py:9019: in goto
    self._sync(
/usr/local/lib/python3.12/dist-packages/playwright/_impl/_page.py:556: in goto
    return await self._main_frame.goto(**locals_to_params(locals()))
           ^^^^^^^^^^^^^^^^^^^^^^^^^^^^^^^^^^^^^^^^^^^^^^^^^^^^^^^^^
/usr/local/lib/python3.12/dist-packages/playwright/_impl/_frame.py:153: in goto
    await self._channel.send(
/usr/local/lib/python3.12/dist-packages/playwright/_impl/_connection.py:69: in send
    return await self._connection.wrap_api_call(
_ _ _ _ _ _ _ _ _ _ _ _ _ _ _ _ _ _ _ _ _ _ _ _ _ _ _ _ _ _ _ _ _ _ _ _ _ _ _ _ 

self = <playwright._impl._connection.Connection object at 0x78f3c2093800>
cb = <function Channel.send.<locals>.<lambda> at 0x78f3c1246a20>
is_internal = False, title = None

    async def wrap_api_call(
        self, cb: Callable[[], Any], is_internal: bool = False, title: str = None
    ) -> Any:
        if self._api_zone.get():
            return await cb()
        task = asyncio.current_task(self._loop)
        st: List[inspect.FrameInfo] = getattr(
            task, "__pw_stack__", None
        ) or inspect.stack(0)
    
        parsed_st = _extract_stack_trace_information_from_stack(st, is_internal, title)
        self._api_zone.set(parsed_st)
        try:
            return await cb()
        except Exception as error:
>           raise rewrite_error(error, f"{parsed_st['apiName']}: {error}") from None
E           playwright._impl._errors.Error: Page.goto: net::ERR_CONNECTION_REFUSED at http://localhost:3099/inception?decision=pending
E           Call log:
E             - navigating to "http://localhost:3099/inception?decision=pending", waiting until "load"

/usr/local/lib/python3.12/dist-packages/playwright/_impl/_connection.py:558: Error
_ TestRecommendationDecisionDedupe.test_adopted_decision_collapses_recommendation _

self = <test_inception.TestRecommendationDecisionDedupe object at 0x78f3c239d1c0>
page = <Page url='chrome-error://chromewebdata/'>

    def test_adopted_decision_collapses_recommendation(self, page: Page):
        """Adopted recommendation → Recommendation in <details>, Decision prominent."""
>       task_id = self._find_decided_adopted_inception(page)
                  ^^^^^^^^^^^^^^^^^^^^^^^^^^^^^^^^^^^^^^^^^^

tests/playwright/test_inception.py:237: 
_ _ _ _ _ _ _ _ _ _ _ _ _ _ _ _ _ _ _ _ _ _ _ _ _ _ _ _ _ _ _ _ _ _ _ _ _ _ _ _ 
tests/playwright/test_inception.py:217: in _find_decided_adopted_inception
    page.goto(_url(f"/inception?decision={decision}&location=active"))
/usr/local/lib/python3.12/dist-packages/playwright/sync_api/_generated.py:9019: in goto
    self._sync(
/usr/local/lib/python3.12/dist-packages/playwright/_impl/_page.py:556: in goto
    return await self._main_frame.goto(**locals_to_params(locals()))
           ^^^^^^^^^^^^^^^^^^^^^^^^^^^^^^^^^^^^^^^^^^^^^^^^^^^^^^^^^
/usr/local/lib/python3.12/dist-packages/playwright/_impl/_frame.py:153: in goto
    await self._channel.send(
/usr/local/lib/python3.12/dist-packages/playwright/_impl/_connection.py:69: in send
    return await self._connection.wrap_api_call(
_ _ _ _ _ _ _ _ _ _ _ _ _ _ _ _ _ _ _ _ _ _ _ _ _ _ _ _ _ _ _ _ _ _ _ _ _ _ _ _ 

self = <playwright._impl._connection.Connection object at 0x78f3c2093800>
cb = <function Channel.send.<locals>.<lambda> at 0x78f3c11d0540>
is_internal = False, title = None

    async def wrap_api_call(
        self, cb: Callable[[], Any], is_internal: bool = False, title: str = None
    ) -> Any:
        if self._api_zone.get():
            return await cb()
        task = asyncio.current_task(self._loop)
        st: List[inspect.FrameInfo] = getattr(
            task, "__pw_stack__", None
        ) or inspect.stack(0)
    
        parsed_st = _extract_stack_trace_information_from_stack(st, is_internal, title)
        self._api_zone.set(parsed_st)
        try:
            return await cb()
        except Exception as error:
>           raise rewrite_error(error, f"{parsed_st['apiName']}: {error}") from None
E           playwright._impl._errors.Error: Page.goto: net::ERR_CONNECTION_REFUSED at http://localhost:3099/inception?decision=go&location=active
E           Call log:
E             - navigating to "http://localhost:3099/inception?decision=go&location=active", waiting until "load"

/usr/local/lib/python3.12/dist-packages/playwright/_impl/_connection.py:558: Error
_ TestRecommendationDecisionDedupe.test_pending_inception_shows_recommendation_prominently _

self = <test_inception.TestRecommendationDecisionDedupe object at 0x78f3c239d550>
page = <Page url='chrome-error://chromewebdata/'>

    def test_pending_inception_shows_recommendation_prominently(self, page: Page):
        """No regression: pending inceptions still show Recommendation as article card."""
>       page.goto(_url("/inception?decision=pending"))

tests/playwright/test_inception.py:255: 
_ _ _ _ _ _ _ _ _ _ _ _ _ _ _ _ _ _ _ _ _ _ _ _ _ _ _ _ _ _ _ _ _ _ _ _ _ _ _ _ 
/usr/local/lib/python3.12/dist-packages/playwright/sync_api/_generated.py:9019: in goto
    self._sync(
/usr/local/lib/python3.12/dist-packages/playwright/_impl/_page.py:556: in goto
    return await self._main_frame.goto(**locals_to_params(locals()))
           ^^^^^^^^^^^^^^^^^^^^^^^^^^^^^^^^^^^^^^^^^^^^^^^^^^^^^^^^^
/usr/local/lib/python3.12/dist-packages/playwright/_impl/_frame.py:153: in goto
    await self._channel.send(
/usr/local/lib/python3.12/dist-packages/playwright/_impl/_connection.py:69: in send
    return await self._connection.wrap_api_call(
_ _ _ _ _ _ _ _ _ _ _ _ _ _ _ _ _ _ _ _ _ _ _ _ _ _ _ _ _ _ _ _ _ _ _ _ _ _ _ _ 

self = <playwright._impl._connection.Connection object at 0x78f3c2093800>
cb = <function Channel.send.<locals>.<lambda> at 0x78f3c1159a80>
is_internal = False, title = None

    async def wrap_api_call(
        self, cb: Callable[[], Any], is_internal: bool = False, title: str = None
    ) -> Any:
        if self._api_zone.get():
            return await cb()
        task = asyncio.current_task(self._loop)
        st: List[inspect.FrameInfo] = getattr(
            task, "__pw_stack__", None
        ) or inspect.stack(0)
    
        parsed_st = _extract_stack_trace_information_from_stack(st, is_internal, title)
        self._api_zone.set(parsed_st)
        try:
            return await cb()
        except Exception as error:
>           raise rewrite_error(error, f"{parsed_st['apiName']}: {error}") from None
E           playwright._impl._errors.Error: Page.goto: net::ERR_CONNECTION_REFUSED at http://localhost:3099/inception?decision=pending
E           Call log:
E             - navigating to "http://localhost:3099/inception?decision=pending", waiting until "load"

/usr/local/lib/python3.12/dist-packages/playwright/_impl/_connection.py:558: Error
___ TestBodyAssumptionFallback.test_approvals_page_renders_body_source_hint ____

self = <test_inception.TestBodyAssumptionFallback object at 0x78f3c236a360>
page = <Page url='chrome-error://chromewebdata/'>

    def test_approvals_page_renders_body_source_hint(self, page: Page):
        """If any decided inception with inline assumptions is on /approvals,
        the '(from body)' hint appears. Skip if the fleet has only
        ledger-registered assumptions today (not a regression, just unlucky data).
        """
>       page.goto(_url("/approvals"))

tests/playwright/test_inception.py:312: 
_ _ _ _ _ _ _ _ _ _ _ _ _ _ _ _ _ _ _ _ _ _ _ _ _ _ _ _ _ _ _ _ _ _ _ _ _ _ _ _ 
/usr/local/lib/python3.12/dist-packages/playwright/sync_api/_generated.py:9019: in goto
    self._sync(
/usr/local/lib/python3.12/dist-packages/playwright/_impl/_page.py:556: in goto
    return await self._main_frame.goto(**locals_to_params(locals()))
           ^^^^^^^^^^^^^^^^^^^^^^^^^^^^^^^^^^^^^^^^^^^^^^^^^^^^^^^^^
/usr/local/lib/python3.12/dist-packages/playwright/_impl/_frame.py:153: in goto
    await self._channel.send(
/usr/local/lib/python3.12/dist-packages/playwright/_impl/_connection.py:69: in send
    return await self._connection.wrap_api_call(
_ _ _ _ _ _ _ _ _ _ _ _ _ _ _ _ _ _ _ _ _ _ _ _ _ _ _ _ _ _ _ _ _ _ _ _ _ _ _ _ 

self = <playwright._impl._connection.Connection object at 0x78f3c2093800>
cb = <function Channel.send.<locals>.<lambda> at 0x78f3c1255b20>
is_internal = False, title = None

    async def wrap_api_call(
        self, cb: Callable[[], Any], is_internal: bool = False, title: str = None
    ) -> Any:
        if self._api_zone.get():
            return await cb()
        task = asyncio.current_task(self._loop)
        st: List[inspect.FrameInfo] = getattr(
            task, "__pw_stack__", None
        ) or inspect.stack(0)
    
        parsed_st = _extract_stack_trace_information_from_stack(st, is_internal, title)
        self._api_zone.set(parsed_st)
        try:
            return await cb()
        except Exception as error:
>           raise rewrite_error(error, f"{parsed_st['apiName']}: {error}") from None
E           playwright._impl._errors.Error: Page.goto: net::ERR_CONNECTION_REFUSED at http://localhost:3099/approvals
E           Call log:
E             - navigating to "http://localhost:3099/approvals", waiting until "load"

/usr/local/lib/python3.12/dist-packages/playwright/_impl/_connection.py:558: Error
_____________ test_claims_verdict_table_renders_when_block_present _____________

page = <Page url='chrome-error://chromewebdata/'>
positive_inception = 'T-99975'

    def test_claims_verdict_table_renders_when_block_present(page, positive_inception):
        from tests.playwright.conftest import TEST_URL
    
>       page.goto(f"{TEST_URL}/inception/{positive_inception}", wait_until="domcontentloaded")

tests/playwright/test_inception_claims_verdict.py:106: 
_ _ _ _ _ _ _ _ _ _ _ _ _ _ _ _ _ _ _ _ _ _ _ _ _ _ _ _ _ _ _ _ _ _ _ _ _ _ _ _ 
/usr/local/lib/python3.12/dist-packages/playwright/sync_api/_generated.py:9019: in goto
    self._sync(
/usr/local/lib/python3.12/dist-packages/playwright/_impl/_page.py:556: in goto
    return await self._main_frame.goto(**locals_to_params(locals()))
           ^^^^^^^^^^^^^^^^^^^^^^^^^^^^^^^^^^^^^^^^^^^^^^^^^^^^^^^^^
/usr/local/lib/python3.12/dist-packages/playwright/_impl/_frame.py:153: in goto
    await self._channel.send(
/usr/local/lib/python3.12/dist-packages/playwright/_impl/_connection.py:69: in send
    return await self._connection.wrap_api_call(
_ _ _ _ _ _ _ _ _ _ _ _ _ _ _ _ _ _ _ _ _ _ _ _ _ _ _ _ _ _ _ _ _ _ _ _ _ _ _ _ 

self = <playwright._impl._connection.Connection object at 0x78f3c2093800>
cb = <function Channel.send.<locals>.<lambda> at 0x78f3c11d3a60>
is_internal = False, title = None

    async def wrap_api_call(
        self, cb: Callable[[], Any], is_internal: bool = False, title: str = None
    ) -> Any:
        if self._api_zone.get():
            return await cb()
        task = asyncio.current_task(self._loop)
        st: List[inspect.FrameInfo] = getattr(
            task, "__pw_stack__", None
        ) or inspect.stack(0)
    
        parsed_st = _extract_stack_trace_information_from_stack(st, is_internal, title)
        self._api_zone.set(parsed_st)
        try:
            return await cb()
        except Exception as error:
>           raise rewrite_error(error, f"{parsed_st['apiName']}: {error}") from None
E           playwright._impl._errors.Error: Page.goto: net::ERR_CONNECTION_REFUSED at http://localhost:3099/inception/T-99975
E           Call log:
E             - navigating to "http://localhost:3099/inception/T-99975", waiting until "domcontentloaded"

/usr/local/lib/python3.12/dist-packages/playwright/_impl/_connection.py:558: Error
_______________ test_page_renders_cleanly_without_verdict_block ________________

page = <Page url='chrome-error://chromewebdata/'>
negative_inception = 'T-99976'

    def test_page_renders_cleanly_without_verdict_block(page, negative_inception):
        from tests.playwright.conftest import TEST_URL
    
>       resp = page.goto(f"{TEST_URL}/inception/{negative_inception}", wait_until="domcontentloaded")
               ^^^^^^^^^^^^^^^^^^^^^^^^^^^^^^^^^^^^^^^^^^^^^^^^^^^^^^^^^^^^^^^^^^^^^^^^^^^^^^^^^^^^^^

tests/playwright/test_inception_claims_verdict.py:125: 
_ _ _ _ _ _ _ _ _ _ _ _ _ _ _ _ _ _ _ _ _ _ _ _ _ _ _ _ _ _ _ _ _ _ _ _ _ _ _ _ 
/usr/local/lib/python3.12/dist-packages/playwright/sync_api/_generated.py:9019: in goto
    self._sync(
/usr/local/lib/python3.12/dist-packages/playwright/_impl/_page.py:556: in goto
    return await self._main_frame.goto(**locals_to_params(locals()))
           ^^^^^^^^^^^^^^^^^^^^^^^^^^^^^^^^^^^^^^^^^^^^^^^^^^^^^^^^^
/usr/local/lib/python3.12/dist-packages/playwright/_impl/_frame.py:153: in goto
    await self._channel.send(
/usr/local/lib/python3.12/dist-packages/playwright/_impl/_connection.py:69: in send
    return await self._connection.wrap_api_call(
_ _ _ _ _ _ _ _ _ _ _ _ _ _ _ _ _ _ _ _ _ _ _ _ _ _ _ _ _ _ _ _ _ _ _ _ _ _ _ _ 

self = <playwright._impl._connection.Connection object at 0x78f3c2093800>
cb = <function Channel.send.<locals>.<lambda> at 0x78f3c115a480>
is_internal = False, title = None

    async def wrap_api_call(
        self, cb: Callable[[], Any], is_internal: bool = False, title: str = None
    ) -> Any:
        if self._api_zone.get():
            return await cb()
        task = asyncio.current_task(self._loop)
        st: List[inspect.FrameInfo] = getattr(
            task, "__pw_stack__", None
        ) or inspect.stack(0)
    
        parsed_st = _extract_stack_trace_information_from_stack(st, is_internal, title)
        self._api_zone.set(parsed_st)
        try:
            return await cb()
        except Exception as error:
>           raise rewrite_error(error, f"{parsed_st['apiName']}: {error}") from None
E           playwright._impl._errors.Error: Page.goto: net::ERR_CONNECTION_REFUSED at http://localhost:3099/inception/T-99976
E           Call log:
E             - navigating to "http://localhost:3099/inception/T-99976", waiting until "domcontentloaded"

/usr/local/lib/python3.12/dist-packages/playwright/_impl/_connection.py:558: Error
________ TestInceptionDecideJourney.test_approvals_links_to_review_page ________

self = <test_inception_decide_flow.TestInceptionDecideJourney object at 0x78f3c239ddf0>
page = <Page url='chrome-error://chromewebdata/'>

    def test_approvals_links_to_review_page(self, page: Page):
        """/approvals must contain at least one /review/<id> link OR be
        legitimately empty. If links exist, navigating one returns 200."""
>       page.goto(_url("/approvals"))

tests/playwright/test_inception_decide_flow.py:55: 
_ _ _ _ _ _ _ _ _ _ _ _ _ _ _ _ _ _ _ _ _ _ _ _ _ _ _ _ _ _ _ _ _ _ _ _ _ _ _ _ 
/usr/local/lib/python3.12/dist-packages/playwright/sync_api/_generated.py:9019: in goto
    self._sync(
/usr/local/lib/python3.12/dist-packages/playwright/_impl/_page.py:556: in goto
    return await self._main_frame.goto(**locals_to_params(locals()))
           ^^^^^^^^^^^^^^^^^^^^^^^^^^^^^^^^^^^^^^^^^^^^^^^^^^^^^^^^^
/usr/local/lib/python3.12/dist-packages/playwright/_impl/_frame.py:153: in goto
    await self._channel.send(
/usr/local/lib/python3.12/dist-packages/playwright/_impl/_connection.py:69: in send
    return await self._connection.wrap_api_call(
_ _ _ _ _ _ _ _ _ _ _ _ _ _ _ _ _ _ _ _ _ _ _ _ _ _ _ _ _ _ _ _ _ _ _ _ _ _ _ _ 

self = <playwright._impl._connection.Connection object at 0x78f3c2093800>
cb = <function Channel.send.<locals>.<lambda> at 0x78f3c12fd620>
is_internal = False, title = None

    async def wrap_api_call(
        self, cb: Callable[[], Any], is_internal: bool = False, title: str = None
    ) -> Any:
        if self._api_zone.get():
            return await cb()
        task = asyncio.current_task(self._loop)
        st: List[inspect.FrameInfo] = getattr(
            task, "__pw_stack__", None
        ) or inspect.stack(0)
    
        parsed_st = _extract_stack_trace_information_from_stack(st, is_internal, title)
        self._api_zone.set(parsed_st)
        try:
            return await cb()
        except Exception as error:
>           raise rewrite_error(error, f"{parsed_st['apiName']}: {error}") from None
E           playwright._impl._errors.Error: Page.goto: net::ERR_CONNECTION_REFUSED at http://localhost:3099/approvals
E           Call log:
E             - navigating to "http://localhost:3099/approvals", waiting until "load"

/usr/local/lib/python3.12/dist-packages/playwright/_impl/_connection.py:558: Error
_ TestInceptionDecideJourney.test_inception_review_renders_decide_form_with_rationale _

self = <test_inception_decide_flow.TestInceptionDecideJourney object at 0x78f3c239e150>
page = <Page url='chrome-error://chromewebdata/'>

    def test_inception_review_renders_decide_form_with_rationale(self, page: Page):
        """For an inception task in decide-ready state, /review/<id> renders
        a form with textarea[name=rationale] + GO/NO-GO/DEFER buttons."""
>       tid = _find_first_inception_review_link(page)
              ^^^^^^^^^^^^^^^^^^^^^^^^^^^^^^^^^^^^^^^

tests/playwright/test_inception_decide_flow.py:71: 
_ _ _ _ _ _ _ _ _ _ _ _ _ _ _ _ _ _ _ _ _ _ _ _ _ _ _ _ _ _ _ _ _ _ _ _ _ _ _ _ 
tests/playwright/test_inception_decide_flow.py:33: in _find_first_inception_review_link
    page.goto(_url("/approvals"))
/usr/local/lib/python3.12/dist-packages/playwright/sync_api/_generated.py:9019: in goto
    self._sync(
/usr/local/lib/python3.12/dist-packages/playwright/_impl/_page.py:556: in goto
    return await self._main_frame.goto(**locals_to_params(locals()))
           ^^^^^^^^^^^^^^^^^^^^^^^^^^^^^^^^^^^^^^^^^^^^^^^^^^^^^^^^^
/usr/local/lib/python3.12/dist-packages/playwright/_impl/_frame.py:153: in goto
    await self._channel.send(
/usr/local/lib/python3.12/dist-packages/playwright/_impl/_connection.py:69: in send
    return await self._connection.wrap_api_call(
_ _ _ _ _ _ _ _ _ _ _ _ _ _ _ _ _ _ _ _ _ _ _ _ _ _ _ _ _ _ _ _ _ _ _ _ _ _ _ _ 

self = <playwright._impl._connection.Connection object at 0x78f3c2093800>
cb = <function Channel.send.<locals>.<lambda> at 0x78f3c0584a40>
is_internal = False, title = None

    async def wrap_api_call(
        self, cb: Callable[[], Any], is_internal: bool = False, title: str = None
    ) -> Any:
        if self._api_zone.get():
            return await cb()
        task = asyncio.current_task(self._loop)
        st: List[inspect.FrameInfo] = getattr(
            task, "__pw_stack__", None
        ) or inspect.stack(0)
    
        parsed_st = _extract_stack_trace_information_from_stack(st, is_internal, title)
        self._api_zone.set(parsed_st)
        try:
            return await cb()
        except Exception as error:
>           raise rewrite_error(error, f"{parsed_st['apiName']}: {error}") from None
E           playwright._impl._errors.Error: Page.goto: net::ERR_CONNECTION_REFUSED at http://localhost:3099/approvals
E           Call log:
E             - navigating to "http://localhost:3099/approvals", waiting until "load"

/usr/local/lib/python3.12/dist-packages/playwright/_impl/_connection.py:558: Error
_ TestInceptionDecideJourney.test_full_decide_journey_posts_to_correct_endpoint _

self = <test_inception_decide_flow.TestInceptionDecideJourney object at 0x78f3c239e4e0>
page = <Page url='chrome-error://chromewebdata/'>

    def test_full_decide_journey_posts_to_correct_endpoint(self, page: Page):
        """Walk /approvals → /review/<id>, fill rationale, click GO, assert
        the POST went to /inception/<id>/decide. Intercepted (no mutation)."""
>       tid = _find_first_inception_review_link(page)
              ^^^^^^^^^^^^^^^^^^^^^^^^^^^^^^^^^^^^^^^

tests/playwright/test_inception_decide_flow.py:85: 
_ _ _ _ _ _ _ _ _ _ _ _ _ _ _ _ _ _ _ _ _ _ _ _ _ _ _ _ _ _ _ _ _ _ _ _ _ _ _ _ 
tests/playwright/test_inception_decide_flow.py:33: in _find_first_inception_review_link
    page.goto(_url("/approvals"))
/usr/local/lib/python3.12/dist-packages/playwright/sync_api/_generated.py:9019: in goto
    self._sync(
/usr/local/lib/python3.12/dist-packages/playwright/_impl/_page.py:556: in goto
    return await self._main_frame.goto(**locals_to_params(locals()))
           ^^^^^^^^^^^^^^^^^^^^^^^^^^^^^^^^^^^^^^^^^^^^^^^^^^^^^^^^^
/usr/local/lib/python3.12/dist-packages/playwright/_impl/_frame.py:153: in goto
    await self._channel.send(
/usr/local/lib/python3.12/dist-packages/playwright/_impl/_connection.py:69: in send
    return await self._connection.wrap_api_call(
_ _ _ _ _ _ _ _ _ _ _ _ _ _ _ _ _ _ _ _ _ _ _ _ _ _ _ _ _ _ _ _ _ _ _ _ _ _ _ _ 

self = <playwright._impl._connection.Connection object at 0x78f3c2093800>
cb = <function Channel.send.<locals>.<lambda> at 0x78f3c12579c0>
is_internal = False, title = None

    async def wrap_api_call(
        self, cb: Callable[[], Any], is_internal: bool = False, title: str = None
    ) -> Any:
        if self._api_zone.get():
            return await cb()
        task = asyncio.current_task(self._loop)
        st: List[inspect.FrameInfo] = getattr(
            task, "__pw_stack__", None
        ) or inspect.stack(0)
    
        parsed_st = _extract_stack_trace_information_from_stack(st, is_internal, title)
        self._api_zone.set(parsed_st)
        try:
            return await cb()
        except Exception as error:
>           raise rewrite_error(error, f"{parsed_st['apiName']}: {error}") from None
E           playwright._impl._errors.Error: Page.goto: net::ERR_CONNECTION_REFUSED at http://localhost:3099/approvals
E           Call log:
E             - navigating to "http://localhost:3099/approvals", waiting until "load"

/usr/local/lib/python3.12/dist-packages/playwright/_impl/_connection.py:558: Error
_________ test_inception_detail_renders_all_five_sections_when_present _________

page = <Page url='chrome-error://chromewebdata/'>
positive_inception = 'T-99977'

    def test_inception_detail_renders_all_five_sections_when_present(page, positive_inception):
        """All 5 new section headers + their sentinel content surface on a populated body."""
        from tests.playwright.conftest import TEST_URL
>       page.goto(f"{TEST_URL}/inception/{positive_inception}", wait_until="domcontentloaded")

tests/playwright/test_inception_detail_sections.py:129: 
_ _ _ _ _ _ _ _ _ _ _ _ _ _ _ _ _ _ _ _ _ _ _ _ _ _ _ _ _ _ _ _ _ _ _ _ _ _ _ _ 
/usr/local/lib/python3.12/dist-packages/playwright/sync_api/_generated.py:9019: in goto
    self._sync(
/usr/local/lib/python3.12/dist-packages/playwright/_impl/_page.py:556: in goto
    return await self._main_frame.goto(**locals_to_params(locals()))
           ^^^^^^^^^^^^^^^^^^^^^^^^^^^^^^^^^^^^^^^^^^^^^^^^^^^^^^^^^
/usr/local/lib/python3.12/dist-packages/playwright/_impl/_frame.py:153: in goto
    await self._channel.send(
/usr/local/lib/python3.12/dist-packages/playwright/_impl/_connection.py:69: in send
    return await self._connection.wrap_api_call(
_ _ _ _ _ _ _ _ _ _ _ _ _ _ _ _ _ _ _ _ _ _ _ _ _ _ _ _ _ _ _ _ _ _ _ _ _ _ _ _ 

self = <playwright._impl._connection.Connection object at 0x78f3c2093800>
cb = <function Channel.send.<locals>.<lambda> at 0x78f3c0587380>
is_internal = False, title = None

    async def wrap_api_call(
        self, cb: Callable[[], Any], is_internal: bool = False, title: str = None
    ) -> Any:
        if self._api_zone.get():
            return await cb()
        task = asyncio.current_task(self._loop)
        st: List[inspect.FrameInfo] = getattr(
            task, "__pw_stack__", None
        ) or inspect.stack(0)
    
        parsed_st = _extract_stack_trace_information_from_stack(st, is_internal, title)
        self._api_zone.set(parsed_st)
        try:
            return await cb()
        except Exception as error:
>           raise rewrite_error(error, f"{parsed_st['apiName']}: {error}") from None
E           playwright._impl._errors.Error: Page.goto: net::ERR_CONNECTION_REFUSED at http://localhost:3099/inception/T-99977
E           Call log:
E             - navigating to "http://localhost:3099/inception/T-99977", waiting until "domcontentloaded"

/usr/local/lib/python3.12/dist-packages/playwright/_impl/_connection.py:558: Error
_______________ test_inception_detail_omits_sections_when_absent _______________

page = <Page url='chrome-error://chromewebdata/'>
negative_inception = 'T-99978'

    def test_inception_detail_omits_sections_when_absent(page, negative_inception):
        """None of the 5 headers appear when the body has no matching sections."""
        from tests.playwright.conftest import TEST_URL
>       page.goto(f"{TEST_URL}/inception/{negative_inception}", wait_until="domcontentloaded")

tests/playwright/test_inception_detail_sections.py:155: 
_ _ _ _ _ _ _ _ _ _ _ _ _ _ _ _ _ _ _ _ _ _ _ _ _ _ _ _ _ _ _ _ _ _ _ _ _ _ _ _ 
/usr/local/lib/python3.12/dist-packages/playwright/sync_api/_generated.py:9019: in goto
    self._sync(
/usr/local/lib/python3.12/dist-packages/playwright/_impl/_page.py:556: in goto
    return await self._main_frame.goto(**locals_to_params(locals()))
           ^^^^^^^^^^^^^^^^^^^^^^^^^^^^^^^^^^^^^^^^^^^^^^^^^^^^^^^^^
/usr/local/lib/python3.12/dist-packages/playwright/_impl/_frame.py:153: in goto
    await self._channel.send(
/usr/local/lib/python3.12/dist-packages/playwright/_impl/_connection.py:69: in send
    return await self._connection.wrap_api_call(
_ _ _ _ _ _ _ _ _ _ _ _ _ _ _ _ _ _ _ _ _ _ _ _ _ _ _ _ _ _ _ _ _ _ _ _ _ _ _ _ 

self = <playwright._impl._connection.Connection object at 0x78f3c2093800>
cb = <function Channel.send.<locals>.<lambda> at 0x78f3c1255a80>
is_internal = False, title = None

    async def wrap_api_call(
        self, cb: Callable[[], Any], is_internal: bool = False, title: str = None
    ) -> Any:
        if self._api_zone.get():
            return await cb()
        task = asyncio.current_task(self._loop)
        st: List[inspect.FrameInfo] = getattr(
            task, "__pw_stack__", None
        ) or inspect.stack(0)
    
        parsed_st = _extract_stack_trace_information_from_stack(st, is_internal, title)
        self._api_zone.set(parsed_st)
        try:
            return await cb()
        except Exception as error:
>           raise rewrite_error(error, f"{parsed_st['apiName']}: {error}") from None
E           playwright._impl._errors.Error: Page.goto: net::ERR_CONNECTION_REFUSED at http://localhost:3099/inception/T-99978
E           Call log:
E             - navigating to "http://localhost:3099/inception/T-99978", waiting until "domcontentloaded"

/usr/local/lib/python3.12/dist-packages/playwright/_impl/_connection.py:558: Error
______________ TestInceptionHeight.test_inception_height_bounded _______________

self = <test_inception_height.TestInceptionHeight object at 0x78f3c239f740>
page = <Page url='chrome-error://chromewebdata/'>
base_url = 'http://localhost:3099'

    def test_inception_height_bounded(self, page, base_url):
        """scrollHeight stays under the screenshot cap regardless of inception count."""
>       page.goto(f"{base_url}/inception")

tests/playwright/test_inception_height.py:17: 
_ _ _ _ _ _ _ _ _ _ _ _ _ _ _ _ _ _ _ _ _ _ _ _ _ _ _ _ _ _ _ _ _ _ _ _ _ _ _ _ 
/usr/local/lib/python3.12/dist-packages/playwright/sync_api/_generated.py:9019: in goto
    self._sync(
/usr/local/lib/python3.12/dist-packages/playwright/_impl/_page.py:556: in goto
    return await self._main_frame.goto(**locals_to_params(locals()))
           ^^^^^^^^^^^^^^^^^^^^^^^^^^^^^^^^^^^^^^^^^^^^^^^^^^^^^^^^^
/usr/local/lib/python3.12/dist-packages/playwright/_impl/_frame.py:153: in goto
    await self._channel.send(
/usr/local/lib/python3.12/dist-packages/playwright/_impl/_connection.py:69: in send
    return await self._connection.wrap_api_call(
_ _ _ _ _ _ _ _ _ _ _ _ _ _ _ _ _ _ _ _ _ _ _ _ _ _ _ _ _ _ _ _ _ _ _ _ _ _ _ _ 

self = <playwright._impl._connection.Connection object at 0x78f3c2093800>
cb = <function Channel.send.<locals>.<lambda> at 0x78f3c1058040>
is_internal = False, title = None

    async def wrap_api_call(
        self, cb: Callable[[], Any], is_internal: bool = False, title: str = None
    ) -> Any:
        if self._api_zone.get():
            return await cb()
        task = asyncio.current_task(self._loop)
        st: List[inspect.FrameInfo] = getattr(
            task, "__pw_stack__", None
        ) or inspect.stack(0)
    
        parsed_st = _extract_stack_trace_information_from_stack(st, is_internal, title)
        self._api_zone.set(parsed_st)
        try:
            return await cb()
        except Exception as error:
>           raise rewrite_error(error, f"{parsed_st['apiName']}: {error}") from None
E           playwright._impl._errors.Error: Page.goto: net::ERR_CONNECTION_REFUSED at http://localhost:3099/inception
E           Call log:
E             - navigating to "http://localhost:3099/inception", waiting until "load"

/usr/local/lib/python3.12/dist-packages/playwright/_impl/_connection.py:558: Error
______________ TestInceptionHeight.test_inception_items_reachable ______________

self = <test_inception_height.TestInceptionHeight object at 0x78f3c236a0c0>
page = <Page url='chrome-error://chromewebdata/'>
base_url = 'http://localhost:3099'

    def test_inception_items_reachable(self, page, base_url):
        """No inception card leaves the DOM: the overflow collapses, never drops."""
>       page.goto(f"{base_url}/inception")

tests/playwright/test_inception_height.py:28: 
_ _ _ _ _ _ _ _ _ _ _ _ _ _ _ _ _ _ _ _ _ _ _ _ _ _ _ _ _ _ _ _ _ _ _ _ _ _ _ _ 
/usr/local/lib/python3.12/dist-packages/playwright/sync_api/_generated.py:9019: in goto
    self._sync(
/usr/local/lib/python3.12/dist-packages/playwright/_impl/_page.py:556: in goto
    return await self._main_frame.goto(**locals_to_params(locals()))
           ^^^^^^^^^^^^^^^^^^^^^^^^^^^^^^^^^^^^^^^^^^^^^^^^^^^^^^^^^
/usr/local/lib/python3.12/dist-packages/playwright/_impl/_frame.py:153: in goto
    await self._channel.send(
/usr/local/lib/python3.12/dist-packages/playwright/_impl/_connection.py:69: in send
    return await self._connection.wrap_api_call(
_ _ _ _ _ _ _ _ _ _ _ _ _ _ _ _ _ _ _ _ _ _ _ _ _ _ _ _ _ _ _ _ _ _ _ _ _ _ _ _ 

self = <playwright._impl._connection.Connection object at 0x78f3c2093800>
cb = <function Channel.send.<locals>.<lambda> at 0x78f3c10e6520>
is_internal = False, title = None

    async def wrap_api_call(
        self, cb: Callable[[], Any], is_internal: bool = False, title: str = None
    ) -> Any:
        if self._api_zone.get():
            return await cb()
        task = asyncio.current_task(self._loop)
        st: List[inspect.FrameInfo] = getattr(
            task, "__pw_stack__", None
        ) or inspect.stack(0)
    
        parsed_st = _extract_stack_trace_information_from_stack(st, is_internal, title)
        self._api_zone.set(parsed_st)
        try:
            return await cb()
        except Exception as error:
>           raise rewrite_error(error, f"{parsed_st['apiName']}: {error}") from None
E           playwright._impl._errors.Error: Page.goto: net::ERR_CONNECTION_REFUSED at http://localhost:3099/inception
E           Call log:
E             - navigating to "http://localhost:3099/inception", waiting until "load"

/usr/local/lib/python3.12/dist-packages/playwright/_impl/_connection.py:558: Error
_________________ TestInceptionPage.test_inception_page_loads __________________

self = <test_inception_page.TestInceptionPage object at 0x78f3c239f500>
page = <Page url='chrome-error://chromewebdata/'>

    def test_inception_page_loads(self, page: Page):
>       task_id = _find_inception_id(page)
                  ^^^^^^^^^^^^^^^^^^^^^^^^

tests/playwright/test_inception_page.py:29: 
_ _ _ _ _ _ _ _ _ _ _ _ _ _ _ _ _ _ _ _ _ _ _ _ _ _ _ _ _ _ _ _ _ _ _ _ _ _ _ _ 
tests/playwright/test_inception_page.py:18: in _find_inception_id
    page.goto(_url("/approvals"))
/usr/local/lib/python3.12/dist-packages/playwright/sync_api/_generated.py:9019: in goto
    self._sync(
/usr/local/lib/python3.12/dist-packages/playwright/_impl/_page.py:556: in goto
    return await self._main_frame.goto(**locals_to_params(locals()))
           ^^^^^^^^^^^^^^^^^^^^^^^^^^^^^^^^^^^^^^^^^^^^^^^^^^^^^^^^^
/usr/local/lib/python3.12/dist-packages/playwright/_impl/_frame.py:153: in goto
    await self._channel.send(
/usr/local/lib/python3.12/dist-packages/playwright/_impl/_connection.py:69: in send
    return await self._connection.wrap_api_call(
_ _ _ _ _ _ _ _ _ _ _ _ _ _ _ _ _ _ _ _ _ _ _ _ _ _ _ _ _ _ _ _ _ _ _ _ _ _ _ _ 

self = <playwright._impl._connection.Connection object at 0x78f3c2093800>
cb = <function Channel.send.<locals>.<lambda> at 0x78f3c176c2c0>
is_internal = False, title = None

    async def wrap_api_call(
        self, cb: Callable[[], Any], is_internal: bool = False, title: str = None
    ) -> Any:
        if self._api_zone.get():
            return await cb()
        task = asyncio.current_task(self._loop)
        st: List[inspect.FrameInfo] = getattr(
            task, "__pw_stack__", None
        ) or inspect.stack(0)
    
        parsed_st = _extract_stack_trace_information_from_stack(st, is_internal, title)
        self._api_zone.set(parsed_st)
        try:
            return await cb()
        except Exception as error:
>           raise rewrite_error(error, f"{parsed_st['apiName']}: {error}") from None
E           playwright._impl._errors.Error: Page.goto: net::ERR_CONNECTION_REFUSED at http://localhost:3099/approvals
E           Call log:
E             - navigating to "http://localhost:3099/approvals", waiting until "load"

/usr/local/lib/python3.12/dist-packages/playwright/_impl/_connection.py:558: Error
_________________ TestInceptionPage.test_inception_has_heading _________________

self = <test_inception_page.TestInceptionPage object at 0x78f3c239eb10>
page = <Page url='chrome-error://chromewebdata/'>

    def test_inception_has_heading(self, page: Page):
>       task_id = _find_inception_id(page)
                  ^^^^^^^^^^^^^^^^^^^^^^^^

tests/playwright/test_inception_page.py:34: 
_ _ _ _ _ _ _ _ _ _ _ _ _ _ _ _ _ _ _ _ _ _ _ _ _ _ _ _ _ _ _ _ _ _ _ _ _ _ _ _ 
tests/playwright/test_inception_page.py:18: in _find_inception_id
    page.goto(_url("/approvals"))
/usr/local/lib/python3.12/dist-packages/playwright/sync_api/_generated.py:9019: in goto
    self._sync(
/usr/local/lib/python3.12/dist-packages/playwright/_impl/_page.py:556: in goto
    return await self._main_frame.goto(**locals_to_params(locals()))
           ^^^^^^^^^^^^^^^^^^^^^^^^^^^^^^^^^^^^^^^^^^^^^^^^^^^^^^^^^
/usr/local/lib/python3.12/dist-packages/playwright/_impl/_frame.py:153: in goto
    await self._channel.send(
/usr/local/lib/python3.12/dist-packages/playwright/_impl/_connection.py:69: in send
    return await self._connection.wrap_api_call(
_ _ _ _ _ _ _ _ _ _ _ _ _ _ _ _ _ _ _ _ _ _ _ _ _ _ _ _ _ _ _ _ _ _ _ _ _ _ _ _ 

self = <playwright._impl._connection.Connection object at 0x78f3c2093800>
cb = <function Channel.send.<locals>.<lambda> at 0x78f3c115b420>
is_internal = False, title = None

    async def wrap_api_call(
        self, cb: Callable[[], Any], is_internal: bool = False, title: str = None
    ) -> Any:
        if self._api_zone.get():
            return await cb()
        task = asyncio.current_task(self._loop)
        st: List[inspect.FrameInfo] = getattr(
            task, "__pw_stack__", None
        ) or inspect.stack(0)
    
        parsed_st = _extract_stack_trace_information_from_stack(st, is_internal, title)
        self._api_zone.set(parsed_st)
        try:
            return await cb()
        except Exception as error:
>           raise rewrite_error(error, f"{parsed_st['apiName']}: {error}") from None
E           playwright._impl._errors.Error: Page.goto: net::ERR_CONNECTION_REFUSED at http://localhost:3099/approvals
E           Call log:
E             - navigating to "http://localhost:3099/approvals", waiting until "load"

/usr/local/lib/python3.12/dist-packages/playwright/_impl/_connection.py:558: Error
_________________ TestInceptionPage.test_inception_has_content _________________

self = <test_inception_page.TestInceptionPage object at 0x78f3c239dfa0>
page = <Page url='chrome-error://chromewebdata/'>

    def test_inception_has_content(self, page: Page):
        """Inception page should show problem statement or recommendation."""
>       task_id = _find_inception_id(page)
                  ^^^^^^^^^^^^^^^^^^^^^^^^

tests/playwright/test_inception_page.py:43: 
_ _ _ _ _ _ _ _ _ _ _ _ _ _ _ _ _ _ _ _ _ _ _ _ _ _ _ _ _ _ _ _ _ _ _ _ _ _ _ _ 
tests/playwright/test_inception_page.py:18: in _find_inception_id
    page.goto(_url("/approvals"))
/usr/local/lib/python3.12/dist-packages/playwright/sync_api/_generated.py:9019: in goto
    self._sync(
/usr/local/lib/python3.12/dist-packages/playwright/_impl/_page.py:556: in goto
    return await self._main_frame.goto(**locals_to_params(locals()))
           ^^^^^^^^^^^^^^^^^^^^^^^^^^^^^^^^^^^^^^^^^^^^^^^^^^^^^^^^^
/usr/local/lib/python3.12/dist-packages/playwright/_impl/_frame.py:153: in goto
    await self._channel.send(
/usr/local/lib/python3.12/dist-packages/playwright/_impl/_connection.py:69: in send
    return await self._connection.wrap_api_call(
_ _ _ _ _ _ _ _ _ _ _ _ _ _ _ _ _ _ _ _ _ _ _ _ _ _ _ _ _ _ _ _ _ _ _ _ _ _ _ _ 

self = <playwright._impl._connection.Connection object at 0x78f3c2093800>
cb = <function Channel.send.<locals>.<lambda> at 0x78f3c12454e0>
is_internal = False, title = None

    async def wrap_api_call(
        self, cb: Callable[[], Any], is_internal: bool = False, title: str = None
    ) -> Any:
        if self._api_zone.get():
            return await cb()
        task = asyncio.current_task(self._loop)
        st: List[inspect.FrameInfo] = getattr(
            task, "__pw_stack__", None
        ) or inspect.stack(0)
    
        parsed_st = _extract_stack_trace_information_from_stack(st, is_internal, title)
        self._api_zone.set(parsed_st)
        try:
            return await cb()
        except Exception as error:
>           raise rewrite_error(error, f"{parsed_st['apiName']}: {error}") from None
E           playwright._impl._errors.Error: Page.goto: net::ERR_CONNECTION_REFUSED at http://localhost:3099/approvals
E           Call log:
E             - navigating to "http://localhost:3099/approvals", waiting until "load"

/usr/local/lib/python3.12/dist-packages/playwright/_impl/_connection.py:558: Error
__________ TestInceptionPage.test_inception_nonexistent_returns_error __________

self = <test_inception_page.TestInceptionPage object at 0x78f3c239cbf0>
page = <Page url='chrome-error://chromewebdata/'>

    def test_inception_nonexistent_returns_error(self, page: Page):
        """Nonexistent inception task should return 404 or error."""
>       resp = page.goto(_url("/inception/T-99999"))
               ^^^^^^^^^^^^^^^^^^^^^^^^^^^^^^^^^^^^^

tests/playwright/test_inception_page.py:51: 
_ _ _ _ _ _ _ _ _ _ _ _ _ _ _ _ _ _ _ _ _ _ _ _ _ _ _ _ _ _ _ _ _ _ _ _ _ _ _ _ 
/usr/local/lib/python3.12/dist-packages/playwright/sync_api/_generated.py:9019: in goto
    self._sync(
/usr/local/lib/python3.12/dist-packages/playwright/_impl/_page.py:556: in goto
    return await self._main_frame.goto(**locals_to_params(locals()))
           ^^^^^^^^^^^^^^^^^^^^^^^^^^^^^^^^^^^^^^^^^^^^^^^^^^^^^^^^^
/usr/local/lib/python3.12/dist-packages/playwright/_impl/_frame.py:153: in goto
    await self._channel.send(
/usr/local/lib/python3.12/dist-packages/playwright/_impl/_connection.py:69: in send
    return await self._connection.wrap_api_call(
_ _ _ _ _ _ _ _ _ _ _ _ _ _ _ _ _ _ _ _ _ _ _ _ _ _ _ _ _ _ _ _ _ _ _ _ _ _ _ _ 

self = <playwright._impl._connection.Connection object at 0x78f3c2093800>
cb = <function Channel.send.<locals>.<lambda> at 0x78f3c133aa20>
is_internal = False, title = None

    async def wrap_api_call(
        self, cb: Callable[[], Any], is_internal: bool = False, title: str = None
    ) -> Any:
        if self._api_zone.get():
            return await cb()
        task = asyncio.current_task(self._loop)
        st: List[inspect.FrameInfo] = getattr(
            task, "__pw_stack__", None
        ) or inspect.stack(0)
    
        parsed_st = _extract_stack_trace_information_from_stack(st, is_internal, title)
        self._api_zone.set(parsed_st)
        try:
            return await cb()
        except Exception as error:
>           raise rewrite_error(error, f"{parsed_st['apiName']}: {error}") from None
E           playwright._impl._errors.Error: Page.goto: net::ERR_CONNECTION_REFUSED at http://localhost:3099/inception/T-99999
E           Call log:
E             - navigating to "http://localhost:3099/inception/T-99999", waiting until "load"

/usr/local/lib/python3.12/dist-packages/playwright/_impl/_connection.py:558: Error
_______________________ TestDarkMode.test_toggle_exists ________________________

self = <test_interactions.TestDarkMode object at 0x78f3c23c0260>
page = <Page url='chrome-error://chromewebdata/'>

    def test_toggle_exists(self, page: Page):
        """Theme toggle button is present."""
>       page.goto(_url("/"), timeout=self.TIMEOUT)

tests/playwright/test_interactions.py:21: 
_ _ _ _ _ _ _ _ _ _ _ _ _ _ _ _ _ _ _ _ _ _ _ _ _ _ _ _ _ _ _ _ _ _ _ _ _ _ _ _ 
/usr/local/lib/python3.12/dist-packages/playwright/sync_api/_generated.py:9019: in goto
    self._sync(
/usr/local/lib/python3.12/dist-packages/playwright/_impl/_page.py:556: in goto
    return await self._main_frame.goto(**locals_to_params(locals()))
           ^^^^^^^^^^^^^^^^^^^^^^^^^^^^^^^^^^^^^^^^^^^^^^^^^^^^^^^^^
/usr/local/lib/python3.12/dist-packages/playwright/_impl/_frame.py:153: in goto
    await self._channel.send(
/usr/local/lib/python3.12/dist-packages/playwright/_impl/_connection.py:69: in send
    return await self._connection.wrap_api_call(
_ _ _ _ _ _ _ _ _ _ _ _ _ _ _ _ _ _ _ _ _ _ _ _ _ _ _ _ _ _ _ _ _ _ _ _ _ _ _ _ 

self = <playwright._impl._connection.Connection object at 0x78f3c2093800>
cb = <function Channel.send.<locals>.<lambda> at 0x78f3c1244180>
is_internal = False, title = None

    async def wrap_api_call(
        self, cb: Callable[[], Any], is_internal: bool = False, title: str = None
    ) -> Any:
        if self._api_zone.get():
            return await cb()
        task = asyncio.current_task(self._loop)
        st: List[inspect.FrameInfo] = getattr(
            task, "__pw_stack__", None
        ) or inspect.stack(0)
    
        parsed_st = _extract_stack_trace_information_from_stack(st, is_internal, title)
        self._api_zone.set(parsed_st)
        try:
            return await cb()
        except Exception as error:
>           raise rewrite_error(error, f"{parsed_st['apiName']}: {error}") from None
E           playwright._impl._errors.Error: Page.goto: net::ERR_CONNECTION_REFUSED at http://localhost:3099/
E           Call log:
E             - navigating to "http://localhost:3099/", waiting until "load"

/usr/local/lib/python3.12/dist-packages/playwright/_impl/_connection.py:558: Error
____________________ TestDarkMode.test_starts_in_light_mode ____________________

self = <test_interactions.TestDarkMode object at 0x78f3c23c05f0>
page = <Page url='chrome-error://chromewebdata/'>

    def test_starts_in_light_mode(self, page: Page):
        """Default theme is light."""
>       page.goto(_url("/"), timeout=self.TIMEOUT)

tests/playwright/test_interactions.py:28: 
_ _ _ _ _ _ _ _ _ _ _ _ _ _ _ _ _ _ _ _ _ _ _ _ _ _ _ _ _ _ _ _ _ _ _ _ _ _ _ _ 
/usr/local/lib/python3.12/dist-packages/playwright/sync_api/_generated.py:9019: in goto
    self._sync(
/usr/local/lib/python3.12/dist-packages/playwright/_impl/_page.py:556: in goto
    return await self._main_frame.goto(**locals_to_params(locals()))
           ^^^^^^^^^^^^^^^^^^^^^^^^^^^^^^^^^^^^^^^^^^^^^^^^^^^^^^^^^
/usr/local/lib/python3.12/dist-packages/playwright/_impl/_frame.py:153: in goto
    await self._channel.send(
/usr/local/lib/python3.12/dist-packages/playwright/_impl/_connection.py:69: in send
    return await self._connection.wrap_api_call(
_ _ _ _ _ _ _ _ _ _ _ _ _ _ _ _ _ _ _ _ _ _ _ _ _ _ _ _ _ _ _ _ _ _ _ _ _ _ _ _ 

self = <playwright._impl._connection.Connection object at 0x78f3c2093800>
cb = <function Channel.send.<locals>.<lambda> at 0x78f3c1159a80>
is_internal = False, title = None

    async def wrap_api_call(
        self, cb: Callable[[], Any], is_internal: bool = False, title: str = None
    ) -> Any:
        if self._api_zone.get():
            return await cb()
        task = asyncio.current_task(self._loop)
        st: List[inspect.FrameInfo] = getattr(
            task, "__pw_stack__", None
        ) or inspect.stack(0)
    
        parsed_st = _extract_stack_trace_information_from_stack(st, is_internal, title)
        self._api_zone.set(parsed_st)
        try:
            return await cb()
        except Exception as error:
>           raise rewrite_error(error, f"{parsed_st['apiName']}: {error}") from None
E           playwright._impl._errors.Error: Page.goto: net::ERR_CONNECTION_REFUSED at http://localhost:3099/
E           Call log:
E             - navigating to "http://localhost:3099/", waiting until "load"

/usr/local/lib/python3.12/dist-packages/playwright/_impl/_connection.py:558: Error
___________________ TestDarkMode.test_toggle_switches_theme ____________________

self = <test_interactions.TestDarkMode object at 0x78f3c23c0980>
page = <Page url='chrome-error://chromewebdata/'>

    def test_toggle_switches_theme(self, page: Page):
        """Clicking toggle changes theme attribute."""
>       page.goto(_url("/"), timeout=self.TIMEOUT)

tests/playwright/test_interactions.py:35: 
_ _ _ _ _ _ _ _ _ _ _ _ _ _ _ _ _ _ _ _ _ _ _ _ _ _ _ _ _ _ _ _ _ _ _ _ _ _ _ _ 
/usr/local/lib/python3.12/dist-packages/playwright/sync_api/_generated.py:9019: in goto
    self._sync(
/usr/local/lib/python3.12/dist-packages/playwright/_impl/_page.py:556: in goto
    return await self._main_frame.goto(**locals_to_params(locals()))
           ^^^^^^^^^^^^^^^^^^^^^^^^^^^^^^^^^^^^^^^^^^^^^^^^^^^^^^^^^
/usr/local/lib/python3.12/dist-packages/playwright/_impl/_frame.py:153: in goto
    await self._channel.send(
/usr/local/lib/python3.12/dist-packages/playwright/_impl/_connection.py:69: in send
    return await self._connection.wrap_api_call(
_ _ _ _ _ _ _ _ _ _ _ _ _ _ _ _ _ _ _ _ _ _ _ _ _ _ _ _ _ _ _ _ _ _ _ _ _ _ _ _ 

self = <playwright._impl._connection.Connection object at 0x78f3c2093800>
cb = <function Channel.send.<locals>.<lambda> at 0x78f3c1159e40>
is_internal = False, title = None

    async def wrap_api_call(
        self, cb: Callable[[], Any], is_internal: bool = False, title: str = None
    ) -> Any:
        if self._api_zone.get():
            return await cb()
        task = asyncio.current_task(self._loop)
        st: List[inspect.FrameInfo] = getattr(
            task, "__pw_stack__", None
        ) or inspect.stack(0)
    
        parsed_st = _extract_stack_trace_information_from_stack(st, is_internal, title)
        self._api_zone.set(parsed_st)
        try:
            return await cb()
        except Exception as error:
>           raise rewrite_error(error, f"{parsed_st['apiName']}: {error}") from None
E           playwright._impl._errors.Error: Page.goto: net::ERR_CONNECTION_REFUSED at http://localhost:3099/
E           Call log:
E             - navigating to "http://localhost:3099/", waiting until "load"

/usr/local/lib/python3.12/dist-packages/playwright/_impl/_connection.py:558: Error
_____________________ TestSearch.test_search_input_exists ______________________

self = <test_interactions.TestSearch object at 0x78f3c23c0d70>
page = <Page url='chrome-error://chromewebdata/'>

    def test_search_input_exists(self, page: Page):
        """Search page has an input field."""
>       page.goto(_url("/search"), timeout=self.TIMEOUT)

tests/playwright/test_interactions.py:52: 
_ _ _ _ _ _ _ _ _ _ _ _ _ _ _ _ _ _ _ _ _ _ _ _ _ _ _ _ _ _ _ _ _ _ _ _ _ _ _ _ 
/usr/local/lib/python3.12/dist-packages/playwright/sync_api/_generated.py:9019: in goto
    self._sync(
/usr/local/lib/python3.12/dist-packages/playwright/_impl/_page.py:556: in goto
    return await self._main_frame.goto(**locals_to_params(locals()))
           ^^^^^^^^^^^^^^^^^^^^^^^^^^^^^^^^^^^^^^^^^^^^^^^^^^^^^^^^^
/usr/local/lib/python3.12/dist-packages/playwright/_impl/_frame.py:153: in goto
    await self._channel.send(
/usr/local/lib/python3.12/dist-packages/playwright/_impl/_connection.py:69: in send
    return await self._connection.wrap_api_call(
_ _ _ _ _ _ _ _ _ _ _ _ _ _ _ _ _ _ _ _ _ _ _ _ _ _ _ _ _ _ _ _ _ _ _ _ _ _ _ _ 

self = <playwright._impl._connection.Connection object at 0x78f3c2093800>
cb = <function Channel.send.<locals>.<lambda> at 0x78f3c0584860>
is_internal = False, title = None

    async def wrap_api_call(
        self, cb: Callable[[], Any], is_internal: bool = False, title: str = None
    ) -> Any:
        if self._api_zone.get():
            return await cb()
        task = asyncio.current_task(self._loop)
        st: List[inspect.FrameInfo] = getattr(
            task, "__pw_stack__", None
        ) or inspect.stack(0)
    
        parsed_st = _extract_stack_trace_information_from_stack(st, is_internal, title)
        self._api_zone.set(parsed_st)
        try:
            return await cb()
        except Exception as error:
>           raise rewrite_error(error, f"{parsed_st['apiName']}: {error}") from None
E           playwright._impl._errors.Error: Page.goto: net::ERR_CONNECTION_REFUSED at http://localhost:3099/search
E           Call log:
E             - navigating to "http://localhost:3099/search", waiting until "load"

/usr/local/lib/python3.12/dist-packages/playwright/_impl/_connection.py:558: Error
_____________________ TestSearch.test_search_mode_selector _____________________

self = <test_interactions.TestSearch object at 0x78f3c23c1100>
page = <Page url='chrome-error://chromewebdata/'>

    def test_search_mode_selector(self, page: Page):
        """Search page has mode selection."""
>       page.goto(_url("/search"), timeout=self.TIMEOUT)

tests/playwright/test_interactions.py:59: 
_ _ _ _ _ _ _ _ _ _ _ _ _ _ _ _ _ _ _ _ _ _ _ _ _ _ _ _ _ _ _ _ _ _ _ _ _ _ _ _ 
/usr/local/lib/python3.12/dist-packages/playwright/sync_api/_generated.py:9019: in goto
    self._sync(
/usr/local/lib/python3.12/dist-packages/playwright/_impl/_page.py:556: in goto
    return await self._main_frame.goto(**locals_to_params(locals()))
           ^^^^^^^^^^^^^^^^^^^^^^^^^^^^^^^^^^^^^^^^^^^^^^^^^^^^^^^^^
/usr/local/lib/python3.12/dist-packages/playwright/_impl/_frame.py:153: in goto
    await self._channel.send(
/usr/local/lib/python3.12/dist-packages/playwright/_impl/_connection.py:69: in send
    return await self._connection.wrap_api_call(
_ _ _ _ _ _ _ _ _ _ _ _ _ _ _ _ _ _ _ _ _ _ _ _ _ _ _ _ _ _ _ _ _ _ _ _ _ _ _ _ 

self = <playwright._impl._connection.Connection object at 0x78f3c2093800>
cb = <function Channel.send.<locals>.<lambda> at 0x78f3c1245260>
is_internal = False, title = None

    async def wrap_api_call(
        self, cb: Callable[[], Any], is_internal: bool = False, title: str = None
    ) -> Any:
        if self._api_zone.get():
            return await cb()
        task = asyncio.current_task(self._loop)
        st: List[inspect.FrameInfo] = getattr(
            task, "__pw_stack__", None
        ) or inspect.stack(0)
    
        parsed_st = _extract_stack_trace_information_from_stack(st, is_internal, title)
        self._api_zone.set(parsed_st)
        try:
            return await cb()
        except Exception as error:
>           raise rewrite_error(error, f"{parsed_st['apiName']}: {error}") from None
E           playwright._impl._errors.Error: Page.goto: net::ERR_CONNECTION_REFUSED at http://localhost:3099/search
E           Call log:
E             - navigating to "http://localhost:3099/search", waiting until "load"

/usr/local/lib/python3.12/dist-packages/playwright/_impl/_connection.py:558: Error
_________________ TestTaskPage.test_tasks_has_filter_controls __________________

self = <test_interactions.TestTaskPage object at 0x78f3c23c14f0>
page = <Page url='chrome-error://chromewebdata/'>

    def test_tasks_has_filter_controls(self, page: Page):
        """Tasks page should have filter/status controls."""
>       page.goto(_url("/tasks"), timeout=self.TIMEOUT)

tests/playwright/test_interactions.py:72: 
_ _ _ _ _ _ _ _ _ _ _ _ _ _ _ _ _ _ _ _ _ _ _ _ _ _ _ _ _ _ _ _ _ _ _ _ _ _ _ _ 
/usr/local/lib/python3.12/dist-packages/playwright/sync_api/_generated.py:9019: in goto
    self._sync(
/usr/local/lib/python3.12/dist-packages/playwright/_impl/_page.py:556: in goto
    return await self._main_frame.goto(**locals_to_params(locals()))
           ^^^^^^^^^^^^^^^^^^^^^^^^^^^^^^^^^^^^^^^^^^^^^^^^^^^^^^^^^
/usr/local/lib/python3.12/dist-packages/playwright/_impl/_frame.py:153: in goto
    await self._channel.send(
/usr/local/lib/python3.12/dist-packages/playwright/_impl/_connection.py:69: in send
    return await self._connection.wrap_api_call(
_ _ _ _ _ _ _ _ _ _ _ _ _ _ _ _ _ _ _ _ _ _ _ _ _ _ _ _ _ _ _ _ _ _ _ _ _ _ _ _ 

self = <playwright._impl._connection.Connection object at 0x78f3c2093800>
cb = <function Channel.send.<locals>.<lambda> at 0x78f3c0586c00>
is_internal = False, title = None

    async def wrap_api_call(
        self, cb: Callable[[], Any], is_internal: bool = False, title: str = None
    ) -> Any:
        if self._api_zone.get():
            return await cb()
        task = asyncio.current_task(self._loop)
        st: List[inspect.FrameInfo] = getattr(
            task, "__pw_stack__", None
        ) or inspect.stack(0)
    
        parsed_st = _extract_stack_trace_information_from_stack(st, is_internal, title)
        self._api_zone.set(parsed_st)
        try:
            return await cb()
        except Exception as error:
>           raise rewrite_error(error, f"{parsed_st['apiName']}: {error}") from None
E           playwright._impl._errors.Error: Page.goto: net::ERR_CONNECTION_REFUSED at http://localhost:3099/tasks
E           Call log:
E             - navigating to "http://localhost:3099/tasks", waiting until "load"

/usr/local/lib/python3.12/dist-packages/playwright/_impl/_connection.py:558: Error
____________________ TestTaskPage.test_tasks_has_task_cards ____________________

self = <test_interactions.TestTaskPage object at 0x78f3c23c1880>
page = <Page url='chrome-error://chromewebdata/'>

    def test_tasks_has_task_cards(self, page: Page):
        """Tasks page should display task entries."""
>       page.goto(_url("/tasks"), timeout=self.TIMEOUT)

tests/playwright/test_interactions.py:79: 
_ _ _ _ _ _ _ _ _ _ _ _ _ _ _ _ _ _ _ _ _ _ _ _ _ _ _ _ _ _ _ _ _ _ _ _ _ _ _ _ 
/usr/local/lib/python3.12/dist-packages/playwright/sync_api/_generated.py:9019: in goto
    self._sync(
/usr/local/lib/python3.12/dist-packages/playwright/_impl/_page.py:556: in goto
    return await self._main_frame.goto(**locals_to_params(locals()))
           ^^^^^^^^^^^^^^^^^^^^^^^^^^^^^^^^^^^^^^^^^^^^^^^^^^^^^^^^^
/usr/local/lib/python3.12/dist-packages/playwright/_impl/_frame.py:153: in goto
    await self._channel.send(
/usr/local/lib/python3.12/dist-packages/playwright/_impl/_connection.py:69: in send
    return await self._connection.wrap_api_call(
_ _ _ _ _ _ _ _ _ _ _ _ _ _ _ _ _ _ _ _ _ _ _ _ _ _ _ _ _ _ _ _ _ _ _ _ _ _ _ _ 

self = <playwright._impl._connection.Connection object at 0x78f3c2093800>
cb = <function Channel.send.<locals>.<lambda> at 0x78f3c1244040>
is_internal = False, title = None

    async def wrap_api_call(
        self, cb: Callable[[], Any], is_internal: bool = False, title: str = None
    ) -> Any:
        if self._api_zone.get():
            return await cb()
        task = asyncio.current_task(self._loop)
        st: List[inspect.FrameInfo] = getattr(
            task, "__pw_stack__", None
        ) or inspect.stack(0)
    
        parsed_st = _extract_stack_trace_information_from_stack(st, is_internal, title)
        self._api_zone.set(parsed_st)
        try:
            return await cb()
        except Exception as error:
>           raise rewrite_error(error, f"{parsed_st['apiName']}: {error}") from None
E           playwright._impl._errors.Error: Page.goto: net::ERR_CONNECTION_REFUSED at http://localhost:3099/tasks
E           Call log:
E             - navigating to "http://localhost:3099/tasks", waiting until "load"

/usr/local/lib/python3.12/dist-packages/playwright/_impl/_connection.py:558: Error
_______ TestKanbanDrag.test_drag_to_other_column_posts_status_and_toasts _______

self = <test_kanban_drag.TestKanbanDrag object at 0x78f3c239ee70>
page = <Page url='chrome-error://chromewebdata/'>

    def test_drag_to_other_column_posts_status_and_toasts(self, page: Page):
        captured = {"url": None, "body": None}
    
        def _intercept(route: Route):
            req = route.request
            if "/status" in req.url and req.method == "POST":
                captured["url"] = req.url
                captured["body"] = req.post_data
                route.fulfill(status=200, body="<p>ok</p>", content_type="text/html")
            else:
                route.continue_()
    
        page.route("**/*", _intercept)
>       _goto_board(page)

tests/playwright/test_kanban_drag.py:65: 
_ _ _ _ _ _ _ _ _ _ _ _ _ _ _ _ _ _ _ _ _ _ _ _ _ _ _ _ _ _ _ _ _ _ _ _ _ _ _ _ 
tests/playwright/test_kanban_drag.py:31: in _goto_board
    page.goto(f"{TEST_URL}/tasks", timeout=60000)
/usr/local/lib/python3.12/dist-packages/playwright/sync_api/_generated.py:9019: in goto
    self._sync(
/usr/local/lib/python3.12/dist-packages/playwright/_impl/_page.py:556: in goto
    return await self._main_frame.goto(**locals_to_params(locals()))
           ^^^^^^^^^^^^^^^^^^^^^^^^^^^^^^^^^^^^^^^^^^^^^^^^^^^^^^^^^
/usr/local/lib/python3.12/dist-packages/playwright/_impl/_frame.py:153: in goto
    await self._channel.send(
/usr/local/lib/python3.12/dist-packages/playwright/_impl/_connection.py:69: in send
    return await self._connection.wrap_api_call(
_ _ _ _ _ _ _ _ _ _ _ _ _ _ _ _ _ _ _ _ _ _ _ _ _ _ _ _ _ _ _ _ _ _ _ _ _ _ _ _ 

self = <playwright._impl._connection.Connection object at 0x78f3c2093800>
cb = <function Channel.send.<locals>.<lambda> at 0x78f3c12fe5c0>
is_internal = False, title = None

    async def wrap_api_call(
        self, cb: Callable[[], Any], is_internal: bool = False, title: str = None
    ) -> Any:
        if self._api_zone.get():
            return await cb()
        task = asyncio.current_task(self._loop)
        st: List[inspect.FrameInfo] = getattr(
            task, "__pw_stack__", None
        ) or inspect.stack(0)
    
        parsed_st = _extract_stack_trace_information_from_stack(st, is_internal, title)
        self._api_zone.set(parsed_st)
        try:
            return await cb()
        except Exception as error:
>           raise rewrite_error(error, f"{parsed_st['apiName']}: {error}") from None
E           playwright._impl._errors.Error: Page.goto: net::ERR_CONNECTION_REFUSED at http://localhost:3099/tasks
E           Call log:
E             - navigating to "http://localhost:3099/tasks", waiting until "load"

/usr/local/lib/python3.12/dist-packages/playwright/_impl/_connection.py:558: Error
_________________ TestKanbanDrag.test_same_column_drop_is_noop _________________

self = <test_kanban_drag.TestKanbanDrag object at 0x78f3c23c1130>
page = <Page url='chrome-error://chromewebdata/'>

    def test_same_column_drop_is_noop(self, page: Page):
        fired = {"n": 0}
    
        def _intercept(route: Route):
            req = route.request
            if "/status" in req.url and req.method == "POST":
                fired["n"] += 1
                route.fulfill(status=200, body="<p>ok</p>", content_type="text/html")
            else:
                route.continue_()
    
        page.route("**/*", _intercept)
>       _goto_board(page)

tests/playwright/test_kanban_drag.py:90: 
_ _ _ _ _ _ _ _ _ _ _ _ _ _ _ _ _ _ _ _ _ _ _ _ _ _ _ _ _ _ _ _ _ _ _ _ _ _ _ _ 
tests/playwright/test_kanban_drag.py:31: in _goto_board
    page.goto(f"{TEST_URL}/tasks", timeout=60000)
/usr/local/lib/python3.12/dist-packages/playwright/sync_api/_generated.py:9019: in goto
    self._sync(
/usr/local/lib/python3.12/dist-packages/playwright/_impl/_page.py:556: in goto
    return await self._main_frame.goto(**locals_to_params(locals()))
           ^^^^^^^^^^^^^^^^^^^^^^^^^^^^^^^^^^^^^^^^^^^^^^^^^^^^^^^^^
/usr/local/lib/python3.12/dist-packages/playwright/_impl/_frame.py:153: in goto
    await self._channel.send(
/usr/local/lib/python3.12/dist-packages/playwright/_impl/_connection.py:69: in send
    return await self._connection.wrap_api_call(
_ _ _ _ _ _ _ _ _ _ _ _ _ _ _ _ _ _ _ _ _ _ _ _ _ _ _ _ _ _ _ _ _ _ _ _ _ _ _ _ 

self = <playwright._impl._connection.Connection object at 0x78f3c2093800>
cb = <function Channel.send.<locals>.<lambda> at 0x78f3c1158cc0>
is_internal = False, title = None

    async def wrap_api_call(
        self, cb: Callable[[], Any], is_internal: bool = False, title: str = None
    ) -> Any:
        if self._api_zone.get():
            return await cb()
        task = asyncio.current_task(self._loop)
        st: List[inspect.FrameInfo] = getattr(
            task, "__pw_stack__", None
        ) or inspect.stack(0)
    
        parsed_st = _extract_stack_trace_information_from_stack(st, is_internal, title)
        self._api_zone.set(parsed_st)
        try:
            return await cb()
        except Exception as error:
>           raise rewrite_error(error, f"{parsed_st['apiName']}: {error}") from None
E           playwright._impl._errors.Error: Page.goto: net::ERR_CONNECTION_REFUSED at http://localhost:3099/tasks
E           Call log:
E             - navigating to "http://localhost:3099/tasks", waiting until "load"

/usr/local/lib/python3.12/dist-packages/playwright/_impl/_connection.py:558: Error
______________ TestKanbanDrag.test_listeners_survive_content_swap ______________

self = <test_kanban_drag.TestKanbanDrag object at 0x78f3c23c1340>
page = <Page url='chrome-error://chromewebdata/'>

    def test_listeners_survive_content_swap(self, page: Page):
        captured = {"url": None}
    
        def _intercept(route: Route):
            req = route.request
            if "/status" in req.url and req.method == "POST":
                captured["url"] = req.url
                route.fulfill(status=200, body="<p>ok</p>", content_type="text/html")
            else:
                route.continue_()
    
        page.route("**/*", _intercept)
>       _goto_board(page)

tests/playwright/test_kanban_drag.py:110: 
_ _ _ _ _ _ _ _ _ _ _ _ _ _ _ _ _ _ _ _ _ _ _ _ _ _ _ _ _ _ _ _ _ _ _ _ _ _ _ _ 
tests/playwright/test_kanban_drag.py:31: in _goto_board
    page.goto(f"{TEST_URL}/tasks", timeout=60000)
/usr/local/lib/python3.12/dist-packages/playwright/sync_api/_generated.py:9019: in goto
    self._sync(
/usr/local/lib/python3.12/dist-packages/playwright/_impl/_page.py:556: in goto
    return await self._main_frame.goto(**locals_to_params(locals()))
           ^^^^^^^^^^^^^^^^^^^^^^^^^^^^^^^^^^^^^^^^^^^^^^^^^^^^^^^^^
/usr/local/lib/python3.12/dist-packages/playwright/_impl/_frame.py:153: in goto
    await self._channel.send(
/usr/local/lib/python3.12/dist-packages/playwright/_impl/_connection.py:69: in send
    return await self._connection.wrap_api_call(
_ _ _ _ _ _ _ _ _ _ _ _ _ _ _ _ _ _ _ _ _ _ _ _ _ _ _ _ _ _ _ _ _ _ _ _ _ _ _ _ 

self = <playwright._impl._connection.Connection object at 0x78f3c2093800>
cb = <function Channel.send.<locals>.<lambda> at 0x78f3c12fe520>
is_internal = False, title = None

    async def wrap_api_call(
        self, cb: Callable[[], Any], is_internal: bool = False, title: str = None
    ) -> Any:
        if self._api_zone.get():
            return await cb()
        task = asyncio.current_task(self._loop)
        st: List[inspect.FrameInfo] = getattr(
            task, "__pw_stack__", None
        ) or inspect.stack(0)
    
        parsed_st = _extract_stack_trace_information_from_stack(st, is_internal, title)
        self._api_zone.set(parsed_st)
        try:
            return await cb()
        except Exception as error:
>           raise rewrite_error(error, f"{parsed_st['apiName']}: {error}") from None
E           playwright._impl._errors.Error: Page.goto: net::ERR_CONNECTION_REFUSED at http://localhost:3099/tasks
E           Call log:
E             - navigating to "http://localhost:3099/tasks", waiting until "load"

/usr/local/lib/python3.12/dist-packages/playwright/_impl/_connection.py:558: Error
__________ TestKanbanDrag.test_drag_does_not_hijack_card_interactions __________

self = <test_kanban_drag.TestKanbanDrag object at 0x78f3c23c0b90>
page = <Page url='chrome-error://chromewebdata/'>

    def test_drag_does_not_hijack_card_interactions(self, page: Page):
>       _goto_board(page)

tests/playwright/test_kanban_drag.py:129: 
_ _ _ _ _ _ _ _ _ _ _ _ _ _ _ _ _ _ _ _ _ _ _ _ _ _ _ _ _ _ _ _ _ _ _ _ _ _ _ _ 
tests/playwright/test_kanban_drag.py:31: in _goto_board
    page.goto(f"{TEST_URL}/tasks", timeout=60000)
/usr/local/lib/python3.12/dist-packages/playwright/sync_api/_generated.py:9019: in goto
    self._sync(
/usr/local/lib/python3.12/dist-packages/playwright/_impl/_page.py:556: in goto
    return await self._main_frame.goto(**locals_to_params(locals()))
           ^^^^^^^^^^^^^^^^^^^^^^^^^^^^^^^^^^^^^^^^^^^^^^^^^^^^^^^^^
/usr/local/lib/python3.12/dist-packages/playwright/_impl/_frame.py:153: in goto
    await self._channel.send(
/usr/local/lib/python3.12/dist-packages/playwright/_impl/_connection.py:69: in send
    return await self._connection.wrap_api_call(
_ _ _ _ _ _ _ _ _ _ _ _ _ _ _ _ _ _ _ _ _ _ _ _ _ _ _ _ _ _ _ _ _ _ _ _ _ _ _ _ 

self = <playwright._impl._connection.Connection object at 0x78f3c2093800>
cb = <function Channel.send.<locals>.<lambda> at 0x78f3c1247560>
is_internal = False, title = None

    async def wrap_api_call(
        self, cb: Callable[[], Any], is_internal: bool = False, title: str = None
    ) -> Any:
        if self._api_zone.get():
            return await cb()
        task = asyncio.current_task(self._loop)
        st: List[inspect.FrameInfo] = getattr(
            task, "__pw_stack__", None
        ) or inspect.stack(0)
    
        parsed_st = _extract_stack_trace_information_from_stack(st, is_internal, title)
        self._api_zone.set(parsed_st)
        try:
            return await cb()
        except Exception as error:
>           raise rewrite_error(error, f"{parsed_st['apiName']}: {error}") from None
E           playwright._impl._errors.Error: Page.goto: net::ERR_CONNECTION_REFUSED at http://localhost:3099/tasks
E           Call log:
E             - navigating to "http://localhost:3099/tasks", waiting until "load"

/usr/local/lib/python3.12/dist-packages/playwright/_impl/_connection.py:558: Error
_________________ TestKanbanDrag.test_capture_review_artefact __________________

self = <test_kanban_drag.TestKanbanDrag object at 0x78f3c23c03e0>
page = <Page url='chrome-error://chromewebdata/'>

    def test_capture_review_artefact(self, page: Page):
        os.makedirs(ARTEFACT_DIR, exist_ok=True)
>       _goto_board(page)

tests/playwright/test_kanban_drag.py:140: 
_ _ _ _ _ _ _ _ _ _ _ _ _ _ _ _ _ _ _ _ _ _ _ _ _ _ _ _ _ _ _ _ _ _ _ _ _ _ _ _ 
tests/playwright/test_kanban_drag.py:31: in _goto_board
    page.goto(f"{TEST_URL}/tasks", timeout=60000)
/usr/local/lib/python3.12/dist-packages/playwright/sync_api/_generated.py:9019: in goto
    self._sync(
/usr/local/lib/python3.12/dist-packages/playwright/_impl/_page.py:556: in goto
    return await self._main_frame.goto(**locals_to_params(locals()))
           ^^^^^^^^^^^^^^^^^^^^^^^^^^^^^^^^^^^^^^^^^^^^^^^^^^^^^^^^^
/usr/local/lib/python3.12/dist-packages/playwright/_impl/_frame.py:153: in goto
    await self._channel.send(
/usr/local/lib/python3.12/dist-packages/playwright/_impl/_connection.py:69: in send
    return await self._connection.wrap_api_call(
_ _ _ _ _ _ _ _ _ _ _ _ _ _ _ _ _ _ _ _ _ _ _ _ _ _ _ _ _ _ _ _ _ _ _ _ _ _ _ _ 

self = <playwright._impl._connection.Connection object at 0x78f3c2093800>
cb = <function Channel.send.<locals>.<lambda> at 0x78f3c1245260>
is_internal = False, title = None

    async def wrap_api_call(
        self, cb: Callable[[], Any], is_internal: bool = False, title: str = None
    ) -> Any:
        if self._api_zone.get():
            return await cb()
        task = asyncio.current_task(self._loop)
        st: List[inspect.FrameInfo] = getattr(
            task, "__pw_stack__", None
        ) or inspect.stack(0)
    
        parsed_st = _extract_stack_trace_information_from_stack(st, is_internal, title)
        self._api_zone.set(parsed_st)
        try:
            return await cb()
        except Exception as error:
>           raise rewrite_error(error, f"{parsed_st['apiName']}: {error}") from None
E           playwright._impl._errors.Error: Page.goto: net::ERR_CONNECTION_REFUSED at http://localhost:3099/tasks
E           Call log:
E             - navigating to "http://localhost:3099/tasks", waiting until "load"

/usr/local/lib/python3.12/dist-packages/playwright/_impl/_connection.py:558: Error
__________________ test_landing_arc_cards_show_nonzero_counts __________________

page = <Page url='chrome-error://chromewebdata/'>
base_url = 'http://localhost:3099'

    def test_landing_arc_cards_show_nonzero_counts(page, base_url):
>       page.goto(f"{base_url}/", wait_until="domcontentloaded")

tests/playwright/test_landing_arc_cards.py:32: 
_ _ _ _ _ _ _ _ _ _ _ _ _ _ _ _ _ _ _ _ _ _ _ _ _ _ _ _ _ _ _ _ _ _ _ _ _ _ _ _ 
/usr/local/lib/python3.12/dist-packages/playwright/sync_api/_generated.py:9019: in goto
    self._sync(
/usr/local/lib/python3.12/dist-packages/playwright/_impl/_page.py:556: in goto
    return await self._main_frame.goto(**locals_to_params(locals()))
           ^^^^^^^^^^^^^^^^^^^^^^^^^^^^^^^^^^^^^^^^^^^^^^^^^^^^^^^^^
/usr/local/lib/python3.12/dist-packages/playwright/_impl/_frame.py:153: in goto
    await self._channel.send(
/usr/local/lib/python3.12/dist-packages/playwright/_impl/_connection.py:69: in send
    return await self._connection.wrap_api_call(
_ _ _ _ _ _ _ _ _ _ _ _ _ _ _ _ _ _ _ _ _ _ _ _ _ _ _ _ _ _ _ _ _ _ _ _ _ _ _ _ 

self = <playwright._impl._connection.Connection object at 0x78f3c2093800>
cb = <function Channel.send.<locals>.<lambda> at 0x78f3c11587c0>
is_internal = False, title = None

    async def wrap_api_call(
        self, cb: Callable[[], Any], is_internal: bool = False, title: str = None
    ) -> Any:
        if self._api_zone.get():
            return await cb()
        task = asyncio.current_task(self._loop)
        st: List[inspect.FrameInfo] = getattr(
            task, "__pw_stack__", None
        ) or inspect.stack(0)
    
        parsed_st = _extract_stack_trace_information_from_stack(st, is_internal, title)
        self._api_zone.set(parsed_st)
        try:
            return await cb()
        except Exception as error:
>           raise rewrite_error(error, f"{parsed_st['apiName']}: {error}") from None
E           playwright._impl._errors.Error: Page.goto: net::ERR_CONNECTION_REFUSED at http://localhost:3099/
E           Call log:
E             - navigating to "http://localhost:3099/", waiting until "domcontentloaded"

/usr/local/lib/python3.12/dist-packages/playwright/_impl/_connection.py:558: Error
___________________ test_tasks_filter_by_arc_returns_members ___________________

page = <Page url='chrome-error://chromewebdata/'>
base_url = 'http://localhost:3099'

    def test_tasks_filter_by_arc_returns_members(page, base_url):
        """`/tasks?arc=arc-grooming` must list arc-grooming tasks — not empty."""
>       page.goto(f"{base_url}/tasks?arc=arc-grooming", wait_until="domcontentloaded")

tests/playwright/test_landing_arc_cards.py:53: 
_ _ _ _ _ _ _ _ _ _ _ _ _ _ _ _ _ _ _ _ _ _ _ _ _ _ _ _ _ _ _ _ _ _ _ _ _ _ _ _ 
/usr/local/lib/python3.12/dist-packages/playwright/sync_api/_generated.py:9019: in goto
    self._sync(
/usr/local/lib/python3.12/dist-packages/playwright/_impl/_page.py:556: in goto
    return await self._main_frame.goto(**locals_to_params(locals()))
           ^^^^^^^^^^^^^^^^^^^^^^^^^^^^^^^^^^^^^^^^^^^^^^^^^^^^^^^^^
/usr/local/lib/python3.12/dist-packages/playwright/_impl/_frame.py:153: in goto
    await self._channel.send(
/usr/local/lib/python3.12/dist-packages/playwright/_impl/_connection.py:69: in send
    return await self._connection.wrap_api_call(
_ _ _ _ _ _ _ _ _ _ _ _ _ _ _ _ _ _ _ _ _ _ _ _ _ _ _ _ _ _ _ _ _ _ _ _ _ _ _ _ 

self = <playwright._impl._connection.Connection object at 0x78f3c2093800>
cb = <function Channel.send.<locals>.<lambda> at 0x78f3c11d3b00>
is_internal = False, title = None

    async def wrap_api_call(
        self, cb: Callable[[], Any], is_internal: bool = False, title: str = None
    ) -> Any:
        if self._api_zone.get():
            return await cb()
        task = asyncio.current_task(self._loop)
        st: List[inspect.FrameInfo] = getattr(
            task, "__pw_stack__", None
        ) or inspect.stack(0)
    
        parsed_st = _extract_stack_trace_information_from_stack(st, is_internal, title)
        self._api_zone.set(parsed_st)
        try:
            return await cb()
        except Exception as error:
>           raise rewrite_error(error, f"{parsed_st['apiName']}: {error}") from None
E           playwright._impl._errors.Error: Page.goto: net::ERR_CONNECTION_REFUSED at http://localhost:3099/tasks?arc=arc-grooming
E           Call log:
E             - navigating to "http://localhost:3099/tasks?arc=arc-grooming", waiting until "domcontentloaded"

/usr/local/lib/python3.12/dist-packages/playwright/_impl/_connection.py:558: Error
______________ TestLearningsHeight.test_learnings_height_bounded _______________

self = <test_learnings_height.TestLearningsHeight object at 0x78f3c23c2e70>
page = <Page url='chrome-error://chromewebdata/'>
base_url = 'http://localhost:3099'

    def test_learnings_height_bounded(self, page, base_url):
        """scrollHeight stays under the screenshot cap regardless of learning count."""
>       page.goto(f"{base_url}/learnings")

tests/playwright/test_learnings_height.py:18: 
_ _ _ _ _ _ _ _ _ _ _ _ _ _ _ _ _ _ _ _ _ _ _ _ _ _ _ _ _ _ _ _ _ _ _ _ _ _ _ _ 
/usr/local/lib/python3.12/dist-packages/playwright/sync_api/_generated.py:9019: in goto
    self._sync(
/usr/local/lib/python3.12/dist-packages/playwright/_impl/_page.py:556: in goto
    return await self._main_frame.goto(**locals_to_params(locals()))
           ^^^^^^^^^^^^^^^^^^^^^^^^^^^^^^^^^^^^^^^^^^^^^^^^^^^^^^^^^
/usr/local/lib/python3.12/dist-packages/playwright/_impl/_frame.py:153: in goto
    await self._channel.send(
/usr/local/lib/python3.12/dist-packages/playwright/_impl/_connection.py:69: in send
    return await self._connection.wrap_api_call(
_ _ _ _ _ _ _ _ _ _ _ _ _ _ _ _ _ _ _ _ _ _ _ _ _ _ _ _ _ _ _ _ _ _ _ _ _ _ _ _ 

self = <playwright._impl._connection.Connection object at 0x78f3c2093800>
cb = <function Channel.send.<locals>.<lambda> at 0x78f3c1339d00>
is_internal = False, title = None

    async def wrap_api_call(
        self, cb: Callable[[], Any], is_internal: bool = False, title: str = None
    ) -> Any:
        if self._api_zone.get():
            return await cb()
        task = asyncio.current_task(self._loop)
        st: List[inspect.FrameInfo] = getattr(
            task, "__pw_stack__", None
        ) or inspect.stack(0)
    
        parsed_st = _extract_stack_trace_information_from_stack(st, is_internal, title)
        self._api_zone.set(parsed_st)
        try:
            return await cb()
        except Exception as error:
>           raise rewrite_error(error, f"{parsed_st['apiName']}: {error}") from None
E           playwright._impl._errors.Error: Page.goto: net::ERR_CONNECTION_REFUSED at http://localhost:3099/learnings
E           Call log:
E             - navigating to "http://localhost:3099/learnings", waiting until "load"

/usr/local/lib/python3.12/dist-packages/playwright/_impl/_connection.py:558: Error
_________ TestLearningsHeight.test_learnings_rows_in_scroll_container __________

self = <test_learnings_height.TestLearningsHeight object at 0x78f3c23c3200>
page = <Page url='chrome-error://chromewebdata/'>
base_url = 'http://localhost:3099'

    def test_learnings_rows_in_scroll_container(self, page, base_url):
        """Rows live inside a bounded scroll container, not a page-tall table."""
>       page.goto(f"{base_url}/learnings")

tests/playwright/test_learnings_height.py:29: 
_ _ _ _ _ _ _ _ _ _ _ _ _ _ _ _ _ _ _ _ _ _ _ _ _ _ _ _ _ _ _ _ _ _ _ _ _ _ _ _ 
/usr/local/lib/python3.12/dist-packages/playwright/sync_api/_generated.py:9019: in goto
    self._sync(
/usr/local/lib/python3.12/dist-packages/playwright/_impl/_page.py:556: in goto
    return await self._main_frame.goto(**locals_to_params(locals()))
           ^^^^^^^^^^^^^^^^^^^^^^^^^^^^^^^^^^^^^^^^^^^^^^^^^^^^^^^^^
/usr/local/lib/python3.12/dist-packages/playwright/_impl/_frame.py:153: in goto
    await self._channel.send(
/usr/local/lib/python3.12/dist-packages/playwright/_impl/_connection.py:69: in send
    return await self._connection.wrap_api_call(
_ _ _ _ _ _ _ _ _ _ _ _ _ _ _ _ _ _ _ _ _ _ _ _ _ _ _ _ _ _ _ _ _ _ _ _ _ _ _ _ 

self = <playwright._impl._connection.Connection object at 0x78f3c2093800>
cb = <function Channel.send.<locals>.<lambda> at 0x78f3c1178b80>
is_internal = False, title = None

    async def wrap_api_call(
        self, cb: Callable[[], Any], is_internal: bool = False, title: str = None
    ) -> Any:
        if self._api_zone.get():
            return await cb()
        task = asyncio.current_task(self._loop)
        st: List[inspect.FrameInfo] = getattr(
            task, "__pw_stack__", None
        ) or inspect.stack(0)
    
        parsed_st = _extract_stack_trace_information_from_stack(st, is_internal, title)
        self._api_zone.set(parsed_st)
        try:
            return await cb()
        except Exception as error:
>           raise rewrite_error(error, f"{parsed_st['apiName']}: {error}") from None
E           playwright._impl._errors.Error: Page.goto: net::ERR_CONNECTION_REFUSED at http://localhost:3099/learnings
E           Call log:
E             - navigating to "http://localhost:3099/learnings", waiting until "load"

/usr/local/lib/python3.12/dist-packages/playwright/_impl/_connection.py:558: Error
___________________ TestMetricsPage.test_metrics_page_loads ____________________

self = <test_metrics.TestMetricsPage object at 0x78f3c23c3a70>
page = <Page url='chrome-error://chromewebdata/'>

    def test_metrics_page_loads(self, page: Page):
>       resp = page.goto(_url("/metrics"))
               ^^^^^^^^^^^^^^^^^^^^^^^^^^^

tests/playwright/test_metrics.py:18: 
_ _ _ _ _ _ _ _ _ _ _ _ _ _ _ _ _ _ _ _ _ _ _ _ _ _ _ _ _ _ _ _ _ _ _ _ _ _ _ _ 
/usr/local/lib/python3.12/dist-packages/playwright/sync_api/_generated.py:9019: in goto
    self._sync(
/usr/local/lib/python3.12/dist-packages/playwright/_impl/_page.py:556: in goto
    return await self._main_frame.goto(**locals_to_params(locals()))
           ^^^^^^^^^^^^^^^^^^^^^^^^^^^^^^^^^^^^^^^^^^^^^^^^^^^^^^^^^
/usr/local/lib/python3.12/dist-packages/playwright/_impl/_frame.py:153: in goto
    await self._channel.send(
/usr/local/lib/python3.12/dist-packages/playwright/_impl/_connection.py:69: in send
    return await self._connection.wrap_api_call(
_ _ _ _ _ _ _ _ _ _ _ _ _ _ _ _ _ _ _ _ _ _ _ _ _ _ _ _ _ _ _ _ _ _ _ _ _ _ _ _ 

self = <playwright._impl._connection.Connection object at 0x78f3c2093800>
cb = <function Channel.send.<locals>.<lambda> at 0x78f3c149fe20>
is_internal = False, title = None

    async def wrap_api_call(
        self, cb: Callable[[], Any], is_internal: bool = False, title: str = None
    ) -> Any:
        if self._api_zone.get():
            return await cb()
        task = asyncio.current_task(self._loop)
        st: List[inspect.FrameInfo] = getattr(
            task, "__pw_stack__", None
        ) or inspect.stack(0)
    
        parsed_st = _extract_stack_trace_information_from_stack(st, is_internal, title)
        self._api_zone.set(parsed_st)
        try:
            return await cb()
        except Exception as error:
>           raise rewrite_error(error, f"{parsed_st['apiName']}: {error}") from None
E           playwright._impl._errors.Error: Page.goto: net::ERR_CONNECTION_REFUSED at http://localhost:3099/metrics
E           Call log:
E             - navigating to "http://localhost:3099/metrics", waiting until "load"

/usr/local/lib/python3.12/dist-packages/playwright/_impl/_connection.py:558: Error
___________________ TestMetricsPage.test_metrics_has_heading ___________________

self = <test_metrics.TestMetricsPage object at 0x78f3c23c3dd0>
page = <Page url='chrome-error://chromewebdata/'>

    def test_metrics_has_heading(self, page: Page):
>       page.goto(_url("/metrics"))

tests/playwright/test_metrics.py:22: 
_ _ _ _ _ _ _ _ _ _ _ _ _ _ _ _ _ _ _ _ _ _ _ _ _ _ _ _ _ _ _ _ _ _ _ _ _ _ _ _ 
/usr/local/lib/python3.12/dist-packages/playwright/sync_api/_generated.py:9019: in goto
    self._sync(
/usr/local/lib/python3.12/dist-packages/playwright/_impl/_page.py:556: in goto
    return await self._main_frame.goto(**locals_to_params(locals()))
           ^^^^^^^^^^^^^^^^^^^^^^^^^^^^^^^^^^^^^^^^^^^^^^^^^^^^^^^^^
/usr/local/lib/python3.12/dist-packages/playwright/_impl/_frame.py:153: in goto
    await self._channel.send(
/usr/local/lib/python3.12/dist-packages/playwright/_impl/_connection.py:69: in send
    return await self._connection.wrap_api_call(
_ _ _ _ _ _ _ _ _ _ _ _ _ _ _ _ _ _ _ _ _ _ _ _ _ _ _ _ _ _ _ _ _ _ _ _ _ _ _ _ 

self = <playwright._impl._connection.Connection object at 0x78f3c2093800>
cb = <function Channel.send.<locals>.<lambda> at 0x78f3c0f536a0>
is_internal = False, title = None

    async def wrap_api_call(
        self, cb: Callable[[], Any], is_internal: bool = False, title: str = None
    ) -> Any:
        if self._api_zone.get():
            return await cb()
        task = asyncio.current_task(self._loop)
        st: List[inspect.FrameInfo] = getattr(
            task, "__pw_stack__", None
        ) or inspect.stack(0)
    
        parsed_st = _extract_stack_trace_information_from_stack(st, is_internal, title)
        self._api_zone.set(parsed_st)
        try:
            return await cb()
        except Exception as error:
>           raise rewrite_error(error, f"{parsed_st['apiName']}: {error}") from None
E           playwright._impl._errors.Error: Page.goto: net::ERR_CONNECTION_REFUSED at http://localhost:3099/metrics
E           Call log:
E             - navigating to "http://localhost:3099/metrics", waiting until "load"

/usr/local/lib/python3.12/dist-packages/playwright/_impl/_connection.py:558: Error
_________________ TestMetricsPage.test_metrics_has_task_counts _________________

self = <test_metrics.TestMetricsPage object at 0x78f3c23e01a0>
page = <Page url='chrome-error://chromewebdata/'>

    def test_metrics_has_task_counts(self, page: Page):
        """Metrics page should show task statistics."""
>       page.goto(_url("/metrics"))

tests/playwright/test_metrics.py:30: 
_ _ _ _ _ _ _ _ _ _ _ _ _ _ _ _ _ _ _ _ _ _ _ _ _ _ _ _ _ _ _ _ _ _ _ _ _ _ _ _ 
/usr/local/lib/python3.12/dist-packages/playwright/sync_api/_generated.py:9019: in goto
    self._sync(
/usr/local/lib/python3.12/dist-packages/playwright/_impl/_page.py:556: in goto
    return await self._main_frame.goto(**locals_to_params(locals()))
           ^^^^^^^^^^^^^^^^^^^^^^^^^^^^^^^^^^^^^^^^^^^^^^^^^^^^^^^^^
/usr/local/lib/python3.12/dist-packages/playwright/_impl/_frame.py:153: in goto
    await self._channel.send(
/usr/local/lib/python3.12/dist-packages/playwright/_impl/_connection.py:69: in send
    return await self._connection.wrap_api_call(
_ _ _ _ _ _ _ _ _ _ _ _ _ _ _ _ _ _ _ _ _ _ _ _ _ _ _ _ _ _ _ _ _ _ _ _ _ _ _ _ 

self = <playwright._impl._connection.Connection object at 0x78f3c2093800>
cb = <function Channel.send.<locals>.<lambda> at 0x78f3c176c2c0>
is_internal = False, title = None

    async def wrap_api_call(
        self, cb: Callable[[], Any], is_internal: bool = False, title: str = None
    ) -> Any:
        if self._api_zone.get():
            return await cb()
        task = asyncio.current_task(self._loop)
        st: List[inspect.FrameInfo] = getattr(
            task, "__pw_stack__", None
        ) or inspect.stack(0)
    
        parsed_st = _extract_stack_trace_information_from_stack(st, is_internal, title)
        self._api_zone.set(parsed_st)
        try:
            return await cb()
        except Exception as error:
>           raise rewrite_error(error, f"{parsed_st['apiName']}: {error}") from None
E           playwright._impl._errors.Error: Page.goto: net::ERR_CONNECTION_REFUSED at http://localhost:3099/metrics
E           Call log:
E             - navigating to "http://localhost:3099/metrics", waiting until "load"

/usr/local/lib/python3.12/dist-packages/playwright/_impl/_connection.py:558: Error
________________ TestMetricsPage.test_metrics_has_traceability _________________

self = <test_metrics.TestMetricsPage object at 0x78f3c23c3ec0>
page = <Page url='chrome-error://chromewebdata/'>

    def test_metrics_has_traceability(self, page: Page):
        """Metrics page should show traceability information."""
>       page.goto(_url("/metrics"))

tests/playwright/test_metrics.py:37: 
_ _ _ _ _ _ _ _ _ _ _ _ _ _ _ _ _ _ _ _ _ _ _ _ _ _ _ _ _ _ _ _ _ _ _ _ _ _ _ _ 
/usr/local/lib/python3.12/dist-packages/playwright/sync_api/_generated.py:9019: in goto
    self._sync(
/usr/local/lib/python3.12/dist-packages/playwright/_impl/_page.py:556: in goto
    return await self._main_frame.goto(**locals_to_params(locals()))
           ^^^^^^^^^^^^^^^^^^^^^^^^^^^^^^^^^^^^^^^^^^^^^^^^^^^^^^^^^
/usr/local/lib/python3.12/dist-packages/playwright/_impl/_frame.py:153: in goto
    await self._channel.send(
/usr/local/lib/python3.12/dist-packages/playwright/_impl/_connection.py:69: in send
    return await self._connection.wrap_api_call(
_ _ _ _ _ _ _ _ _ _ _ _ _ _ _ _ _ _ _ _ _ _ _ _ _ _ _ _ _ _ _ _ _ _ _ _ _ _ _ _ 

self = <playwright._impl._connection.Connection object at 0x78f3c2093800>
cb = <function Channel.send.<locals>.<lambda> at 0x78f3c0ec3ec0>
is_internal = False, title = None

    async def wrap_api_call(
        self, cb: Callable[[], Any], is_internal: bool = False, title: str = None
    ) -> Any:
        if self._api_zone.get():
            return await cb()
        task = asyncio.current_task(self._loop)
        st: List[inspect.FrameInfo] = getattr(
            task, "__pw_stack__", None
        ) or inspect.stack(0)
    
        parsed_st = _extract_stack_trace_information_from_stack(st, is_internal, title)
        self._api_zone.set(parsed_st)
        try:
            return await cb()
        except Exception as error:
>           raise rewrite_error(error, f"{parsed_st['apiName']}: {error}") from None
E           playwright._impl._errors.Error: Page.goto: net::ERR_CONNECTION_REFUSED at http://localhost:3099/metrics
E           Call log:
E             - navigating to "http://localhost:3099/metrics", waiting until "load"

/usr/local/lib/python3.12/dist-packages/playwright/_impl/_connection.py:558: Error
______________ TestMetricsPage.test_metrics_has_knowledge_section ______________

self = <test_metrics.TestMetricsPage object at 0x78f3c23c39e0>
page = <Page url='chrome-error://chromewebdata/'>

    def test_metrics_has_knowledge_section(self, page: Page):
        """Metrics page should show knowledge/commit info."""
>       page.goto(_url("/metrics"))

tests/playwright/test_metrics.py:44: 
_ _ _ _ _ _ _ _ _ _ _ _ _ _ _ _ _ _ _ _ _ _ _ _ _ _ _ _ _ _ _ _ _ _ _ _ _ _ _ _ 
/usr/local/lib/python3.12/dist-packages/playwright/sync_api/_generated.py:9019: in goto
    self._sync(
/usr/local/lib/python3.12/dist-packages/playwright/_impl/_page.py:556: in goto
    return await self._main_frame.goto(**locals_to_params(locals()))
           ^^^^^^^^^^^^^^^^^^^^^^^^^^^^^^^^^^^^^^^^^^^^^^^^^^^^^^^^^
/usr/local/lib/python3.12/dist-packages/playwright/_impl/_frame.py:153: in goto
    await self._channel.send(
/usr/local/lib/python3.12/dist-packages/playwright/_impl/_connection.py:69: in send
    return await self._connection.wrap_api_call(
_ _ _ _ _ _ _ _ _ _ _ _ _ _ _ _ _ _ _ _ _ _ _ _ _ _ _ _ _ _ _ _ _ _ _ _ _ _ _ _ 

self = <playwright._impl._connection.Connection object at 0x78f3c2093800>
cb = <function Channel.send.<locals>.<lambda> at 0x78f3c100d580>
is_internal = False, title = None

    async def wrap_api_call(
        self, cb: Callable[[], Any], is_internal: bool = False, title: str = None
    ) -> Any:
        if self._api_zone.get():
            return await cb()
        task = asyncio.current_task(self._loop)
        st: List[inspect.FrameInfo] = getattr(
            task, "__pw_stack__", None
        ) or inspect.stack(0)
    
        parsed_st = _extract_stack_trace_information_from_stack(st, is_internal, title)
        self._api_zone.set(parsed_st)
        try:
            return await cb()
        except Exception as error:
>           raise rewrite_error(error, f"{parsed_st['apiName']}: {error}") from None
E           playwright._impl._errors.Error: Page.goto: net::ERR_CONNECTION_REFUSED at http://localhost:3099/metrics
E           Call log:
E             - navigating to "http://localhost:3099/metrics", waiting until "load"

/usr/local/lib/python3.12/dist-packages/playwright/_impl/_connection.py:558: Error
___ TestMobileViewportCockpit.test_cockpit_no_horizontal_overflow_on_mobile ____

self = <test_mobile_viewport.TestMobileViewportCockpit object at 0x78f3c23c0bc0>
page = <Page url='chrome-error://chromewebdata/'>

    def test_cockpit_no_horizontal_overflow_on_mobile(self, page: Page):
        page.set_viewport_size(MOBILE_VIEWPORT)
>       page.goto(_url("/cockpit"))

tests/playwright/test_mobile_viewport.py:63: 
_ _ _ _ _ _ _ _ _ _ _ _ _ _ _ _ _ _ _ _ _ _ _ _ _ _ _ _ _ _ _ _ _ _ _ _ _ _ _ _ 
/usr/local/lib/python3.12/dist-packages/playwright/sync_api/_generated.py:9019: in goto
    self._sync(
/usr/local/lib/python3.12/dist-packages/playwright/_impl/_page.py:556: in goto
    return await self._main_frame.goto(**locals_to_params(locals()))
           ^^^^^^^^^^^^^^^^^^^^^^^^^^^^^^^^^^^^^^^^^^^^^^^^^^^^^^^^^
/usr/local/lib/python3.12/dist-packages/playwright/_impl/_frame.py:153: in goto
    await self._channel.send(
/usr/local/lib/python3.12/dist-packages/playwright/_impl/_connection.py:69: in send
    return await self._connection.wrap_api_call(
_ _ _ _ _ _ _ _ _ _ _ _ _ _ _ _ _ _ _ _ _ _ _ _ _ _ _ _ _ _ _ _ _ _ _ _ _ _ _ _ 

self = <playwright._impl._connection.Connection object at 0x78f3c2093800>
cb = <function Channel.send.<locals>.<lambda> at 0x78f3c133c9a0>
is_internal = False, title = None

    async def wrap_api_call(
        self, cb: Callable[[], Any], is_internal: bool = False, title: str = None
    ) -> Any:
        if self._api_zone.get():
            return await cb()
        task = asyncio.current_task(self._loop)
        st: List[inspect.FrameInfo] = getattr(
            task, "__pw_stack__", None
        ) or inspect.stack(0)
    
        parsed_st = _extract_stack_trace_information_from_stack(st, is_internal, title)
        self._api_zone.set(parsed_st)
        try:
            return await cb()
        except Exception as error:
>           raise rewrite_error(error, f"{parsed_st['apiName']}: {error}") from None
E           playwright._impl._errors.Error: Page.goto: net::ERR_CONNECTION_REFUSED at http://localhost:3099/cockpit
E           Call log:
E             - navigating to "http://localhost:3099/cockpit", waiting until "load"

/usr/local/lib/python3.12/dist-packages/playwright/_impl/_connection.py:558: Error
_ TestMobileViewportApprovals.test_approvals_no_horizontal_overflow_on_mobile __

self = <test_mobile_viewport.TestMobileViewportApprovals object at 0x78f3c23c15e0>
page = <Page url='chrome-error://chromewebdata/'>

    def test_approvals_no_horizontal_overflow_on_mobile(self, page: Page):
        page.set_viewport_size(MOBILE_VIEWPORT)
>       page.goto(_url("/approvals"))

tests/playwright/test_mobile_viewport.py:71: 
_ _ _ _ _ _ _ _ _ _ _ _ _ _ _ _ _ _ _ _ _ _ _ _ _ _ _ _ _ _ _ _ _ _ _ _ _ _ _ _ 
/usr/local/lib/python3.12/dist-packages/playwright/sync_api/_generated.py:9019: in goto
    self._sync(
/usr/local/lib/python3.12/dist-packages/playwright/_impl/_page.py:556: in goto
    return await self._main_frame.goto(**locals_to_params(locals()))
           ^^^^^^^^^^^^^^^^^^^^^^^^^^^^^^^^^^^^^^^^^^^^^^^^^^^^^^^^^
/usr/local/lib/python3.12/dist-packages/playwright/_impl/_frame.py:153: in goto
    await self._channel.send(
/usr/local/lib/python3.12/dist-packages/playwright/_impl/_connection.py:69: in send
    return await self._connection.wrap_api_call(
_ _ _ _ _ _ _ _ _ _ _ _ _ _ _ _ _ _ _ _ _ _ _ _ _ _ _ _ _ _ _ _ _ _ _ _ _ _ _ _ 

self = <playwright._impl._connection.Connection object at 0x78f3c2093800>
cb = <function Channel.send.<locals>.<lambda> at 0x78f3c100f560>
is_internal = False, title = None

    async def wrap_api_call(
        self, cb: Callable[[], Any], is_internal: bool = False, title: str = None
    ) -> Any:
        if self._api_zone.get():
            return await cb()
        task = asyncio.current_task(self._loop)
        st: List[inspect.FrameInfo] = getattr(
            task, "__pw_stack__", None
        ) or inspect.stack(0)
    
        parsed_st = _extract_stack_trace_information_from_stack(st, is_internal, title)
        self._api_zone.set(parsed_st)
        try:
            return await cb()
        except Exception as error:
>           raise rewrite_error(error, f"{parsed_st['apiName']}: {error}") from None
E           playwright._impl._errors.Error: Page.goto: net::ERR_CONNECTION_REFUSED at http://localhost:3099/approvals
E           Call log:
E             - navigating to "http://localhost:3099/approvals", waiting until "load"

/usr/local/lib/python3.12/dist-packages/playwright/_impl/_connection.py:558: Error
__ TestMobileViewportApprovals.test_approvals_verdict_pills_visible_on_mobile __

self = <test_mobile_viewport.TestMobileViewportApprovals object at 0x78f3c239e270>
page = <Page url='chrome-error://chromewebdata/'>

    def test_approvals_verdict_pills_visible_on_mobile(self, page: Page):
        """data-verdict elements remain visible at 375px."""
        page.set_viewport_size(MOBILE_VIEWPORT)
>       page.goto(_url("/approvals"))

tests/playwright/test_mobile_viewport.py:78: 
_ _ _ _ _ _ _ _ _ _ _ _ _ _ _ _ _ _ _ _ _ _ _ _ _ _ _ _ _ _ _ _ _ _ _ _ _ _ _ _ 
/usr/local/lib/python3.12/dist-packages/playwright/sync_api/_generated.py:9019: in goto
    self._sync(
/usr/local/lib/python3.12/dist-packages/playwright/_impl/_page.py:556: in goto
    return await self._main_frame.goto(**locals_to_params(locals()))
           ^^^^^^^^^^^^^^^^^^^^^^^^^^^^^^^^^^^^^^^^^^^^^^^^^^^^^^^^^
/usr/local/lib/python3.12/dist-packages/playwright/_impl/_frame.py:153: in goto
    await self._channel.send(
/usr/local/lib/python3.12/dist-packages/playwright/_impl/_connection.py:69: in send
    return await self._connection.wrap_api_call(
_ _ _ _ _ _ _ _ _ _ _ _ _ _ _ _ _ _ _ _ _ _ _ _ _ _ _ _ _ _ _ _ _ _ _ _ _ _ _ _ 

self = <playwright._impl._connection.Connection object at 0x78f3c2093800>
cb = <function Channel.send.<locals>.<lambda> at 0x78f3c133ccc0>
is_internal = False, title = None

    async def wrap_api_call(
        self, cb: Callable[[], Any], is_internal: bool = False, title: str = None
    ) -> Any:
        if self._api_zone.get():
            return await cb()
        task = asyncio.current_task(self._loop)
        st: List[inspect.FrameInfo] = getattr(
            task, "__pw_stack__", None
        ) or inspect.stack(0)
    
        parsed_st = _extract_stack_trace_information_from_stack(st, is_internal, title)
        self._api_zone.set(parsed_st)
        try:
            return await cb()
        except Exception as error:
>           raise rewrite_error(error, f"{parsed_st['apiName']}: {error}") from None
E           playwright._impl._errors.Error: Page.goto: net::ERR_CONNECTION_REFUSED at http://localhost:3099/approvals
E           Call log:
E             - navigating to "http://localhost:3099/approvals", waiting until "load"

/usr/local/lib/python3.12/dist-packages/playwright/_impl/_connection.py:558: Error
____ TestMobileViewportReview.test_review_no_horizontal_overflow_on_mobile _____

self = <test_mobile_viewport.TestMobileViewportReview object at 0x78f3c23e0680>
page = <Page url='chrome-error://chromewebdata/'>

    def test_review_no_horizontal_overflow_on_mobile(self, page: Page):
>       task_id = _find_reviewable_task(page)
                  ^^^^^^^^^^^^^^^^^^^^^^^^^^^

tests/playwright/test_mobile_viewport.py:93: 
_ _ _ _ _ _ _ _ _ _ _ _ _ _ _ _ _ _ _ _ _ _ _ _ _ _ _ _ _ _ _ _ _ _ _ _ _ _ _ _ 
tests/playwright/test_mobile_viewport.py:32: in _find_reviewable_task
    page.goto(_url("/approvals"))
/usr/local/lib/python3.12/dist-packages/playwright/sync_api/_generated.py:9019: in goto
    self._sync(
/usr/local/lib/python3.12/dist-packages/playwright/_impl/_page.py:556: in goto
    return await self._main_frame.goto(**locals_to_params(locals()))
           ^^^^^^^^^^^^^^^^^^^^^^^^^^^^^^^^^^^^^^^^^^^^^^^^^^^^^^^^^
/usr/local/lib/python3.12/dist-packages/playwright/_impl/_frame.py:153: in goto
    await self._channel.send(
/usr/local/lib/python3.12/dist-packages/playwright/_impl/_connection.py:69: in send
    return await self._connection.wrap_api_call(
_ _ _ _ _ _ _ _ _ _ _ _ _ _ _ _ _ _ _ _ _ _ _ _ _ _ _ _ _ _ _ _ _ _ _ _ _ _ _ _ 

self = <playwright._impl._connection.Connection object at 0x78f3c2093800>
cb = <function Channel.send.<locals>.<lambda> at 0x78f3c133f420>
is_internal = False, title = None

    async def wrap_api_call(
        self, cb: Callable[[], Any], is_internal: bool = False, title: str = None
    ) -> Any:
        if self._api_zone.get():
            return await cb()
        task = asyncio.current_task(self._loop)
        st: List[inspect.FrameInfo] = getattr(
            task, "__pw_stack__", None
        ) or inspect.stack(0)
    
        parsed_st = _extract_stack_trace_information_from_stack(st, is_internal, title)
        self._api_zone.set(parsed_st)
        try:
            return await cb()
        except Exception as error:
>           raise rewrite_error(error, f"{parsed_st['apiName']}: {error}") from None
E           playwright._impl._errors.Error: Page.goto: net::ERR_CONNECTION_REFUSED at http://localhost:3099/approvals
E           Call log:
E             - navigating to "http://localhost:3099/approvals", waiting until "load"

/usr/local/lib/python3.12/dist-packages/playwright/_impl/_connection.py:558: Error
_ TestMobileViewportReview.test_review_recommendation_section_visible_on_mobile _

self = <test_mobile_viewport.TestMobileViewportReview object at 0x78f3c23e0a10>
page = <Page url='chrome-error://chromewebdata/'>

    def test_review_recommendation_section_visible_on_mobile(self, page: Page):
        """The structured Recommendation block must render even on mobile."""
>       task_id = _find_reviewable_task(page)
                  ^^^^^^^^^^^^^^^^^^^^^^^^^^^

tests/playwright/test_mobile_viewport.py:103: 
_ _ _ _ _ _ _ _ _ _ _ _ _ _ _ _ _ _ _ _ _ _ _ _ _ _ _ _ _ _ _ _ _ _ _ _ _ _ _ _ 
tests/playwright/test_mobile_viewport.py:32: in _find_reviewable_task
    page.goto(_url("/approvals"))
/usr/local/lib/python3.12/dist-packages/playwright/sync_api/_generated.py:9019: in goto
    self._sync(
/usr/local/lib/python3.12/dist-packages/playwright/_impl/_page.py:556: in goto
    return await self._main_frame.goto(**locals_to_params(locals()))
           ^^^^^^^^^^^^^^^^^^^^^^^^^^^^^^^^^^^^^^^^^^^^^^^^^^^^^^^^^
/usr/local/lib/python3.12/dist-packages/playwright/_impl/_frame.py:153: in goto
    await self._channel.send(
/usr/local/lib/python3.12/dist-packages/playwright/_impl/_connection.py:69: in send
    return await self._connection.wrap_api_call(
_ _ _ _ _ _ _ _ _ _ _ _ _ _ _ _ _ _ _ _ _ _ _ _ _ _ _ _ _ _ _ _ _ _ _ _ _ _ _ _ 

self = <playwright._impl._connection.Connection object at 0x78f3c2093800>
cb = <function Channel.send.<locals>.<lambda> at 0x78f3c0f01800>
is_internal = False, title = None

    async def wrap_api_call(
        self, cb: Callable[[], Any], is_internal: bool = False, title: str = None
    ) -> Any:
        if self._api_zone.get():
            return await cb()
        task = asyncio.current_task(self._loop)
        st: List[inspect.FrameInfo] = getattr(
            task, "__pw_stack__", None
        ) or inspect.stack(0)
    
        parsed_st = _extract_stack_trace_information_from_stack(st, is_internal, title)
        self._api_zone.set(parsed_st)
        try:
            return await cb()
        except Exception as error:
>           raise rewrite_error(error, f"{parsed_st['apiName']}: {error}") from None
E           playwright._impl._errors.Error: Page.goto: net::ERR_CONNECTION_REFUSED at http://localhost:3099/approvals
E           Call log:
E             - navigating to "http://localhost:3099/approvals", waiting until "load"

/usr/local/lib/python3.12/dist-packages/playwright/_impl/_connection.py:558: Error
________ TestNavLayoutPolish.test_f1_rail_flyout_visible_and_unclipped _________

self = <test_nav_layout_polish.TestNavLayoutPolish object at 0x78f3c23e13d0>
page = <Page url='chrome-error://chromewebdata/'>
base_url = 'http://localhost:3099'

    def test_f1_rail_flyout_visible_and_unclipped(self, page: Page, base_url):
>       page.goto(f"{base_url}/", timeout=60000)

tests/playwright/test_nav_layout_polish.py:30: 
_ _ _ _ _ _ _ _ _ _ _ _ _ _ _ _ _ _ _ _ _ _ _ _ _ _ _ _ _ _ _ _ _ _ _ _ _ _ _ _ 
/usr/local/lib/python3.12/dist-packages/playwright/sync_api/_generated.py:9019: in goto
    self._sync(
/usr/local/lib/python3.12/dist-packages/playwright/_impl/_page.py:556: in goto
    return await self._main_frame.goto(**locals_to_params(locals()))
           ^^^^^^^^^^^^^^^^^^^^^^^^^^^^^^^^^^^^^^^^^^^^^^^^^^^^^^^^^
/usr/local/lib/python3.12/dist-packages/playwright/_impl/_frame.py:153: in goto
    await self._channel.send(
/usr/local/lib/python3.12/dist-packages/playwright/_impl/_connection.py:69: in send
    return await self._connection.wrap_api_call(
_ _ _ _ _ _ _ _ _ _ _ _ _ _ _ _ _ _ _ _ _ _ _ _ _ _ _ _ _ _ _ _ _ _ _ _ _ _ _ _ 

self = <playwright._impl._connection.Connection object at 0x78f3c2093800>
cb = <function Channel.send.<locals>.<lambda> at 0x78f3c0e57100>
is_internal = False, title = None

    async def wrap_api_call(
        self, cb: Callable[[], Any], is_internal: bool = False, title: str = None
    ) -> Any:
        if self._api_zone.get():
            return await cb()
        task = asyncio.current_task(self._loop)
        st: List[inspect.FrameInfo] = getattr(
            task, "__pw_stack__", None
        ) or inspect.stack(0)
    
        parsed_st = _extract_stack_trace_information_from_stack(st, is_internal, title)
        self._api_zone.set(parsed_st)
        try:
            return await cb()
        except Exception as error:
>           raise rewrite_error(error, f"{parsed_st['apiName']}: {error}") from None
E           playwright._impl._errors.Error: Page.goto: net::ERR_CONNECTION_REFUSED at http://localhost:3099/
E           Call log:
E             - navigating to "http://localhost:3099/", waiting until "load"

/usr/local/lib/python3.12/dist-packages/playwright/_impl/_connection.py:558: Error
______ TestNavLayoutPolish.test_f2_no_horizontal_scroll_sidebar_and_rail _______

self = <test_nav_layout_polish.TestNavLayoutPolish object at 0x78f3c23e1760>
page = <Page url='chrome-error://chromewebdata/'>
base_url = 'http://localhost:3099'

    def test_f2_no_horizontal_scroll_sidebar_and_rail(self, page: Page, base_url):
>       page.goto(f"{base_url}/", timeout=60000)

tests/playwright/test_nav_layout_polish.py:51: 
_ _ _ _ _ _ _ _ _ _ _ _ _ _ _ _ _ _ _ _ _ _ _ _ _ _ _ _ _ _ _ _ _ _ _ _ _ _ _ _ 
/usr/local/lib/python3.12/dist-packages/playwright/sync_api/_generated.py:9019: in goto
    self._sync(
/usr/local/lib/python3.12/dist-packages/playwright/_impl/_page.py:556: in goto
    return await self._main_frame.goto(**locals_to_params(locals()))
           ^^^^^^^^^^^^^^^^^^^^^^^^^^^^^^^^^^^^^^^^^^^^^^^^^^^^^^^^^
/usr/local/lib/python3.12/dist-packages/playwright/_impl/_frame.py:153: in goto
    await self._channel.send(
/usr/local/lib/python3.12/dist-packages/playwright/_impl/_connection.py:69: in send
    return await self._connection.wrap_api_call(
_ _ _ _ _ _ _ _ _ _ _ _ _ _ _ _ _ _ _ _ _ _ _ _ _ _ _ _ _ _ _ _ _ _ _ _ _ _ _ _ 

self = <playwright._impl._connection.Connection object at 0x78f3c2093800>
cb = <function Channel.send.<locals>.<lambda> at 0x78f3c0e55bc0>
is_internal = False, title = None

    async def wrap_api_call(
        self, cb: Callable[[], Any], is_internal: bool = False, title: str = None
    ) -> Any:
        if self._api_zone.get():
            return await cb()
        task = asyncio.current_task(self._loop)
        st: List[inspect.FrameInfo] = getattr(
            task, "__pw_stack__", None
        ) or inspect.stack(0)
    
        parsed_st = _extract_stack_trace_information_from_stack(st, is_internal, title)
        self._api_zone.set(parsed_st)
        try:
            return await cb()
        except Exception as error:
>           raise rewrite_error(error, f"{parsed_st['apiName']}: {error}") from None
E           playwright._impl._errors.Error: Page.goto: net::ERR_CONNECTION_REFUSED at http://localhost:3099/
E           Call log:
E             - navigating to "http://localhost:3099/", waiting until "load"

/usr/local/lib/python3.12/dist-packages/playwright/_impl/_connection.py:558: Error
_______________ TestNavLayoutPolish.test_f3_sidebar_gap_is_tight _______________

self = <test_nav_layout_polish.TestNavLayoutPolish object at 0x78f3c23e1af0>
page = <Page url='chrome-error://chromewebdata/'>
base_url = 'http://localhost:3099'

    def test_f3_sidebar_gap_is_tight(self, page: Page, base_url):
>       page.goto(f"{base_url}/", timeout=60000)

tests/playwright/test_nav_layout_polish.py:72: 
_ _ _ _ _ _ _ _ _ _ _ _ _ _ _ _ _ _ _ _ _ _ _ _ _ _ _ _ _ _ _ _ _ _ _ _ _ _ _ _ 
/usr/local/lib/python3.12/dist-packages/playwright/sync_api/_generated.py:9019: in goto
    self._sync(
/usr/local/lib/python3.12/dist-packages/playwright/_impl/_page.py:556: in goto
    return await self._main_frame.goto(**locals_to_params(locals()))
           ^^^^^^^^^^^^^^^^^^^^^^^^^^^^^^^^^^^^^^^^^^^^^^^^^^^^^^^^^
/usr/local/lib/python3.12/dist-packages/playwright/_impl/_frame.py:153: in goto
    await self._channel.send(
/usr/local/lib/python3.12/dist-packages/playwright/_impl/_connection.py:69: in send
    return await self._connection.wrap_api_call(
_ _ _ _ _ _ _ _ _ _ _ _ _ _ _ _ _ _ _ _ _ _ _ _ _ _ _ _ _ _ _ _ _ _ _ _ _ _ _ _ 

self = <playwright._impl._connection.Connection object at 0x78f3c2093800>
cb = <function Channel.send.<locals>.<lambda> at 0x78f3c0dc19e0>
is_internal = False, title = None

    async def wrap_api_call(
        self, cb: Callable[[], Any], is_internal: bool = False, title: str = None
    ) -> Any:
        if self._api_zone.get():
            return await cb()
        task = asyncio.current_task(self._loop)
        st: List[inspect.FrameInfo] = getattr(
            task, "__pw_stack__", None
        ) or inspect.stack(0)
    
        parsed_st = _extract_stack_trace_information_from_stack(st, is_internal, title)
        self._api_zone.set(parsed_st)
        try:
            return await cb()
        except Exception as error:
>           raise rewrite_error(error, f"{parsed_st['apiName']}: {error}") from None
E           playwright._impl._errors.Error: Page.goto: net::ERR_CONNECTION_REFUSED at http://localhost:3099/
E           Call log:
E             - navigating to "http://localhost:3099/", waiting until "load"

/usr/local/lib/python3.12/dist-packages/playwright/_impl/_connection.py:558: Error
_____ TestNavLayoutPolish.test_f5_sidebar_subitems_are_clickable_and_route _____

self = <test_nav_layout_polish.TestNavLayoutPolish object at 0x78f3c23e1e80>
page = <Page url='chrome-error://chromewebdata/'>
base_url = 'http://localhost:3099'

    def test_f5_sidebar_subitems_are_clickable_and_route(self, page: Page, base_url):
        """End-to-end: a real pointer click on a sidebar accordion sub-item navigates.
    
        This is the test that would have caught the bug — the sub-links rendered but the
        summary's oversized hit area intercepted clicks (toggled the group instead of
        routing), and closed groups stayed in a display:flex/0-height limbo.
        """
>       page.goto(f"{base_url}/", timeout=60000)

tests/playwright/test_nav_layout_polish.py:93: 
_ _ _ _ _ _ _ _ _ _ _ _ _ _ _ _ _ _ _ _ _ _ _ _ _ _ _ _ _ _ _ _ _ _ _ _ _ _ _ _ 
/usr/local/lib/python3.12/dist-packages/playwright/sync_api/_generated.py:9019: in goto
    self._sync(
/usr/local/lib/python3.12/dist-packages/playwright/_impl/_page.py:556: in goto
    return await self._main_frame.goto(**locals_to_params(locals()))
           ^^^^^^^^^^^^^^^^^^^^^^^^^^^^^^^^^^^^^^^^^^^^^^^^^^^^^^^^^
/usr/local/lib/python3.12/dist-packages/playwright/_impl/_frame.py:153: in goto
    await self._channel.send(
/usr/local/lib/python3.12/dist-packages/playwright/_impl/_connection.py:69: in send
    return await self._connection.wrap_api_call(
_ _ _ _ _ _ _ _ _ _ _ _ _ _ _ _ _ _ _ _ _ _ _ _ _ _ _ _ _ _ _ _ _ _ _ _ _ _ _ _ 

self = <playwright._impl._connection.Connection object at 0x78f3c2093800>
cb = <function Channel.send.<locals>.<lambda> at 0x78f3c0f74f40>
is_internal = False, title = None

    async def wrap_api_call(
        self, cb: Callable[[], Any], is_internal: bool = False, title: str = None
    ) -> Any:
        if self._api_zone.get():
            return await cb()
        task = asyncio.current_task(self._loop)
        st: List[inspect.FrameInfo] = getattr(
            task, "__pw_stack__", None
        ) or inspect.stack(0)
    
        parsed_st = _extract_stack_trace_information_from_stack(st, is_internal, title)
        self._api_zone.set(parsed_st)
        try:
            return await cb()
        except Exception as error:
>           raise rewrite_error(error, f"{parsed_st['apiName']}: {error}") from None
E           playwright._impl._errors.Error: Page.goto: net::ERR_CONNECTION_REFUSED at http://localhost:3099/
E           Call log:
E             - navigating to "http://localhost:3099/", waiting until "load"

/usr/local/lib/python3.12/dist-packages/playwright/_impl/_connection.py:558: Error
______________ TestNavLayoutPolish.test_capture_review_artefacts _______________

self = <test_nav_layout_polish.TestNavLayoutPolish object at 0x78f3c23e2210>
page = <Page url='chrome-error://chromewebdata/'>
base_url = 'http://localhost:3099'

    def test_capture_review_artefacts(self, page: Page, base_url):
        os.makedirs(ARTEFACT_DIR, exist_ok=True)
>       page.goto(f"{base_url}/", timeout=60000)

tests/playwright/test_nav_layout_polish.py:116: 
_ _ _ _ _ _ _ _ _ _ _ _ _ _ _ _ _ _ _ _ _ _ _ _ _ _ _ _ _ _ _ _ _ _ _ _ _ _ _ _ 
/usr/local/lib/python3.12/dist-packages/playwright/sync_api/_generated.py:9019: in goto
    self._sync(
/usr/local/lib/python3.12/dist-packages/playwright/_impl/_page.py:556: in goto
    return await self._main_frame.goto(**locals_to_params(locals()))
           ^^^^^^^^^^^^^^^^^^^^^^^^^^^^^^^^^^^^^^^^^^^^^^^^^^^^^^^^^
/usr/local/lib/python3.12/dist-packages/playwright/_impl/_frame.py:153: in goto
    await self._channel.send(
/usr/local/lib/python3.12/dist-packages/playwright/_impl/_connection.py:69: in send
    return await self._connection.wrap_api_call(
_ _ _ _ _ _ _ _ _ _ _ _ _ _ _ _ _ _ _ _ _ _ _ _ _ _ _ _ _ _ _ _ _ _ _ _ _ _ _ _ 

self = <playwright._impl._connection.Connection object at 0x78f3c2093800>
cb = <function Channel.send.<locals>.<lambda> at 0x78f3c11d13a0>
is_internal = False, title = None

    async def wrap_api_call(
        self, cb: Callable[[], Any], is_internal: bool = False, title: str = None
    ) -> Any:
        if self._api_zone.get():
            return await cb()
        task = asyncio.current_task(self._loop)
        st: List[inspect.FrameInfo] = getattr(
            task, "__pw_stack__", None
        ) or inspect.stack(0)
    
        parsed_st = _extract_stack_trace_information_from_stack(st, is_internal, title)
        self._api_zone.set(parsed_st)
        try:
            return await cb()
        except Exception as error:
>           raise rewrite_error(error, f"{parsed_st['apiName']}: {error}") from None
E           playwright._impl._errors.Error: Page.goto: net::ERR_CONNECTION_REFUSED at http://localhost:3099/
E           Call log:
E             - navigating to "http://localhost:3099/", waiting until "load"

/usr/local/lib/python3.12/dist-packages/playwright/_impl/_connection.py:558: Error
____________________ TestNavLayouts.test_topbar_is_default _____________________

self = <test_nav_layouts.TestNavLayouts object at 0x78f3c23c07d0>
page = <Page url='chrome-error://chromewebdata/'>

    def test_topbar_is_default(self, page: Page):
>       page.goto(f"{TEST_URL}/tasks", timeout=60000)

tests/playwright/test_nav_layouts.py:48: 
_ _ _ _ _ _ _ _ _ _ _ _ _ _ _ _ _ _ _ _ _ _ _ _ _ _ _ _ _ _ _ _ _ _ _ _ _ _ _ _ 
/usr/local/lib/python3.12/dist-packages/playwright/sync_api/_generated.py:9019: in goto
    self._sync(
/usr/local/lib/python3.12/dist-packages/playwright/_impl/_page.py:556: in goto
    return await self._main_frame.goto(**locals_to_params(locals()))
           ^^^^^^^^^^^^^^^^^^^^^^^^^^^^^^^^^^^^^^^^^^^^^^^^^^^^^^^^^
/usr/local/lib/python3.12/dist-packages/playwright/_impl/_frame.py:153: in goto
    await self._channel.send(
/usr/local/lib/python3.12/dist-packages/playwright/_impl/_connection.py:69: in send
    return await self._connection.wrap_api_call(
_ _ _ _ _ _ _ _ _ _ _ _ _ _ _ _ _ _ _ _ _ _ _ _ _ _ _ _ _ _ _ _ _ _ _ _ _ _ _ _ 

self = <playwright._impl._connection.Connection object at 0x78f3c2093800>
cb = <function Channel.send.<locals>.<lambda> at 0x78f3c1059620>
is_internal = False, title = None

    async def wrap_api_call(
        self, cb: Callable[[], Any], is_internal: bool = False, title: str = None
    ) -> Any:
        if self._api_zone.get():
            return await cb()
        task = asyncio.current_task(self._loop)
        st: List[inspect.FrameInfo] = getattr(
            task, "__pw_stack__", None
        ) or inspect.stack(0)
    
        parsed_st = _extract_stack_trace_information_from_stack(st, is_internal, title)
        self._api_zone.set(parsed_st)
        try:
            return await cb()
        except Exception as error:
>           raise rewrite_error(error, f"{parsed_st['apiName']}: {error}") from None
E           playwright._impl._errors.Error: Page.goto: net::ERR_CONNECTION_REFUSED at http://localhost:3099/tasks
E           Call log:
E             - navigating to "http://localhost:3099/tasks", waiting until "load"

/usr/local/lib/python3.12/dist-packages/playwright/_impl/_connection.py:558: Error
________________ TestNavLayouts.test_switch_to_sidebar_persists ________________

self = <test_nav_layouts.TestNavLayouts object at 0x78f3c23e2000>
page = <Page url='chrome-error://chromewebdata/'>

    def test_switch_to_sidebar_persists(self, page: Page):
>       _set_layout(page, "sidebar")

tests/playwright/test_nav_layouts.py:55: 
_ _ _ _ _ _ _ _ _ _ _ _ _ _ _ _ _ _ _ _ _ _ _ _ _ _ _ _ _ _ _ _ _ _ _ _ _ _ _ _ 
tests/playwright/test_nav_layouts.py:32: in _set_layout
    page.goto(f"{TEST_URL}/settings/appearance", timeout=60000)
/usr/local/lib/python3.12/dist-packages/playwright/sync_api/_generated.py:9019: in goto
    self._sync(
/usr/local/lib/python3.12/dist-packages/playwright/_impl/_page.py:556: in goto
    return await self._main_frame.goto(**locals_to_params(locals()))
           ^^^^^^^^^^^^^^^^^^^^^^^^^^^^^^^^^^^^^^^^^^^^^^^^^^^^^^^^^
/usr/local/lib/python3.12/dist-packages/playwright/_impl/_frame.py:153: in goto
    await self._channel.send(
/usr/local/lib/python3.12/dist-packages/playwright/_impl/_connection.py:69: in send
    return await self._connection.wrap_api_call(
_ _ _ _ _ _ _ _ _ _ _ _ _ _ _ _ _ _ _ _ _ _ _ _ _ _ _ _ _ _ _ _ _ _ _ _ _ _ _ _ 

self = <playwright._impl._connection.Connection object at 0x78f3c2093800>
cb = <function Channel.send.<locals>.<lambda> at 0x78f3c12fed40>
is_internal = False, title = None

    async def wrap_api_call(
        self, cb: Callable[[], Any], is_internal: bool = False, title: str = None
    ) -> Any:
        if self._api_zone.get():
            return await cb()
        task = asyncio.current_task(self._loop)
        st: List[inspect.FrameInfo] = getattr(
            task, "__pw_stack__", None
        ) or inspect.stack(0)
    
        parsed_st = _extract_stack_trace_information_from_stack(st, is_internal, title)
        self._api_zone.set(parsed_st)
        try:
            return await cb()
        except Exception as error:
>           raise rewrite_error(error, f"{parsed_st['apiName']}: {error}") from None
E           playwright._impl._errors.Error: Page.goto: net::ERR_CONNECTION_REFUSED at http://localhost:3099/settings/appearance
E           Call log:
E             - navigating to "http://localhost:3099/settings/appearance", waiting until "load"

/usr/local/lib/python3.12/dist-packages/playwright/_impl/_connection.py:558: Error
_________________ TestNavLayouts.test_switch_to_rail_persists __________________

self = <test_nav_layouts.TestNavLayouts object at 0x78f3c23e1970>
page = <Page url='chrome-error://chromewebdata/'>

    def test_switch_to_rail_persists(self, page: Page):
>       _set_layout(page, "rail")

tests/playwright/test_nav_layouts.py:64: 
_ _ _ _ _ _ _ _ _ _ _ _ _ _ _ _ _ _ _ _ _ _ _ _ _ _ _ _ _ _ _ _ _ _ _ _ _ _ _ _ 
tests/playwright/test_nav_layouts.py:32: in _set_layout
    page.goto(f"{TEST_URL}/settings/appearance", timeout=60000)
/usr/local/lib/python3.12/dist-packages/playwright/sync_api/_generated.py:9019: in goto
    self._sync(
/usr/local/lib/python3.12/dist-packages/playwright/_impl/_page.py:556: in goto
    return await self._main_frame.goto(**locals_to_params(locals()))
           ^^^^^^^^^^^^^^^^^^^^^^^^^^^^^^^^^^^^^^^^^^^^^^^^^^^^^^^^^
/usr/local/lib/python3.12/dist-packages/playwright/_impl/_frame.py:153: in goto
    await self._channel.send(
/usr/local/lib/python3.12/dist-packages/playwright/_impl/_connection.py:69: in send
    return await self._connection.wrap_api_call(
_ _ _ _ _ _ _ _ _ _ _ _ _ _ _ _ _ _ _ _ _ _ _ _ _ _ _ _ _ _ _ _ _ _ _ _ _ _ _ _ 

self = <playwright._impl._connection.Connection object at 0x78f3c2093800>
cb = <function Channel.send.<locals>.<lambda> at 0x78f3c0ec1800>
is_internal = False, title = None

    async def wrap_api_call(
        self, cb: Callable[[], Any], is_internal: bool = False, title: str = None
    ) -> Any:
        if self._api_zone.get():
            return await cb()
        task = asyncio.current_task(self._loop)
        st: List[inspect.FrameInfo] = getattr(
            task, "__pw_stack__", None
        ) or inspect.stack(0)
    
        parsed_st = _extract_stack_trace_information_from_stack(st, is_internal, title)
        self._api_zone.set(parsed_st)
        try:
            return await cb()
        except Exception as error:
>           raise rewrite_error(error, f"{parsed_st['apiName']}: {error}") from None
E           playwright._impl._errors.Error: Page.goto: net::ERR_CONNECTION_REFUSED at http://localhost:3099/settings/appearance
E           Call log:
E             - navigating to "http://localhost:3099/settings/appearance", waiting until "load"

/usr/local/lib/python3.12/dist-packages/playwright/_impl/_connection.py:558: Error
______________ TestNavLayouts.test_govern_collapsible_in_sidebar _______________

self = <test_nav_layouts.TestNavLayouts object at 0x78f3c23e14c0>
page = <Page url='chrome-error://chromewebdata/'>

    def test_govern_collapsible_in_sidebar(self, page: Page):
>       _set_layout(page, "sidebar")

tests/playwright/test_nav_layouts.py:72: 
_ _ _ _ _ _ _ _ _ _ _ _ _ _ _ _ _ _ _ _ _ _ _ _ _ _ _ _ _ _ _ _ _ _ _ _ _ _ _ _ 
tests/playwright/test_nav_layouts.py:32: in _set_layout
    page.goto(f"{TEST_URL}/settings/appearance", timeout=60000)
/usr/local/lib/python3.12/dist-packages/playwright/sync_api/_generated.py:9019: in goto
    self._sync(
/usr/local/lib/python3.12/dist-packages/playwright/_impl/_page.py:556: in goto
    return await self._main_frame.goto(**locals_to_params(locals()))
           ^^^^^^^^^^^^^^^^^^^^^^^^^^^^^^^^^^^^^^^^^^^^^^^^^^^^^^^^^
/usr/local/lib/python3.12/dist-packages/playwright/_impl/_frame.py:153: in goto
    await self._channel.send(
/usr/local/lib/python3.12/dist-packages/playwright/_impl/_connection.py:69: in send
    return await self._connection.wrap_api_call(
_ _ _ _ _ _ _ _ _ _ _ _ _ _ _ _ _ _ _ _ _ _ _ _ _ _ _ _ _ _ _ _ _ _ _ _ _ _ _ _ 

self = <playwright._impl._connection.Connection object at 0x78f3c2093800>
cb = <function Channel.send.<locals>.<lambda> at 0x78f3c1493ec0>
is_internal = False, title = None

    async def wrap_api_call(
        self, cb: Callable[[], Any], is_internal: bool = False, title: str = None
    ) -> Any:
        if self._api_zone.get():
            return await cb()
        task = asyncio.current_task(self._loop)
        st: List[inspect.FrameInfo] = getattr(
            task, "__pw_stack__", None
        ) or inspect.stack(0)
    
        parsed_st = _extract_stack_trace_information_from_stack(st, is_internal, title)
        self._api_zone.set(parsed_st)
        try:
            return await cb()
        except Exception as error:
>           raise rewrite_error(error, f"{parsed_st['apiName']}: {error}") from None
E           playwright._impl._errors.Error: Page.goto: net::ERR_CONNECTION_REFUSED at http://localhost:3099/settings/appearance
E           Call log:
E             - navigating to "http://localhost:3099/settings/appearance", waiting until "load"

/usr/local/lib/python3.12/dist-packages/playwright/_impl/_connection.py:558: Error
____________ TestNavLayouts.test_breadcrumb_and_pin_in_all_layouts _____________

self = <test_nav_layouts.TestNavLayouts object at 0x78f3c23e0950>
page = <Page url='chrome-error://chromewebdata/'>

    def test_breadcrumb_and_pin_in_all_layouts(self, page: Page):
        for layout in ("topbar", "sidebar", "rail"):
            if layout != "topbar":
                _set_layout(page, layout)
>           page.goto(f"{TEST_URL}/tasks", timeout=60000)

tests/playwright/test_nav_layouts.py:87: 
_ _ _ _ _ _ _ _ _ _ _ _ _ _ _ _ _ _ _ _ _ _ _ _ _ _ _ _ _ _ _ _ _ _ _ _ _ _ _ _ 
/usr/local/lib/python3.12/dist-packages/playwright/sync_api/_generated.py:9019: in goto
    self._sync(
/usr/local/lib/python3.12/dist-packages/playwright/_impl/_page.py:556: in goto
    return await self._main_frame.goto(**locals_to_params(locals()))
           ^^^^^^^^^^^^^^^^^^^^^^^^^^^^^^^^^^^^^^^^^^^^^^^^^^^^^^^^^
/usr/local/lib/python3.12/dist-packages/playwright/_impl/_frame.py:153: in goto
    await self._channel.send(
/usr/local/lib/python3.12/dist-packages/playwright/_impl/_connection.py:69: in send
    return await self._connection.wrap_api_call(
_ _ _ _ _ _ _ _ _ _ _ _ _ _ _ _ _ _ _ _ _ _ _ _ _ _ _ _ _ _ _ _ _ _ _ _ _ _ _ _ 

self = <playwright._impl._connection.Connection object at 0x78f3c2093800>
cb = <function Channel.send.<locals>.<lambda> at 0x78f3c1491440>
is_internal = False, title = None

    async def wrap_api_call(
        self, cb: Callable[[], Any], is_internal: bool = False, title: str = None
    ) -> Any:
        if self._api_zone.get():
            return await cb()
        task = asyncio.current_task(self._loop)
        st: List[inspect.FrameInfo] = getattr(
            task, "__pw_stack__", None
        ) or inspect.stack(0)
    
        parsed_st = _extract_stack_trace_information_from_stack(st, is_internal, title)
        self._api_zone.set(parsed_st)
        try:
            return await cb()
        except Exception as error:
>           raise rewrite_error(error, f"{parsed_st['apiName']}: {error}") from None
E           playwright._impl._errors.Error: Page.goto: net::ERR_CONNECTION_REFUSED at http://localhost:3099/tasks
E           Call log:
E             - navigating to "http://localhost:3099/tasks", waiting until "load"

/usr/local/lib/python3.12/dist-packages/playwright/_impl/_connection.py:558: Error
_________________ TestNavLayouts.test_capture_review_artefacts _________________

self = <test_nav_layouts.TestNavLayouts object at 0x78f3c23e2930>
page = <Page url='chrome-error://chromewebdata/'>

    def test_capture_review_artefacts(self, page: Page):
        """One screenshot per layout for the human [REVIEW]."""
        os.makedirs(ARTEFACT_DIR, exist_ok=True)
        for layout in ("topbar", "sidebar", "rail"):
            if layout != "topbar":
                _set_layout(page, layout)
>           page.goto(f"{TEST_URL}/tasks", timeout=60000)

tests/playwright/test_nav_layouts.py:100: 
_ _ _ _ _ _ _ _ _ _ _ _ _ _ _ _ _ _ _ _ _ _ _ _ _ _ _ _ _ _ _ _ _ _ _ _ _ _ _ _ 
/usr/local/lib/python3.12/dist-packages/playwright/sync_api/_generated.py:9019: in goto
    self._sync(
/usr/local/lib/python3.12/dist-packages/playwright/_impl/_page.py:556: in goto
    return await self._main_frame.goto(**locals_to_params(locals()))
           ^^^^^^^^^^^^^^^^^^^^^^^^^^^^^^^^^^^^^^^^^^^^^^^^^^^^^^^^^
/usr/local/lib/python3.12/dist-packages/playwright/_impl/_frame.py:153: in goto
    await self._channel.send(
/usr/local/lib/python3.12/dist-packages/playwright/_impl/_connection.py:69: in send
    return await self._connection.wrap_api_call(
_ _ _ _ _ _ _ _ _ _ _ _ _ _ _ _ _ _ _ _ _ _ _ _ _ _ _ _ _ _ _ _ _ _ _ _ _ _ _ _ 

self = <playwright._impl._connection.Connection object at 0x78f3c2093800>
cb = <function Channel.send.<locals>.<lambda> at 0x78f3c0587560>
is_internal = False, title = None

    async def wrap_api_call(
        self, cb: Callable[[], Any], is_internal: bool = False, title: str = None
    ) -> Any:
        if self._api_zone.get():
            return await cb()
        task = asyncio.current_task(self._loop)
        st: List[inspect.FrameInfo] = getattr(
            task, "__pw_stack__", None
        ) or inspect.stack(0)
    
        parsed_st = _extract_stack_trace_information_from_stack(st, is_internal, title)
        self._api_zone.set(parsed_st)
        try:
            return await cb()
        except Exception as error:
>           raise rewrite_error(error, f"{parsed_st['apiName']}: {error}") from None
E           playwright._impl._errors.Error: Page.goto: net::ERR_CONNECTION_REFUSED at http://localhost:3099/tasks
E           Call log:
E             - navigating to "http://localhost:3099/tasks", waiting until "load"

/usr/local/lib/python3.12/dist-packages/playwright/_impl/_connection.py:558: Error
____________________ TestNavLinks.test_nav_links_are_valid _____________________

self = <test_nav_links.TestNavLinks object at 0x78f3c23e3050>
page = <Page url='chrome-error://chromewebdata/'>
base_url = 'http://localhost:3099'

    def test_nav_links_are_valid(self, page, base_url):
        """Every internal nav link returns 200."""
>       page.goto(f"{base_url}/")

tests/playwright/test_nav_links.py:13: 
_ _ _ _ _ _ _ _ _ _ _ _ _ _ _ _ _ _ _ _ _ _ _ _ _ _ _ _ _ _ _ _ _ _ _ _ _ _ _ _ 
/usr/local/lib/python3.12/dist-packages/playwright/sync_api/_generated.py:9019: in goto
    self._sync(
/usr/local/lib/python3.12/dist-packages/playwright/_impl/_page.py:556: in goto
    return await self._main_frame.goto(**locals_to_params(locals()))
           ^^^^^^^^^^^^^^^^^^^^^^^^^^^^^^^^^^^^^^^^^^^^^^^^^^^^^^^^^
/usr/local/lib/python3.12/dist-packages/playwright/_impl/_frame.py:153: in goto
    await self._channel.send(
/usr/local/lib/python3.12/dist-packages/playwright/_impl/_connection.py:69: in send
    return await self._connection.wrap_api_call(
_ _ _ _ _ _ _ _ _ _ _ _ _ _ _ _ _ _ _ _ _ _ _ _ _ _ _ _ _ _ _ _ _ _ _ _ _ _ _ _ 

self = <playwright._impl._connection.Connection object at 0x78f3c2093800>
cb = <function Channel.send.<locals>.<lambda> at 0x78f3c1138b80>
is_internal = False, title = None

    async def wrap_api_call(
        self, cb: Callable[[], Any], is_internal: bool = False, title: str = None
    ) -> Any:
        if self._api_zone.get():
            return await cb()
        task = asyncio.current_task(self._loop)
        st: List[inspect.FrameInfo] = getattr(
            task, "__pw_stack__", None
        ) or inspect.stack(0)
    
        parsed_st = _extract_stack_trace_information_from_stack(st, is_internal, title)
        self._api_zone.set(parsed_st)
        try:
            return await cb()
        except Exception as error:
>           raise rewrite_error(error, f"{parsed_st['apiName']}: {error}") from None
E           playwright._impl._errors.Error: Page.goto: net::ERR_CONNECTION_REFUSED at http://localhost:3099/
E           Call log:
E             - navigating to "http://localhost:3099/", waiting until "load"

/usr/local/lib/python3.12/dist-packages/playwright/_impl/_connection.py:558: Error
_____________________ TestNavLinks.test_nav_has_key_pages ______________________

self = <test_nav_links.TestNavLinks object at 0x78f3c23e33e0>
page = <Page url='chrome-error://chromewebdata/'>
base_url = 'http://localhost:3099'

    def test_nav_has_key_pages(self, page, base_url):
        """Nav bar includes links to key framework pages."""
>       page.goto(f"{base_url}/")

tests/playwright/test_nav_links.py:42: 
_ _ _ _ _ _ _ _ _ _ _ _ _ _ _ _ _ _ _ _ _ _ _ _ _ _ _ _ _ _ _ _ _ _ _ _ _ _ _ _ 
/usr/local/lib/python3.12/dist-packages/playwright/sync_api/_generated.py:9019: in goto
    self._sync(
/usr/local/lib/python3.12/dist-packages/playwright/_impl/_page.py:556: in goto
    return await self._main_frame.goto(**locals_to_params(locals()))
           ^^^^^^^^^^^^^^^^^^^^^^^^^^^^^^^^^^^^^^^^^^^^^^^^^^^^^^^^^
/usr/local/lib/python3.12/dist-packages/playwright/_impl/_frame.py:153: in goto
    await self._channel.send(
/usr/local/lib/python3.12/dist-packages/playwright/_impl/_connection.py:69: in send
    return await self._connection.wrap_api_call(
_ _ _ _ _ _ _ _ _ _ _ _ _ _ _ _ _ _ _ _ _ _ _ _ _ _ _ _ _ _ _ _ _ _ _ _ _ _ _ _ 

self = <playwright._impl._connection.Connection object at 0x78f3c2093800>
cb = <function Channel.send.<locals>.<lambda> at 0x78f3c115ac00>
is_internal = False, title = None

    async def wrap_api_call(
        self, cb: Callable[[], Any], is_internal: bool = False, title: str = None
    ) -> Any:
        if self._api_zone.get():
            return await cb()
        task = asyncio.current_task(self._loop)
        st: List[inspect.FrameInfo] = getattr(
            task, "__pw_stack__", None
        ) or inspect.stack(0)
    
        parsed_st = _extract_stack_trace_information_from_stack(st, is_internal, title)
        self._api_zone.set(parsed_st)
        try:
            return await cb()
        except Exception as error:
>           raise rewrite_error(error, f"{parsed_st['apiName']}: {error}") from None
E           playwright._impl._errors.Error: Page.goto: net::ERR_CONNECTION_REFUSED at http://localhost:3099/
E           Call log:
E             - navigating to "http://localhost:3099/", waiting until "load"

/usr/local/lib/python3.12/dist-packages/playwright/_impl/_connection.py:558: Error
_____________________ TestNavLinks.test_footer_links_valid _____________________

self = <test_nav_links.TestNavLinks object at 0x78f3c23e3770>
page = <Page url='chrome-error://chromewebdata/'>
base_url = 'http://localhost:3099'

    def test_footer_links_valid(self, page, base_url):
        """Footer links (if any) are valid."""
>       page.goto(f"{base_url}/")

tests/playwright/test_nav_links.py:52: 
_ _ _ _ _ _ _ _ _ _ _ _ _ _ _ _ _ _ _ _ _ _ _ _ _ _ _ _ _ _ _ _ _ _ _ _ _ _ _ _ 
/usr/local/lib/python3.12/dist-packages/playwright/sync_api/_generated.py:9019: in goto
    self._sync(
/usr/local/lib/python3.12/dist-packages/playwright/_impl/_page.py:556: in goto
    return await self._main_frame.goto(**locals_to_params(locals()))
           ^^^^^^^^^^^^^^^^^^^^^^^^^^^^^^^^^^^^^^^^^^^^^^^^^^^^^^^^^
/usr/local/lib/python3.12/dist-packages/playwright/_impl/_frame.py:153: in goto
    await self._channel.send(
/usr/local/lib/python3.12/dist-packages/playwright/_impl/_connection.py:69: in send
    return await self._connection.wrap_api_call(
_ _ _ _ _ _ _ _ _ _ _ _ _ _ _ _ _ _ _ _ _ _ _ _ _ _ _ _ _ _ _ _ _ _ _ _ _ _ _ _ 

self = <playwright._impl._connection.Connection object at 0x78f3c2093800>
cb = <function Channel.send.<locals>.<lambda> at 0x78f3c1245d00>
is_internal = False, title = None

    async def wrap_api_call(
        self, cb: Callable[[], Any], is_internal: bool = False, title: str = None
    ) -> Any:
        if self._api_zone.get():
            return await cb()
        task = asyncio.current_task(self._loop)
        st: List[inspect.FrameInfo] = getattr(
            task, "__pw_stack__", None
        ) or inspect.stack(0)
    
        parsed_st = _extract_stack_trace_information_from_stack(st, is_internal, title)
        self._api_zone.set(parsed_st)
        try:
            return await cb()
        except Exception as error:
>           raise rewrite_error(error, f"{parsed_st['apiName']}: {error}") from None
E           playwright._impl._errors.Error: Page.goto: net::ERR_CONNECTION_REFUSED at http://localhost:3099/
E           Call log:
E             - navigating to "http://localhost:3099/", waiting until "load"

/usr/local/lib/python3.12/dist-packages/playwright/_impl/_connection.py:558: Error
______ TestGovernSubsections.test_govern_dropdown_shows_four_subsections _______

self = <test_nav_subsections.TestGovernSubsections object at 0x78f3c23e3d70>
page = <Page url='chrome-error://chromewebdata/'>

    def test_govern_dropdown_shows_four_subsections(self, page: Page):
        """The Govern dropdown renders the four labelled subsections, visible on open."""
>       _open_govern(page)

tests/playwright/test_nav_subsections.py:35: 
_ _ _ _ _ _ _ _ _ _ _ _ _ _ _ _ _ _ _ _ _ _ _ _ _ _ _ _ _ _ _ _ _ _ _ _ _ _ _ _ 
tests/playwright/test_nav_subsections.py:25: in _open_govern
    page.goto(f"{TEST_URL}/", timeout=60000)
/usr/local/lib/python3.12/dist-packages/playwright/sync_api/_generated.py:9019: in goto
    self._sync(
/usr/local/lib/python3.12/dist-packages/playwright/_impl/_page.py:556: in goto
    return await self._main_frame.goto(**locals_to_params(locals()))
           ^^^^^^^^^^^^^^^^^^^^^^^^^^^^^^^^^^^^^^^^^^^^^^^^^^^^^^^^^
/usr/local/lib/python3.12/dist-packages/playwright/_impl/_frame.py:153: in goto
    await self._channel.send(
/usr/local/lib/python3.12/dist-packages/playwright/_impl/_connection.py:69: in send
    return await self._connection.wrap_api_call(
_ _ _ _ _ _ _ _ _ _ _ _ _ _ _ _ _ _ _ _ _ _ _ _ _ _ _ _ _ _ _ _ _ _ _ _ _ _ _ _ 

self = <playwright._impl._connection.Connection object at 0x78f3c2093800>
cb = <function Channel.send.<locals>.<lambda> at 0x78f3c1723e20>
is_internal = False, title = None

    async def wrap_api_call(
        self, cb: Callable[[], Any], is_internal: bool = False, title: str = None
    ) -> Any:
        if self._api_zone.get():
            return await cb()
        task = asyncio.current_task(self._loop)
        st: List[inspect.FrameInfo] = getattr(
            task, "__pw_stack__", None
        ) or inspect.stack(0)
    
        parsed_st = _extract_stack_trace_information_from_stack(st, is_internal, title)
        self._api_zone.set(parsed_st)
        try:
            return await cb()
        except Exception as error:
>           raise rewrite_error(error, f"{parsed_st['apiName']}: {error}") from None
E           playwright._impl._errors.Error: Page.goto: net::ERR_CONNECTION_REFUSED at http://localhost:3099/
E           Call log:
E             - navigating to "http://localhost:3099/", waiting until "load"

/usr/local/lib/python3.12/dist-packages/playwright/_impl/_connection.py:558: Error
_______________ TestGovernSubsections.test_arcs_lives_under_work _______________

self = <test_nav_subsections.TestGovernSubsections object at 0x78f3c2200110>
page = <Page url='chrome-error://chromewebdata/'>

    def test_arcs_lives_under_work(self, page: Page):
        """T-2034: Arcs is reachable from the Work group, not Architecture (human IA
        override of the T-2008 design-spec move)."""
>       page.goto(f"{TEST_URL}/", timeout=60000)

tests/playwright/test_nav_subsections.py:43: 
_ _ _ _ _ _ _ _ _ _ _ _ _ _ _ _ _ _ _ _ _ _ _ _ _ _ _ _ _ _ _ _ _ _ _ _ _ _ _ _ 
/usr/local/lib/python3.12/dist-packages/playwright/sync_api/_generated.py:9019: in goto
    self._sync(
/usr/local/lib/python3.12/dist-packages/playwright/_impl/_page.py:556: in goto
    return await self._main_frame.goto(**locals_to_params(locals()))
           ^^^^^^^^^^^^^^^^^^^^^^^^^^^^^^^^^^^^^^^^^^^^^^^^^^^^^^^^^
/usr/local/lib/python3.12/dist-packages/playwright/_impl/_frame.py:153: in goto
    await self._channel.send(
/usr/local/lib/python3.12/dist-packages/playwright/_impl/_connection.py:69: in send
    return await self._connection.wrap_api_call(
_ _ _ _ _ _ _ _ _ _ _ _ _ _ _ _ _ _ _ _ _ _ _ _ _ _ _ _ _ _ _ _ _ _ _ _ _ _ _ _ 

self = <playwright._impl._connection.Connection object at 0x78f3c2093800>
cb = <function Channel.send.<locals>.<lambda> at 0x78f3c1082340>
is_internal = False, title = None

    async def wrap_api_call(
        self, cb: Callable[[], Any], is_internal: bool = False, title: str = None
    ) -> Any:
        if self._api_zone.get():
            return await cb()
        task = asyncio.current_task(self._loop)
        st: List[inspect.FrameInfo] = getattr(
            task, "__pw_stack__", None
        ) or inspect.stack(0)
    
        parsed_st = _extract_stack_trace_information_from_stack(st, is_internal, title)
        self._api_zone.set(parsed_st)
        try:
            return await cb()
        except Exception as error:
>           raise rewrite_error(error, f"{parsed_st['apiName']}: {error}") from None
E           playwright._impl._errors.Error: Page.goto: net::ERR_CONNECTION_REFUSED at http://localhost:3099/
E           Call log:
E             - navigating to "http://localhost:3099/", waiting until "load"

/usr/local/lib/python3.12/dist-packages/playwright/_impl/_connection.py:558: Error
______________ TestGovernSubsections.test_capture_review_artefact ______________

self = <test_nav_subsections.TestGovernSubsections object at 0x78f3c22004a0>
page = <Page url='chrome-error://chromewebdata/'>

    def test_capture_review_artefact(self, page: Page):
        """Screenshot the opened Govern dropdown for the human [REVIEW] (best-effort)."""
>       _open_govern(page)

tests/playwright/test_nav_subsections.py:53: 
_ _ _ _ _ _ _ _ _ _ _ _ _ _ _ _ _ _ _ _ _ _ _ _ _ _ _ _ _ _ _ _ _ _ _ _ _ _ _ _ 
tests/playwright/test_nav_subsections.py:25: in _open_govern
    page.goto(f"{TEST_URL}/", timeout=60000)
/usr/local/lib/python3.12/dist-packages/playwright/sync_api/_generated.py:9019: in goto
    self._sync(
/usr/local/lib/python3.12/dist-packages/playwright/_impl/_page.py:556: in goto
    return await self._main_frame.goto(**locals_to_params(locals()))
           ^^^^^^^^^^^^^^^^^^^^^^^^^^^^^^^^^^^^^^^^^^^^^^^^^^^^^^^^^
/usr/local/lib/python3.12/dist-packages/playwright/_impl/_frame.py:153: in goto
    await self._channel.send(
/usr/local/lib/python3.12/dist-packages/playwright/_impl/_connection.py:69: in send
    return await self._connection.wrap_api_call(
_ _ _ _ _ _ _ _ _ _ _ _ _ _ _ _ _ _ _ _ _ _ _ _ _ _ _ _ _ _ _ _ _ _ _ _ _ _ _ _ 

self = <playwright._impl._connection.Connection object at 0x78f3c2093800>
cb = <function Channel.send.<locals>.<lambda> at 0x78f3c1139080>
is_internal = False, title = None

    async def wrap_api_call(
        self, cb: Callable[[], Any], is_internal: bool = False, title: str = None
    ) -> Any:
        if self._api_zone.get():
            return await cb()
        task = asyncio.current_task(self._loop)
        st: List[inspect.FrameInfo] = getattr(
            task, "__pw_stack__", None
        ) or inspect.stack(0)
    
        parsed_st = _extract_stack_trace_information_from_stack(st, is_internal, title)
        self._api_zone.set(parsed_st)
        try:
            return await cb()
        except Exception as error:
>           raise rewrite_error(error, f"{parsed_st['apiName']}: {error}") from None
E           playwright._impl._errors.Error: Page.goto: net::ERR_CONNECTION_REFUSED at http://localhost:3099/
E           Call log:
E             - navigating to "http://localhost:3099/", waiting until "load"

/usr/local/lib/python3.12/dist-packages/playwright/_impl/_connection.py:558: Error
______________ TestNavigation.test_navigate_tasks_then_inception _______________

self = <test_navigation.TestNavigation object at 0x78f3c23e3c50>
page = <Page url='chrome-error://chromewebdata/'>

    def test_navigate_tasks_then_inception(self, page: Page):
        """Navigate tasks then inception via direct URL."""
>       page.goto(_url("/tasks"), timeout=self.TIMEOUT)

tests/playwright/test_navigation.py:21: 
_ _ _ _ _ _ _ _ _ _ _ _ _ _ _ _ _ _ _ _ _ _ _ _ _ _ _ _ _ _ _ _ _ _ _ _ _ _ _ _ 
/usr/local/lib/python3.12/dist-packages/playwright/sync_api/_generated.py:9019: in goto
    self._sync(
/usr/local/lib/python3.12/dist-packages/playwright/_impl/_page.py:556: in goto
    return await self._main_frame.goto(**locals_to_params(locals()))
           ^^^^^^^^^^^^^^^^^^^^^^^^^^^^^^^^^^^^^^^^^^^^^^^^^^^^^^^^^
/usr/local/lib/python3.12/dist-packages/playwright/_impl/_frame.py:153: in goto
    await self._channel.send(
/usr/local/lib/python3.12/dist-packages/playwright/_impl/_connection.py:69: in send
    return await self._connection.wrap_api_call(
_ _ _ _ _ _ _ _ _ _ _ _ _ _ _ _ _ _ _ _ _ _ _ _ _ _ _ _ _ _ _ _ _ _ _ _ _ _ _ _ 

self = <playwright._impl._connection.Connection object at 0x78f3c2093800>
cb = <function Channel.send.<locals>.<lambda> at 0x78f3c05876a0>
is_internal = False, title = None

    async def wrap_api_call(
        self, cb: Callable[[], Any], is_internal: bool = False, title: str = None
    ) -> Any:
        if self._api_zone.get():
            return await cb()
        task = asyncio.current_task(self._loop)
        st: List[inspect.FrameInfo] = getattr(
            task, "__pw_stack__", None
        ) or inspect.stack(0)
    
        parsed_st = _extract_stack_trace_information_from_stack(st, is_internal, title)
        self._api_zone.set(parsed_st)
        try:
            return await cb()
        except Exception as error:
>           raise rewrite_error(error, f"{parsed_st['apiName']}: {error}") from None
E           playwright._impl._errors.Error: Page.goto: net::ERR_CONNECTION_REFUSED at http://localhost:3099/tasks
E           Call log:
E             - navigating to "http://localhost:3099/tasks", waiting until "load"

/usr/local/lib/python3.12/dist-packages/playwright/_impl/_connection.py:558: Error
_______________ TestNavigation.test_navigate_fabric_then_quality _______________

self = <test_navigation.TestNavigation object at 0x78f3c23e3290>
page = <Page url='chrome-error://chromewebdata/'>

    def test_navigate_fabric_then_quality(self, page: Page):
        """Navigate fabric then quality."""
>       page.goto(_url("/fabric"), timeout=self.TIMEOUT)

tests/playwright/test_navigation.py:30: 
_ _ _ _ _ _ _ _ _ _ _ _ _ _ _ _ _ _ _ _ _ _ _ _ _ _ _ _ _ _ _ _ _ _ _ _ _ _ _ _ 
/usr/local/lib/python3.12/dist-packages/playwright/sync_api/_generated.py:9019: in goto
    self._sync(
/usr/local/lib/python3.12/dist-packages/playwright/_impl/_page.py:556: in goto
    return await self._main_frame.goto(**locals_to_params(locals()))
           ^^^^^^^^^^^^^^^^^^^^^^^^^^^^^^^^^^^^^^^^^^^^^^^^^^^^^^^^^
/usr/local/lib/python3.12/dist-packages/playwright/_impl/_frame.py:153: in goto
    await self._channel.send(
/usr/local/lib/python3.12/dist-packages/playwright/_impl/_connection.py:69: in send
    return await self._connection.wrap_api_call(
_ _ _ _ _ _ _ _ _ _ _ _ _ _ _ _ _ _ _ _ _ _ _ _ _ _ _ _ _ _ _ _ _ _ _ _ _ _ _ _ 

self = <playwright._impl._connection.Connection object at 0x78f3c2093800>
cb = <function Channel.send.<locals>.<lambda> at 0x78f3c1083ba0>
is_internal = False, title = None

    async def wrap_api_call(
        self, cb: Callable[[], Any], is_internal: bool = False, title: str = None
    ) -> Any:
        if self._api_zone.get():
            return await cb()
        task = asyncio.current_task(self._loop)
        st: List[inspect.FrameInfo] = getattr(
            task, "__pw_stack__", None
        ) or inspect.stack(0)
    
        parsed_st = _extract_stack_trace_information_from_stack(st, is_internal, title)
        self._api_zone.set(parsed_st)
        try:
            return await cb()
        except Exception as error:
>           raise rewrite_error(error, f"{parsed_st['apiName']}: {error}") from None
E           playwright._impl._errors.Error: Page.goto: net::ERR_CONNECTION_REFUSED at http://localhost:3099/fabric
E           Call log:
E             - navigating to "http://localhost:3099/fabric", waiting until "load"

/usr/local/lib/python3.12/dist-packages/playwright/_impl/_connection.py:558: Error
____________ TestNavigation.test_navigate_metrics_then_enforcement _____________

self = <test_navigation.TestNavigation object at 0x78f3c23e0770>
page = <Page url='chrome-error://chromewebdata/'>

    def test_navigate_metrics_then_enforcement(self, page: Page):
        """Navigate metrics then enforcement."""
>       page.goto(_url("/metrics"), timeout=self.TIMEOUT)

tests/playwright/test_navigation.py:39: 
_ _ _ _ _ _ _ _ _ _ _ _ _ _ _ _ _ _ _ _ _ _ _ _ _ _ _ _ _ _ _ _ _ _ _ _ _ _ _ _ 
/usr/local/lib/python3.12/dist-packages/playwright/sync_api/_generated.py:9019: in goto
    self._sync(
/usr/local/lib/python3.12/dist-packages/playwright/_impl/_page.py:556: in goto
    return await self._main_frame.goto(**locals_to_params(locals()))
           ^^^^^^^^^^^^^^^^^^^^^^^^^^^^^^^^^^^^^^^^^^^^^^^^^^^^^^^^^
/usr/local/lib/python3.12/dist-packages/playwright/_impl/_frame.py:153: in goto
    await self._channel.send(
/usr/local/lib/python3.12/dist-packages/playwright/_impl/_connection.py:69: in send
    return await self._connection.wrap_api_call(
_ _ _ _ _ _ _ _ _ _ _ _ _ _ _ _ _ _ _ _ _ _ _ _ _ _ _ _ _ _ _ _ _ _ _ _ _ _ _ _ 

self = <playwright._impl._connection.Connection object at 0x78f3c2093800>
cb = <function Channel.send.<locals>.<lambda> at 0x78f3c140fe20>
is_internal = False, title = None

    async def wrap_api_call(
        self, cb: Callable[[], Any], is_internal: bool = False, title: str = None
    ) -> Any:
        if self._api_zone.get():
            return await cb()
        task = asyncio.current_task(self._loop)
        st: List[inspect.FrameInfo] = getattr(
            task, "__pw_stack__", None
        ) or inspect.stack(0)
    
        parsed_st = _extract_stack_trace_information_from_stack(st, is_internal, title)
        self._api_zone.set(parsed_st)
        try:
            return await cb()
        except Exception as error:
>           raise rewrite_error(error, f"{parsed_st['apiName']}: {error}") from None
E           playwright._impl._errors.Error: Page.goto: net::ERR_CONNECTION_REFUSED at http://localhost:3099/metrics
E           Call log:
E             - navigating to "http://localhost:3099/metrics", waiting until "load"

/usr/local/lib/python3.12/dist-packages/playwright/_impl/_connection.py:558: Error
_________________ TestNavigation.test_navigate_home_then_tasks _________________

self = <test_navigation.TestNavigation object at 0x78f3c23e19a0>
page = <Page url='chrome-error://chromewebdata/'>

    def test_navigate_home_then_tasks(self, page: Page):
        """Navigate home then tasks."""
>       page.goto(_url("/"), timeout=self.TIMEOUT)

tests/playwright/test_navigation.py:48: 
_ _ _ _ _ _ _ _ _ _ _ _ _ _ _ _ _ _ _ _ _ _ _ _ _ _ _ _ _ _ _ _ _ _ _ _ _ _ _ _ 
/usr/local/lib/python3.12/dist-packages/playwright/sync_api/_generated.py:9019: in goto
    self._sync(
/usr/local/lib/python3.12/dist-packages/playwright/_impl/_page.py:556: in goto
    return await self._main_frame.goto(**locals_to_params(locals()))
           ^^^^^^^^^^^^^^^^^^^^^^^^^^^^^^^^^^^^^^^^^^^^^^^^^^^^^^^^^
/usr/local/lib/python3.12/dist-packages/playwright/_impl/_frame.py:153: in goto
    await self._channel.send(
/usr/local/lib/python3.12/dist-packages/playwright/_impl/_connection.py:69: in send
    return await self._connection.wrap_api_call(
_ _ _ _ _ _ _ _ _ _ _ _ _ _ _ _ _ _ _ _ _ _ _ _ _ _ _ _ _ _ _ _ _ _ _ _ _ _ _ _ 

self = <playwright._impl._connection.Connection object at 0x78f3c2093800>
cb = <function Channel.send.<locals>.<lambda> at 0x78f3c1723e20>
is_internal = False, title = None

    async def wrap_api_call(
        self, cb: Callable[[], Any], is_internal: bool = False, title: str = None
    ) -> Any:
        if self._api_zone.get():
            return await cb()
        task = asyncio.current_task(self._loop)
        st: List[inspect.FrameInfo] = getattr(
            task, "__pw_stack__", None
        ) or inspect.stack(0)
    
        parsed_st = _extract_stack_trace_information_from_stack(st, is_internal, title)
        self._api_zone.set(parsed_st)
        try:
            return await cb()
        except Exception as error:
>           raise rewrite_error(error, f"{parsed_st['apiName']}: {error}") from None
E           playwright._impl._errors.Error: Page.goto: net::ERR_CONNECTION_REFUSED at http://localhost:3099/
E           Call log:
E             - navigating to "http://localhost:3099/", waiting until "load"

/usr/local/lib/python3.12/dist-packages/playwright/_impl/_connection.py:558: Error
____________________ TestNavigation.test_nav_links_present _____________________

self = <test_navigation.TestNavigation object at 0x78f3c23c3890>
page = <Page url='chrome-error://chromewebdata/'>

    def test_nav_links_present(self, page: Page):
        """All major nav sections have links."""
>       page.goto(_url("/"), timeout=self.TIMEOUT)

tests/playwright/test_navigation.py:57: 
_ _ _ _ _ _ _ _ _ _ _ _ _ _ _ _ _ _ _ _ _ _ _ _ _ _ _ _ _ _ _ _ _ _ _ _ _ _ _ _ 
/usr/local/lib/python3.12/dist-packages/playwright/sync_api/_generated.py:9019: in goto
    self._sync(
/usr/local/lib/python3.12/dist-packages/playwright/_impl/_page.py:556: in goto
    return await self._main_frame.goto(**locals_to_params(locals()))
           ^^^^^^^^^^^^^^^^^^^^^^^^^^^^^^^^^^^^^^^^^^^^^^^^^^^^^^^^^
/usr/local/lib/python3.12/dist-packages/playwright/_impl/_frame.py:153: in goto
    await self._channel.send(
/usr/local/lib/python3.12/dist-packages/playwright/_impl/_connection.py:69: in send
    return await self._connection.wrap_api_call(
_ _ _ _ _ _ _ _ _ _ _ _ _ _ _ _ _ _ _ _ _ _ _ _ _ _ _ _ _ _ _ _ _ _ _ _ _ _ _ _ 

self = <playwright._impl._connection.Connection object at 0x78f3c2093800>
cb = <function Channel.send.<locals>.<lambda> at 0x78f3c1138900>
is_internal = False, title = None

    async def wrap_api_call(
        self, cb: Callable[[], Any], is_internal: bool = False, title: str = None
    ) -> Any:
        if self._api_zone.get():
            return await cb()
        task = asyncio.current_task(self._loop)
        st: List[inspect.FrameInfo] = getattr(
            task, "__pw_stack__", None
        ) or inspect.stack(0)
    
        parsed_st = _extract_stack_trace_information_from_stack(st, is_internal, title)
        self._api_zone.set(parsed_st)
        try:
            return await cb()
        except Exception as error:
>           raise rewrite_error(error, f"{parsed_st['apiName']}: {error}") from None
E           playwright._impl._errors.Error: Page.goto: net::ERR_CONNECTION_REFUSED at http://localhost:3099/
E           Call log:
E             - navigating to "http://localhost:3099/", waiting until "load"

/usr/local/lib/python3.12/dist-packages/playwright/_impl/_connection.py:558: Error
__________________ TestNavigation.test_multi_page_transition ___________________

self = <test_navigation.TestNavigation object at 0x78f3c2200b00>
page = <Page url='chrome-error://chromewebdata/'>

    def test_multi_page_transition(self, page: Page):
        """Visit 3 pages in sequence — verifies no state leaks between navigations."""
        for route, marker in [("/cron", "Scheduled"), ("/risks", "Concerns"), ("/learnings", "Learnings")]:
>           resp = page.goto(_url(route), timeout=self.TIMEOUT)
                   ^^^^^^^^^^^^^^^^^^^^^^^^^^^^^^^^^^^^^^^^^^^^

tests/playwright/test_navigation.py:67: 
_ _ _ _ _ _ _ _ _ _ _ _ _ _ _ _ _ _ _ _ _ _ _ _ _ _ _ _ _ _ _ _ _ _ _ _ _ _ _ _ 
/usr/local/lib/python3.12/dist-packages/playwright/sync_api/_generated.py:9019: in goto
    self._sync(
/usr/local/lib/python3.12/dist-packages/playwright/_impl/_page.py:556: in goto
    return await self._main_frame.goto(**locals_to_params(locals()))
           ^^^^^^^^^^^^^^^^^^^^^^^^^^^^^^^^^^^^^^^^^^^^^^^^^^^^^^^^^
/usr/local/lib/python3.12/dist-packages/playwright/_impl/_frame.py:153: in goto
    await self._channel.send(
/usr/local/lib/python3.12/dist-packages/playwright/_impl/_connection.py:69: in send
    return await self._connection.wrap_api_call(
_ _ _ _ _ _ _ _ _ _ _ _ _ _ _ _ _ _ _ _ _ _ _ _ _ _ _ _ _ _ _ _ _ _ _ _ _ _ _ _ 

self = <playwright._impl._connection.Connection object at 0x78f3c2093800>
cb = <function Channel.send.<locals>.<lambda> at 0x78f3c105b7e0>
is_internal = False, title = None

    async def wrap_api_call(
        self, cb: Callable[[], Any], is_internal: bool = False, title: str = None
    ) -> Any:
        if self._api_zone.get():
            return await cb()
        task = asyncio.current_task(self._loop)
        st: List[inspect.FrameInfo] = getattr(
            task, "__pw_stack__", None
        ) or inspect.stack(0)
    
        parsed_st = _extract_stack_trace_information_from_stack(st, is_internal, title)
        self._api_zone.set(parsed_st)
        try:
            return await cb()
        except Exception as error:
>           raise rewrite_error(error, f"{parsed_st['apiName']}: {error}") from None
E           playwright._impl._errors.Error: Page.goto: net::ERR_CONNECTION_REFUSED at http://localhost:3099/cron
E           Call log:
E             - navigating to "http://localhost:3099/cron", waiting until "load"

/usr/local/lib/python3.12/dist-packages/playwright/_impl/_connection.py:558: Error
___________ TestOrchestratorPage.test_page_loads_with_correct_title ____________

self = <test_orchestrator_page.TestOrchestratorPage object at 0x78f3c22012b0>
page = <Page url='chrome-error://chromewebdata/'>
base_url = 'http://localhost:3099'

    def test_page_loads_with_correct_title(self, page: Page, base_url: str):
>       page.goto(_orchestrator_url(base_url))

tests/playwright/test_orchestrator_page.py:28: 
_ _ _ _ _ _ _ _ _ _ _ _ _ _ _ _ _ _ _ _ _ _ _ _ _ _ _ _ _ _ _ _ _ _ _ _ _ _ _ _ 
/usr/local/lib/python3.12/dist-packages/playwright/sync_api/_generated.py:9019: in goto
    self._sync(
/usr/local/lib/python3.12/dist-packages/playwright/_impl/_page.py:556: in goto
    return await self._main_frame.goto(**locals_to_params(locals()))
           ^^^^^^^^^^^^^^^^^^^^^^^^^^^^^^^^^^^^^^^^^^^^^^^^^^^^^^^^^
/usr/local/lib/python3.12/dist-packages/playwright/_impl/_frame.py:153: in goto
    await self._channel.send(
/usr/local/lib/python3.12/dist-packages/playwright/_impl/_connection.py:69: in send
    return await self._connection.wrap_api_call(
_ _ _ _ _ _ _ _ _ _ _ _ _ _ _ _ _ _ _ _ _ _ _ _ _ _ _ _ _ _ _ _ _ _ _ _ _ _ _ _ 

self = <playwright._impl._connection.Connection object at 0x78f3c2093800>
cb = <function Channel.send.<locals>.<lambda> at 0x78f3c12feac0>
is_internal = False, title = None

    async def wrap_api_call(
        self, cb: Callable[[], Any], is_internal: bool = False, title: str = None
    ) -> Any:
        if self._api_zone.get():
            return await cb()
        task = asyncio.current_task(self._loop)
        st: List[inspect.FrameInfo] = getattr(
            task, "__pw_stack__", None
        ) or inspect.stack(0)
    
        parsed_st = _extract_stack_trace_information_from_stack(st, is_internal, title)
        self._api_zone.set(parsed_st)
        try:
            return await cb()
        except Exception as error:
>           raise rewrite_error(error, f"{parsed_st['apiName']}: {error}") from None
E           playwright._impl._errors.Error: Page.goto: net::ERR_CONNECTION_REFUSED at http://localhost:3099/orchestrator
E           Call log:
E             - navigating to "http://localhost:3099/orchestrator", waiting until "load"

/usr/local/lib/python3.12/dist-packages/playwright/_impl/_connection.py:558: Error
_______________ TestOrchestratorPage.test_page_has_no_js_errors ________________

self = <test_orchestrator_page.TestOrchestratorPage object at 0x78f3c2201910>
page = <Page url='chrome-error://chromewebdata/'>
base_url = 'http://localhost:3099'

    def test_page_has_no_js_errors(self, page: Page, base_url: str):
        errors = []
        page.on("pageerror", lambda err: errors.append(str(err)))
>       page.goto(_orchestrator_url(base_url))

tests/playwright/test_orchestrator_page.py:34: 
_ _ _ _ _ _ _ _ _ _ _ _ _ _ _ _ _ _ _ _ _ _ _ _ _ _ _ _ _ _ _ _ _ _ _ _ _ _ _ _ 
/usr/local/lib/python3.12/dist-packages/playwright/sync_api/_generated.py:9019: in goto
    self._sync(
/usr/local/lib/python3.12/dist-packages/playwright/_impl/_page.py:556: in goto
    return await self._main_frame.goto(**locals_to_params(locals()))
           ^^^^^^^^^^^^^^^^^^^^^^^^^^^^^^^^^^^^^^^^^^^^^^^^^^^^^^^^^
/usr/local/lib/python3.12/dist-packages/playwright/_impl/_frame.py:153: in goto
    await self._channel.send(
/usr/local/lib/python3.12/dist-packages/playwright/_impl/_connection.py:69: in send
    return await self._connection.wrap_api_call(
_ _ _ _ _ _ _ _ _ _ _ _ _ _ _ _ _ _ _ _ _ _ _ _ _ _ _ _ _ _ _ _ _ _ _ _ _ _ _ _ 

self = <playwright._impl._connection.Connection object at 0x78f3c2093800>
cb = <function Channel.send.<locals>.<lambda> at 0x78f3c140c400>
is_internal = False, title = None

    async def wrap_api_call(
        self, cb: Callable[[], Any], is_internal: bool = False, title: str = None
    ) -> Any:
        if self._api_zone.get():
            return await cb()
        task = asyncio.current_task(self._loop)
        st: List[inspect.FrameInfo] = getattr(
            task, "__pw_stack__", None
        ) or inspect.stack(0)
    
        parsed_st = _extract_stack_trace_information_from_stack(st, is_internal, title)
        self._api_zone.set(parsed_st)
        try:
            return await cb()
        except Exception as error:
>           raise rewrite_error(error, f"{parsed_st['apiName']}: {error}") from None
E           playwright._impl._errors.Error: Page.goto: net::ERR_CONNECTION_REFUSED at http://localhost:3099/orchestrator
E           Call log:
E             - navigating to "http://localhost:3099/orchestrator", waiting until "load"

/usr/local/lib/python3.12/dist-packages/playwright/_impl/_connection.py:558: Error
_________ TestLearnedRoutingPanel.test_learned_routing_heading_present _________

self = <test_orchestrator_page.TestLearnedRoutingPanel object at 0x78f3c2201cd0>
page = <Page url='chrome-error://chromewebdata/'>
base_url = 'http://localhost:3099'

    def test_learned_routing_heading_present(self, page: Page, base_url: str):
>       page.goto(_orchestrator_url(base_url))

tests/playwright/test_orchestrator_page.py:44: 
_ _ _ _ _ _ _ _ _ _ _ _ _ _ _ _ _ _ _ _ _ _ _ _ _ _ _ _ _ _ _ _ _ _ _ _ _ _ _ _ 
/usr/local/lib/python3.12/dist-packages/playwright/sync_api/_generated.py:9019: in goto
    self._sync(
/usr/local/lib/python3.12/dist-packages/playwright/_impl/_page.py:556: in goto
    return await self._main_frame.goto(**locals_to_params(locals()))
           ^^^^^^^^^^^^^^^^^^^^^^^^^^^^^^^^^^^^^^^^^^^^^^^^^^^^^^^^^
/usr/local/lib/python3.12/dist-packages/playwright/_impl/_frame.py:153: in goto
    await self._channel.send(
/usr/local/lib/python3.12/dist-packages/playwright/_impl/_connection.py:69: in send
    return await self._connection.wrap_api_call(
_ _ _ _ _ _ _ _ _ _ _ _ _ _ _ _ _ _ _ _ _ _ _ _ _ _ _ _ _ _ _ _ _ _ _ _ _ _ _ _ 

self = <playwright._impl._connection.Connection object at 0x78f3c2093800>
cb = <function Channel.send.<locals>.<lambda> at 0x78f3c11398a0>
is_internal = False, title = None

    async def wrap_api_call(
        self, cb: Callable[[], Any], is_internal: bool = False, title: str = None
    ) -> Any:
        if self._api_zone.get():
            return await cb()
        task = asyncio.current_task(self._loop)
        st: List[inspect.FrameInfo] = getattr(
            task, "__pw_stack__", None
        ) or inspect.stack(0)
    
        parsed_st = _extract_stack_trace_information_from_stack(st, is_internal, title)
        self._api_zone.set(parsed_st)
        try:
            return await cb()
        except Exception as error:
>           raise rewrite_error(error, f"{parsed_st['apiName']}: {error}") from None
E           playwright._impl._errors.Error: Page.goto: net::ERR_CONNECTION_REFUSED at http://localhost:3099/orchestrator
E           Call log:
E             - navigating to "http://localhost:3099/orchestrator", waiting until "load"

/usr/local/lib/python3.12/dist-packages/playwright/_impl/_connection.py:558: Error
_________ TestLearnedRoutingPanel.test_panel_explains_route_cache_role _________

self = <test_orchestrator_page.TestLearnedRoutingPanel object at 0x78f3c2202060>
page = <Page url='chrome-error://chromewebdata/'>
base_url = 'http://localhost:3099'

    def test_panel_explains_route_cache_role(self, page: Page, base_url: str):
        """The intro paragraph names route-cache.json — the substrate the
        panel reads — and links T-1669 so a reviewer can trace it."""
>       page.goto(_orchestrator_url(base_url))

tests/playwright/test_orchestrator_page.py:52: 
_ _ _ _ _ _ _ _ _ _ _ _ _ _ _ _ _ _ _ _ _ _ _ _ _ _ _ _ _ _ _ _ _ _ _ _ _ _ _ _ 
/usr/local/lib/python3.12/dist-packages/playwright/sync_api/_generated.py:9019: in goto
    self._sync(
/usr/local/lib/python3.12/dist-packages/playwright/_impl/_page.py:556: in goto
    return await self._main_frame.goto(**locals_to_params(locals()))
           ^^^^^^^^^^^^^^^^^^^^^^^^^^^^^^^^^^^^^^^^^^^^^^^^^^^^^^^^^
/usr/local/lib/python3.12/dist-packages/playwright/_impl/_frame.py:153: in goto
    await self._channel.send(
/usr/local/lib/python3.12/dist-packages/playwright/_impl/_connection.py:69: in send
    return await self._connection.wrap_api_call(
_ _ _ _ _ _ _ _ _ _ _ _ _ _ _ _ _ _ _ _ _ _ _ _ _ _ _ _ _ _ _ _ _ _ _ _ _ _ _ _ 

self = <playwright._impl._connection.Connection object at 0x78f3c2093800>
cb = <function Channel.send.<locals>.<lambda> at 0x78f3c11d2480>
is_internal = False, title = None

    async def wrap_api_call(
        self, cb: Callable[[], Any], is_internal: bool = False, title: str = None
    ) -> Any:
        if self._api_zone.get():
            return await cb()
        task = asyncio.current_task(self._loop)
        st: List[inspect.FrameInfo] = getattr(
            task, "__pw_stack__", None
        ) or inspect.stack(0)
    
        parsed_st = _extract_stack_trace_information_from_stack(st, is_internal, title)
        self._api_zone.set(parsed_st)
        try:
            return await cb()
        except Exception as error:
>           raise rewrite_error(error, f"{parsed_st['apiName']}: {error}") from None
E           playwright._impl._errors.Error: Page.goto: net::ERR_CONNECTION_REFUSED at http://localhost:3099/orchestrator
E           Call log:
E             - navigating to "http://localhost:3099/orchestrator", waiting until "load"

/usr/local/lib/python3.12/dist-packages/playwright/_impl/_connection.py:558: Error
________ TestLearnedRoutingPanel.test_panel_renders_one_of_three_states ________

self = <test_orchestrator_page.TestLearnedRoutingPanel object at 0x78f3c22023f0>
page = <Page url='chrome-error://chromewebdata/'>
base_url = 'http://localhost:3099'

    def test_panel_renders_one_of_three_states(self, page: Page, base_url: str):
        """Panel exposes exactly one of: cache absent, no recordings, or table.
    
        The states are mutually exclusive in the template — proving
        all three branches exist guards against a future refactor that
        accidentally hides the panel entirely.
        """
>       page.goto(_orchestrator_url(base_url))

tests/playwright/test_orchestrator_page.py:66: 
_ _ _ _ _ _ _ _ _ _ _ _ _ _ _ _ _ _ _ _ _ _ _ _ _ _ _ _ _ _ _ _ _ _ _ _ _ _ _ _ 
/usr/local/lib/python3.12/dist-packages/playwright/sync_api/_generated.py:9019: in goto
    self._sync(
/usr/local/lib/python3.12/dist-packages/playwright/_impl/_page.py:556: in goto
    return await self._main_frame.goto(**locals_to_params(locals()))
           ^^^^^^^^^^^^^^^^^^^^^^^^^^^^^^^^^^^^^^^^^^^^^^^^^^^^^^^^^
/usr/local/lib/python3.12/dist-packages/playwright/_impl/_frame.py:153: in goto
    await self._channel.send(
/usr/local/lib/python3.12/dist-packages/playwright/_impl/_connection.py:69: in send
    return await self._connection.wrap_api_call(
_ _ _ _ _ _ _ _ _ _ _ _ _ _ _ _ _ _ _ _ _ _ _ _ _ _ _ _ _ _ _ _ _ _ _ _ _ _ _ _ 

self = <playwright._impl._connection.Connection object at 0x78f3c2093800>
cb = <function Channel.send.<locals>.<lambda> at 0x78f3c140c7c0>
is_internal = False, title = None

    async def wrap_api_call(
        self, cb: Callable[[], Any], is_internal: bool = False, title: str = None
    ) -> Any:
        if self._api_zone.get():
            return await cb()
        task = asyncio.current_task(self._loop)
        st: List[inspect.FrameInfo] = getattr(
            task, "__pw_stack__", None
        ) or inspect.stack(0)
    
        parsed_st = _extract_stack_trace_information_from_stack(st, is_internal, title)
        self._api_zone.set(parsed_st)
        try:
            return await cb()
        except Exception as error:
>           raise rewrite_error(error, f"{parsed_st['apiName']}: {error}") from None
E           playwright._impl._errors.Error: Page.goto: net::ERR_CONNECTION_REFUSED at http://localhost:3099/orchestrator
E           Call log:
E             - navigating to "http://localhost:3099/orchestrator", waiting until "load"

/usr/local/lib/python3.12/dist-packages/playwright/_impl/_connection.py:558: Error
_______ TestRecentDispatchesPanel.test_recent_dispatches_heading_present _______

self = <test_orchestrator_page.TestRecentDispatchesPanel object at 0x78f3c2202810>
page = <Page url='chrome-error://chromewebdata/'>
base_url = 'http://localhost:3099'

    def test_recent_dispatches_heading_present(self, page: Page, base_url: str):
>       page.goto(_orchestrator_url(base_url))

tests/playwright/test_orchestrator_page.py:83: 
_ _ _ _ _ _ _ _ _ _ _ _ _ _ _ _ _ _ _ _ _ _ _ _ _ _ _ _ _ _ _ _ _ _ _ _ _ _ _ _ 
/usr/local/lib/python3.12/dist-packages/playwright/sync_api/_generated.py:9019: in goto
    self._sync(
/usr/local/lib/python3.12/dist-packages/playwright/_impl/_page.py:556: in goto
    return await self._main_frame.goto(**locals_to_params(locals()))
           ^^^^^^^^^^^^^^^^^^^^^^^^^^^^^^^^^^^^^^^^^^^^^^^^^^^^^^^^^
/usr/local/lib/python3.12/dist-packages/playwright/_impl/_frame.py:153: in goto
    await self._channel.send(
/usr/local/lib/python3.12/dist-packages/playwright/_impl/_connection.py:69: in send
    return await self._connection.wrap_api_call(
_ _ _ _ _ _ _ _ _ _ _ _ _ _ _ _ _ _ _ _ _ _ _ _ _ _ _ _ _ _ _ _ _ _ _ _ _ _ _ _ 

self = <playwright._impl._connection.Connection object at 0x78f3c2093800>
cb = <function Channel.send.<locals>.<lambda> at 0x78f3c0dc19e0>
is_internal = False, title = None

    async def wrap_api_call(
        self, cb: Callable[[], Any], is_internal: bool = False, title: str = None
    ) -> Any:
        if self._api_zone.get():
            return await cb()
        task = asyncio.current_task(self._loop)
        st: List[inspect.FrameInfo] = getattr(
            task, "__pw_stack__", None
        ) or inspect.stack(0)
    
        parsed_st = _extract_stack_trace_information_from_stack(st, is_internal, title)
        self._api_zone.set(parsed_st)
        try:
            return await cb()
        except Exception as error:
>           raise rewrite_error(error, f"{parsed_st['apiName']}: {error}") from None
E           playwright._impl._errors.Error: Page.goto: net::ERR_CONNECTION_REFUSED at http://localhost:3099/orchestrator
E           Call log:
E             - navigating to "http://localhost:3099/orchestrator", waiting until "load"

/usr/local/lib/python3.12/dist-packages/playwright/_impl/_connection.py:558: Error
_ TestRecentDispatchesPanel.test_learned_routing_appears_above_recent_dispatches _

self = <test_orchestrator_page.TestRecentDispatchesPanel object at 0x78f3c2202ba0>
page = <Page url='chrome-error://chromewebdata/'>
base_url = 'http://localhost:3099'

    def test_learned_routing_appears_above_recent_dispatches(
        self, page: Page, base_url: str
    ):
        """Panel order matters — the headline_mechanic surface should
        appear BEFORE the dispatch-history surface so a reviewer sees
        'what's the orchestrator doing now?' before 'what did it do?'.
        """
>       page.goto(_orchestrator_url(base_url))

tests/playwright/test_orchestrator_page.py:94: 
_ _ _ _ _ _ _ _ _ _ _ _ _ _ _ _ _ _ _ _ _ _ _ _ _ _ _ _ _ _ _ _ _ _ _ _ _ _ _ _ 
/usr/local/lib/python3.12/dist-packages/playwright/sync_api/_generated.py:9019: in goto
    self._sync(
/usr/local/lib/python3.12/dist-packages/playwright/_impl/_page.py:556: in goto
    return await self._main_frame.goto(**locals_to_params(locals()))
           ^^^^^^^^^^^^^^^^^^^^^^^^^^^^^^^^^^^^^^^^^^^^^^^^^^^^^^^^^
/usr/local/lib/python3.12/dist-packages/playwright/_impl/_frame.py:153: in goto
    await self._channel.send(
/usr/local/lib/python3.12/dist-packages/playwright/_impl/_connection.py:69: in send
    return await self._connection.wrap_api_call(
_ _ _ _ _ _ _ _ _ _ _ _ _ _ _ _ _ _ _ _ _ _ _ _ _ _ _ _ _ _ _ _ _ _ _ _ _ _ _ _ 

self = <playwright._impl._connection.Connection object at 0x78f3c2093800>
cb = <function Channel.send.<locals>.<lambda> at 0x78f3c1139080>
is_internal = False, title = None

    async def wrap_api_call(
        self, cb: Callable[[], Any], is_internal: bool = False, title: str = None
    ) -> Any:
        if self._api_zone.get():
            return await cb()
        task = asyncio.current_task(self._loop)
        st: List[inspect.FrameInfo] = getattr(
            task, "__pw_stack__", None
        ) or inspect.stack(0)
    
        parsed_st = _extract_stack_trace_information_from_stack(st, is_internal, title)
        self._api_zone.set(parsed_st)
        try:
            return await cb()
        except Exception as error:
>           raise rewrite_error(error, f"{parsed_st['apiName']}: {error}") from None
E           playwright._impl._errors.Error: Page.goto: net::ERR_CONNECTION_REFUSED at http://localhost:3099/orchestrator
E           Call log:
E             - navigating to "http://localhost:3099/orchestrator", waiting until "load"

/usr/local/lib/python3.12/dist-packages/playwright/_impl/_connection.py:558: Error
_______ TestWorkflowCoveragePanel.test_workflow_coverage_heading_present _______

self = <test_orchestrator_page.TestWorkflowCoveragePanel object at 0x78f3c23e1cd0>
page = <Page url='chrome-error://chromewebdata/'>
base_url = 'http://localhost:3099'

    def test_workflow_coverage_heading_present(self, page: Page, base_url: str):
>       page.goto(_orchestrator_url(base_url))

tests/playwright/test_orchestrator_page.py:113: 
_ _ _ _ _ _ _ _ _ _ _ _ _ _ _ _ _ _ _ _ _ _ _ _ _ _ _ _ _ _ _ _ _ _ _ _ _ _ _ _ 
/usr/local/lib/python3.12/dist-packages/playwright/sync_api/_generated.py:9019: in goto
    self._sync(
/usr/local/lib/python3.12/dist-packages/playwright/_impl/_page.py:556: in goto
    return await self._main_frame.goto(**locals_to_params(locals()))
           ^^^^^^^^^^^^^^^^^^^^^^^^^^^^^^^^^^^^^^^^^^^^^^^^^^^^^^^^^
/usr/local/lib/python3.12/dist-packages/playwright/_impl/_frame.py:153: in goto
    await self._channel.send(
/usr/local/lib/python3.12/dist-packages/playwright/_impl/_connection.py:69: in send
    return await self._connection.wrap_api_call(
_ _ _ _ _ _ _ _ _ _ _ _ _ _ _ _ _ _ _ _ _ _ _ _ _ _ _ _ _ _ _ _ _ _ _ _ _ _ _ _ 

self = <playwright._impl._connection.Connection object at 0x78f3c2093800>
cb = <function Channel.send.<locals>.<lambda> at 0x78f3c11d1d00>
is_internal = False, title = None

    async def wrap_api_call(
        self, cb: Callable[[], Any], is_internal: bool = False, title: str = None
    ) -> Any:
        if self._api_zone.get():
            return await cb()
        task = asyncio.current_task(self._loop)
        st: List[inspect.FrameInfo] = getattr(
            task, "__pw_stack__", None
        ) or inspect.stack(0)
    
        parsed_st = _extract_stack_trace_information_from_stack(st, is_internal, title)
        self._api_zone.set(parsed_st)
        try:
            return await cb()
        except Exception as error:
>           raise rewrite_error(error, f"{parsed_st['apiName']}: {error}") from None
E           playwright._impl._errors.Error: Page.goto: net::ERR_CONNECTION_REFUSED at http://localhost:3099/orchestrator
E           Call log:
E             - navigating to "http://localhost:3099/orchestrator", waiting until "load"

/usr/local/lib/python3.12/dist-packages/playwright/_impl/_connection.py:558: Error
____________ TestWorkflowCoveragePanel.test_table_has_four_columns _____________

self = <test_orchestrator_page.TestWorkflowCoveragePanel object at 0x78f3c23e0530>
page = <Page url='chrome-error://chromewebdata/'>
base_url = 'http://localhost:3099'

    def test_table_has_four_columns(self, page: Page, base_url: str):
        """T-1801 — table header has Workflow / worker_kind / provider / Routable.
    
        The provider column is the T-1801 addition; this test pins the
        4-column shape so a future template refactor doesn't silently drop it.
        """
>       page.goto(_orchestrator_url(base_url))

tests/playwright/test_orchestrator_page.py:123: 
_ _ _ _ _ _ _ _ _ _ _ _ _ _ _ _ _ _ _ _ _ _ _ _ _ _ _ _ _ _ _ _ _ _ _ _ _ _ _ _ 
/usr/local/lib/python3.12/dist-packages/playwright/sync_api/_generated.py:9019: in goto
    self._sync(
/usr/local/lib/python3.12/dist-packages/playwright/_impl/_page.py:556: in goto
    return await self._main_frame.goto(**locals_to_params(locals()))
           ^^^^^^^^^^^^^^^^^^^^^^^^^^^^^^^^^^^^^^^^^^^^^^^^^^^^^^^^^
/usr/local/lib/python3.12/dist-packages/playwright/_impl/_frame.py:153: in goto
    await self._channel.send(
/usr/local/lib/python3.12/dist-packages/playwright/_impl/_connection.py:69: in send
    return await self._connection.wrap_api_call(
_ _ _ _ _ _ _ _ _ _ _ _ _ _ _ _ _ _ _ _ _ _ _ _ _ _ _ _ _ _ _ _ _ _ _ _ _ _ _ _ 

self = <playwright._impl._connection.Connection object at 0x78f3c2093800>
cb = <function Channel.send.<locals>.<lambda> at 0x78f3c1082c00>
is_internal = False, title = None

    async def wrap_api_call(
        self, cb: Callable[[], Any], is_internal: bool = False, title: str = None
    ) -> Any:
        if self._api_zone.get():
            return await cb()
        task = asyncio.current_task(self._loop)
        st: List[inspect.FrameInfo] = getattr(
            task, "__pw_stack__", None
        ) or inspect.stack(0)
    
        parsed_st = _extract_stack_trace_information_from_stack(st, is_internal, title)
        self._api_zone.set(parsed_st)
        try:
            return await cb()
        except Exception as error:
>           raise rewrite_error(error, f"{parsed_st['apiName']}: {error}") from None
E           playwright._impl._errors.Error: Page.goto: net::ERR_CONNECTION_REFUSED at http://localhost:3099/orchestrator
E           Call log:
E             - navigating to "http://localhost:3099/orchestrator", waiting until "load"

/usr/local/lib/python3.12/dist-packages/playwright/_impl/_connection.py:558: Error
________ TestWorkflowCoveragePanel.test_provider_column_renders_per_row ________

self = <test_orchestrator_page.TestWorkflowCoveragePanel object at 0x78f3c2202420>
page = <Page url='chrome-error://chromewebdata/'>
base_url = 'http://localhost:3099'

    def test_provider_column_renders_per_row(self, page: Page, base_url: str):
        """For each pi workflow row, the provider cell renders either a
        provider name OR a `missing` warn badge — never an unmarked empty
        cell (that would mask the T-1800 failure class)."""
>       page.goto(_orchestrator_url(base_url))

tests/playwright/test_orchestrator_page.py:140: 
_ _ _ _ _ _ _ _ _ _ _ _ _ _ _ _ _ _ _ _ _ _ _ _ _ _ _ _ _ _ _ _ _ _ _ _ _ _ _ _ 
/usr/local/lib/python3.12/dist-packages/playwright/sync_api/_generated.py:9019: in goto
    self._sync(
/usr/local/lib/python3.12/dist-packages/playwright/_impl/_page.py:556: in goto
    return await self._main_frame.goto(**locals_to_params(locals()))
           ^^^^^^^^^^^^^^^^^^^^^^^^^^^^^^^^^^^^^^^^^^^^^^^^^^^^^^^^^
/usr/local/lib/python3.12/dist-packages/playwright/_impl/_frame.py:153: in goto
    await self._channel.send(
/usr/local/lib/python3.12/dist-packages/playwright/_impl/_connection.py:69: in send
    return await self._connection.wrap_api_call(
_ _ _ _ _ _ _ _ _ _ _ _ _ _ _ _ _ _ _ _ _ _ _ _ _ _ _ _ _ _ _ _ _ _ _ _ _ _ _ _ 

self = <playwright._impl._connection.Connection object at 0x78f3c2093800>
cb = <function Channel.send.<locals>.<lambda> at 0x78f3c10816c0>
is_internal = False, title = None

    async def wrap_api_call(
        self, cb: Callable[[], Any], is_internal: bool = False, title: str = None
    ) -> Any:
        if self._api_zone.get():
            return await cb()
        task = asyncio.current_task(self._loop)
        st: List[inspect.FrameInfo] = getattr(
            task, "__pw_stack__", None
        ) or inspect.stack(0)
    
        parsed_st = _extract_stack_trace_information_from_stack(st, is_internal, title)
        self._api_zone.set(parsed_st)
        try:
            return await cb()
        except Exception as error:
>           raise rewrite_error(error, f"{parsed_st['apiName']}: {error}") from None
E           playwright._impl._errors.Error: Page.goto: net::ERR_CONNECTION_REFUSED at http://localhost:3099/orchestrator
E           Call log:
E             - navigating to "http://localhost:3099/orchestrator", waiting until "load"

/usr/local/lib/python3.12/dist-packages/playwright/_impl/_connection.py:558: Error
__________________ TestPatternsPage.test_patterns_page_loads ___________________

self = <test_patterns.TestPatternsPage object at 0x78f3c2201b80>
page = <Page url='chrome-error://chromewebdata/'>

    def test_patterns_page_loads(self, page: Page):
>       resp = page.goto(_url("/patterns"))
               ^^^^^^^^^^^^^^^^^^^^^^^^^^^^

tests/playwright/test_patterns.py:18: 
_ _ _ _ _ _ _ _ _ _ _ _ _ _ _ _ _ _ _ _ _ _ _ _ _ _ _ _ _ _ _ _ _ _ _ _ _ _ _ _ 
/usr/local/lib/python3.12/dist-packages/playwright/sync_api/_generated.py:9019: in goto
    self._sync(
/usr/local/lib/python3.12/dist-packages/playwright/_impl/_page.py:556: in goto
    return await self._main_frame.goto(**locals_to_params(locals()))
           ^^^^^^^^^^^^^^^^^^^^^^^^^^^^^^^^^^^^^^^^^^^^^^^^^^^^^^^^^
/usr/local/lib/python3.12/dist-packages/playwright/_impl/_frame.py:153: in goto
    await self._channel.send(
/usr/local/lib/python3.12/dist-packages/playwright/_impl/_connection.py:69: in send
    return await self._connection.wrap_api_call(
_ _ _ _ _ _ _ _ _ _ _ _ _ _ _ _ _ _ _ _ _ _ _ _ _ _ _ _ _ _ _ _ _ _ _ _ _ _ _ _ 

self = <playwright._impl._connection.Connection object at 0x78f3c2093800>
cb = <function Channel.send.<locals>.<lambda> at 0x78f3c1083100>
is_internal = False, title = None

    async def wrap_api_call(
        self, cb: Callable[[], Any], is_internal: bool = False, title: str = None
    ) -> Any:
        if self._api_zone.get():
            return await cb()
        task = asyncio.current_task(self._loop)
        st: List[inspect.FrameInfo] = getattr(
            task, "__pw_stack__", None
        ) or inspect.stack(0)
    
        parsed_st = _extract_stack_trace_information_from_stack(st, is_internal, title)
        self._api_zone.set(parsed_st)
        try:
            return await cb()
        except Exception as error:
>           raise rewrite_error(error, f"{parsed_st['apiName']}: {error}") from None
E           playwright._impl._errors.Error: Page.goto: net::ERR_CONNECTION_REFUSED at http://localhost:3099/patterns
E           Call log:
E             - navigating to "http://localhost:3099/patterns", waiting until "load"

/usr/local/lib/python3.12/dist-packages/playwright/_impl/_connection.py:558: Error
__________________ TestPatternsPage.test_patterns_has_heading __________________

self = <test_patterns.TestPatternsPage object at 0x78f3c22012e0>
page = <Page url='chrome-error://chromewebdata/'>

    def test_patterns_has_heading(self, page: Page):
>       page.goto(_url("/patterns"))

tests/playwright/test_patterns.py:22: 
_ _ _ _ _ _ _ _ _ _ _ _ _ _ _ _ _ _ _ _ _ _ _ _ _ _ _ _ _ _ _ _ _ _ _ _ _ _ _ _ 
/usr/local/lib/python3.12/dist-packages/playwright/sync_api/_generated.py:9019: in goto
    self._sync(
/usr/local/lib/python3.12/dist-packages/playwright/_impl/_page.py:556: in goto
    return await self._main_frame.goto(**locals_to_params(locals()))
           ^^^^^^^^^^^^^^^^^^^^^^^^^^^^^^^^^^^^^^^^^^^^^^^^^^^^^^^^^
/usr/local/lib/python3.12/dist-packages/playwright/_impl/_frame.py:153: in goto
    await self._channel.send(
/usr/local/lib/python3.12/dist-packages/playwright/_impl/_connection.py:69: in send
    return await self._connection.wrap_api_call(
_ _ _ _ _ _ _ _ _ _ _ _ _ _ _ _ _ _ _ _ _ _ _ _ _ _ _ _ _ _ _ _ _ _ _ _ _ _ _ _ 

self = <playwright._impl._connection.Connection object at 0x78f3c2093800>
cb = <function Channel.send.<locals>.<lambda> at 0x78f3c0e57b00>
is_internal = False, title = None

    async def wrap_api_call(
        self, cb: Callable[[], Any], is_internal: bool = False, title: str = None
    ) -> Any:
        if self._api_zone.get():
            return await cb()
        task = asyncio.current_task(self._loop)
        st: List[inspect.FrameInfo] = getattr(
            task, "__pw_stack__", None
        ) or inspect.stack(0)
    
        parsed_st = _extract_stack_trace_information_from_stack(st, is_internal, title)
        self._api_zone.set(parsed_st)
        try:
            return await cb()
        except Exception as error:
>           raise rewrite_error(error, f"{parsed_st['apiName']}: {error}") from None
E           playwright._impl._errors.Error: Page.goto: net::ERR_CONNECTION_REFUSED at http://localhost:3099/patterns
E           Call log:
E             - navigating to "http://localhost:3099/patterns", waiting until "load"

/usr/local/lib/python3.12/dist-packages/playwright/_impl/_connection.py:558: Error
__________________ TestPatternsPage.test_patterns_has_entries __________________

self = <test_patterns.TestPatternsPage object at 0x78f3c2202f60>
page = <Page url='chrome-error://chromewebdata/'>

    def test_patterns_has_entries(self, page: Page):
        """Patterns page should display pattern entries."""
>       page.goto(_url("/patterns"))

tests/playwright/test_patterns.py:30: 
_ _ _ _ _ _ _ _ _ _ _ _ _ _ _ _ _ _ _ _ _ _ _ _ _ _ _ _ _ _ _ _ _ _ _ _ _ _ _ _ 
/usr/local/lib/python3.12/dist-packages/playwright/sync_api/_generated.py:9019: in goto
    self._sync(
/usr/local/lib/python3.12/dist-packages/playwright/_impl/_page.py:556: in goto
    return await self._main_frame.goto(**locals_to_params(locals()))
           ^^^^^^^^^^^^^^^^^^^^^^^^^^^^^^^^^^^^^^^^^^^^^^^^^^^^^^^^^
/usr/local/lib/python3.12/dist-packages/playwright/_impl/_frame.py:153: in goto
    await self._channel.send(
/usr/local/lib/python3.12/dist-packages/playwright/_impl/_connection.py:69: in send
    return await self._connection.wrap_api_call(
_ _ _ _ _ _ _ _ _ _ _ _ _ _ _ _ _ _ _ _ _ _ _ _ _ _ _ _ _ _ _ _ _ _ _ _ _ _ _ _ 

self = <playwright._impl._connection.Connection object at 0x78f3c2093800>
cb = <function Channel.send.<locals>.<lambda> at 0x78f3c133cea0>
is_internal = False, title = None

    async def wrap_api_call(
        self, cb: Callable[[], Any], is_internal: bool = False, title: str = None
    ) -> Any:
        if self._api_zone.get():
            return await cb()
        task = asyncio.current_task(self._loop)
        st: List[inspect.FrameInfo] = getattr(
            task, "__pw_stack__", None
        ) or inspect.stack(0)
    
        parsed_st = _extract_stack_trace_information_from_stack(st, is_internal, title)
        self._api_zone.set(parsed_st)
        try:
            return await cb()
        except Exception as error:
>           raise rewrite_error(error, f"{parsed_st['apiName']}: {error}") from None
E           playwright._impl._errors.Error: Page.goto: net::ERR_CONNECTION_REFUSED at http://localhost:3099/patterns
E           Call log:
E             - navigating to "http://localhost:3099/patterns", waiting until "load"

/usr/local/lib/python3.12/dist-packages/playwright/_impl/_connection.py:558: Error
___________________ TestPatternsPage.test_patterns_has_types ___________________

self = <test_patterns.TestPatternsPage object at 0x78f3c22032f0>
page = <Page url='chrome-error://chromewebdata/'>

    def test_patterns_has_types(self, page: Page):
        """Patterns page should show failure/success/workflow categories."""
>       page.goto(_url("/patterns"))

tests/playwright/test_patterns.py:37: 
_ _ _ _ _ _ _ _ _ _ _ _ _ _ _ _ _ _ _ _ _ _ _ _ _ _ _ _ _ _ _ _ _ _ _ _ _ _ _ _ 
/usr/local/lib/python3.12/dist-packages/playwright/sync_api/_generated.py:9019: in goto
    self._sync(
/usr/local/lib/python3.12/dist-packages/playwright/_impl/_page.py:556: in goto
    return await self._main_frame.goto(**locals_to_params(locals()))
           ^^^^^^^^^^^^^^^^^^^^^^^^^^^^^^^^^^^^^^^^^^^^^^^^^^^^^^^^^
/usr/local/lib/python3.12/dist-packages/playwright/_impl/_frame.py:153: in goto
    await self._channel.send(
/usr/local/lib/python3.12/dist-packages/playwright/_impl/_connection.py:69: in send
    return await self._connection.wrap_api_call(
_ _ _ _ _ _ _ _ _ _ _ _ _ _ _ _ _ _ _ _ _ _ _ _ _ _ _ _ _ _ _ _ _ _ _ _ _ _ _ _ 

self = <playwright._impl._connection.Connection object at 0x78f3c2093800>
cb = <function Channel.send.<locals>.<lambda> at 0x78f3c0f01120>
is_internal = False, title = None

    async def wrap_api_call(
        self, cb: Callable[[], Any], is_internal: bool = False, title: str = None
    ) -> Any:
        if self._api_zone.get():
            return await cb()
        task = asyncio.current_task(self._loop)
        st: List[inspect.FrameInfo] = getattr(
            task, "__pw_stack__", None
        ) or inspect.stack(0)
    
        parsed_st = _extract_stack_trace_information_from_stack(st, is_internal, title)
        self._api_zone.set(parsed_st)
        try:
            return await cb()
        except Exception as error:
>           raise rewrite_error(error, f"{parsed_st['apiName']}: {error}") from None
E           playwright._impl._errors.Error: Page.goto: net::ERR_CONNECTION_REFUSED at http://localhost:3099/patterns
E           Call log:
E             - navigating to "http://localhost:3099/patterns", waiting until "load"

/usr/local/lib/python3.12/dist-packages/playwright/_impl/_connection.py:558: Error
________________ TestPatternsAPI.test_patterns_api_returns_json ________________

self = <test_patterns.TestPatternsAPI object at 0x78f3c22036e0>
page = <Page url='chrome-error://chromewebdata/'>

    def test_patterns_api_returns_json(self, page: Page):
        import json
>       page.goto(_url("/api/patterns"))

tests/playwright/test_patterns.py:48: 
_ _ _ _ _ _ _ _ _ _ _ _ _ _ _ _ _ _ _ _ _ _ _ _ _ _ _ _ _ _ _ _ _ _ _ _ _ _ _ _ 
/usr/local/lib/python3.12/dist-packages/playwright/sync_api/_generated.py:9019: in goto
    self._sync(
/usr/local/lib/python3.12/dist-packages/playwright/_impl/_page.py:556: in goto
    return await self._main_frame.goto(**locals_to_params(locals()))
           ^^^^^^^^^^^^^^^^^^^^^^^^^^^^^^^^^^^^^^^^^^^^^^^^^^^^^^^^^
/usr/local/lib/python3.12/dist-packages/playwright/_impl/_frame.py:153: in goto
    await self._channel.send(
/usr/local/lib/python3.12/dist-packages/playwright/_impl/_connection.py:69: in send
    return await self._connection.wrap_api_call(
_ _ _ _ _ _ _ _ _ _ _ _ _ _ _ _ _ _ _ _ _ _ _ _ _ _ _ _ _ _ _ _ _ _ _ _ _ _ _ _ 

self = <playwright._impl._connection.Connection object at 0x78f3c2093800>
cb = <function Channel.send.<locals>.<lambda> at 0x78f3c100e020>
is_internal = False, title = None

    async def wrap_api_call(
        self, cb: Callable[[], Any], is_internal: bool = False, title: str = None
    ) -> Any:
        if self._api_zone.get():
            return await cb()
        task = asyncio.current_task(self._loop)
        st: List[inspect.FrameInfo] = getattr(
            task, "__pw_stack__", None
        ) or inspect.stack(0)
    
        parsed_st = _extract_stack_trace_information_from_stack(st, is_internal, title)
        self._api_zone.set(parsed_st)
        try:
            return await cb()
        except Exception as error:
>           raise rewrite_error(error, f"{parsed_st['apiName']}: {error}") from None
E           playwright._impl._errors.Error: Page.goto: net::ERR_CONNECTION_REFUSED at http://localhost:3099/api/patterns
E           Call log:
E             - navigating to "http://localhost:3099/api/patterns", waiting until "load"

/usr/local/lib/python3.12/dist-packages/playwright/_impl/_connection.py:558: Error
______________ TestPatternsAPI.test_patterns_api_has_grouped_data ______________

self = <test_patterns.TestPatternsAPI object at 0x78f3c2203a70>
page = <Page url='chrome-error://chromewebdata/'>

    def test_patterns_api_has_grouped_data(self, page: Page):
        import json
>       page.goto(_url("/api/patterns"))

tests/playwright/test_patterns.py:57: 
_ _ _ _ _ _ _ _ _ _ _ _ _ _ _ _ _ _ _ _ _ _ _ _ _ _ _ _ _ _ _ _ _ _ _ _ _ _ _ _ 
/usr/local/lib/python3.12/dist-packages/playwright/sync_api/_generated.py:9019: in goto
    self._sync(
/usr/local/lib/python3.12/dist-packages/playwright/_impl/_page.py:556: in goto
    return await self._main_frame.goto(**locals_to_params(locals()))
           ^^^^^^^^^^^^^^^^^^^^^^^^^^^^^^^^^^^^^^^^^^^^^^^^^^^^^^^^^
/usr/local/lib/python3.12/dist-packages/playwright/_impl/_frame.py:153: in goto
    await self._channel.send(
/usr/local/lib/python3.12/dist-packages/playwright/_impl/_connection.py:69: in send
    return await self._connection.wrap_api_call(
_ _ _ _ _ _ _ _ _ _ _ _ _ _ _ _ _ _ _ _ _ _ _ _ _ _ _ _ _ _ _ _ _ _ _ _ _ _ _ _ 

self = <playwright._impl._connection.Connection object at 0x78f3c2093800>
cb = <function Channel.send.<locals>.<lambda> at 0x78f3c0dc2c00>
is_internal = False, title = None

    async def wrap_api_call(
        self, cb: Callable[[], Any], is_internal: bool = False, title: str = None
    ) -> Any:
        if self._api_zone.get():
            return await cb()
        task = asyncio.current_task(self._loop)
        st: List[inspect.FrameInfo] = getattr(
            task, "__pw_stack__", None
        ) or inspect.stack(0)
    
        parsed_st = _extract_stack_trace_information_from_stack(st, is_internal, title)
        self._api_zone.set(parsed_st)
        try:
            return await cb()
        except Exception as error:
>           raise rewrite_error(error, f"{parsed_st['apiName']}: {error}") from None
E           playwright._impl._errors.Error: Page.goto: net::ERR_CONNECTION_REFUSED at http://localhost:3099/api/patterns
E           Call log:
E             - navigating to "http://localhost:3099/api/patterns", waiting until "load"

/usr/local/lib/python3.12/dist-packages/playwright/_impl/_connection.py:558: Error
________________________ test_pending_page_loads_empty _________________________

page = <Page url='chrome-error://chromewebdata/'>

    def test_pending_page_loads_empty(page: Page):
        """Page renders with 'No pending entries' when registry is empty."""
>       resp = page.goto(_url("/pending"))
               ^^^^^^^^^^^^^^^^^^^^^^^^^^^

tests/playwright/test_pending_page.py:53: 
_ _ _ _ _ _ _ _ _ _ _ _ _ _ _ _ _ _ _ _ _ _ _ _ _ _ _ _ _ _ _ _ _ _ _ _ _ _ _ _ 
/usr/local/lib/python3.12/dist-packages/playwright/sync_api/_generated.py:9019: in goto
    self._sync(
/usr/local/lib/python3.12/dist-packages/playwright/_impl/_page.py:556: in goto
    return await self._main_frame.goto(**locals_to_params(locals()))
           ^^^^^^^^^^^^^^^^^^^^^^^^^^^^^^^^^^^^^^^^^^^^^^^^^^^^^^^^^
/usr/local/lib/python3.12/dist-packages/playwright/_impl/_frame.py:153: in goto
    await self._channel.send(
/usr/local/lib/python3.12/dist-packages/playwright/_impl/_connection.py:69: in send
    return await self._connection.wrap_api_call(
_ _ _ _ _ _ _ _ _ _ _ _ _ _ _ _ _ _ _ _ _ _ _ _ _ _ _ _ _ _ _ _ _ _ _ _ _ _ _ _ 

self = <playwright._impl._connection.Connection object at 0x78f3c2093800>
cb = <function Channel.send.<locals>.<lambda> at 0x78f3c0ec2c00>
is_internal = False, title = None

    async def wrap_api_call(
        self, cb: Callable[[], Any], is_internal: bool = False, title: str = None
    ) -> Any:
        if self._api_zone.get():
            return await cb()
        task = asyncio.current_task(self._loop)
        st: List[inspect.FrameInfo] = getattr(
            task, "__pw_stack__", None
        ) or inspect.stack(0)
    
        parsed_st = _extract_stack_trace_information_from_stack(st, is_internal, title)
        self._api_zone.set(parsed_st)
        try:
            return await cb()
        except Exception as error:
>           raise rewrite_error(error, f"{parsed_st['apiName']}: {error}") from None
E           playwright._impl._errors.Error: Page.goto: net::ERR_CONNECTION_REFUSED at http://localhost:3099/pending
E           Call log:
E             - navigating to "http://localhost:3099/pending", waiting until "load"

/usr/local/lib/python3.12/dist-packages/playwright/_impl/_connection.py:558: Error
___________________ test_pending_page_shows_registered_entry ___________________

page = <Page url='chrome-error://chromewebdata/'>

    def test_pending_page_shows_registered_entry(page: Page):
        """A registered entry appears in the pending table with its id + reason."""
        _write_entries([{
            "id": "U-001",
            "command": "echo test",
            "reason": "playwright fixture entry",
            "task": "T-1400",
            "host": "local",
            "agent": "pytest",
            "created": "2026-04-23T14:00:00Z",
            "status": "pending",
            "resolved_date": None,
            "resolution_note": None,
        }])
>       resp = page.goto(_url("/pending"))
               ^^^^^^^^^^^^^^^^^^^^^^^^^^^

tests/playwright/test_pending_page.py:74: 
_ _ _ _ _ _ _ _ _ _ _ _ _ _ _ _ _ _ _ _ _ _ _ _ _ _ _ _ _ _ _ _ _ _ _ _ _ _ _ _ 
/usr/local/lib/python3.12/dist-packages/playwright/sync_api/_generated.py:9019: in goto
    self._sync(
/usr/local/lib/python3.12/dist-packages/playwright/_impl/_page.py:556: in goto
    return await self._main_frame.goto(**locals_to_params(locals()))
           ^^^^^^^^^^^^^^^^^^^^^^^^^^^^^^^^^^^^^^^^^^^^^^^^^^^^^^^^^
/usr/local/lib/python3.12/dist-packages/playwright/_impl/_frame.py:153: in goto
    await self._channel.send(
/usr/local/lib/python3.12/dist-packages/playwright/_impl/_connection.py:69: in send
    return await self._connection.wrap_api_call(
_ _ _ _ _ _ _ _ _ _ _ _ _ _ _ _ _ _ _ _ _ _ _ _ _ _ _ _ _ _ _ _ _ _ _ _ _ _ _ _ 

self = <playwright._impl._connection.Connection object at 0x78f3c2093800>
cb = <function Channel.send.<locals>.<lambda> at 0x78f3c0f016c0>
is_internal = False, title = None

    async def wrap_api_call(
        self, cb: Callable[[], Any], is_internal: bool = False, title: str = None
    ) -> Any:
        if self._api_zone.get():
            return await cb()
        task = asyncio.current_task(self._loop)
        st: List[inspect.FrameInfo] = getattr(
            task, "__pw_stack__", None
        ) or inspect.stack(0)
    
        parsed_st = _extract_stack_trace_information_from_stack(st, is_internal, title)
        self._api_zone.set(parsed_st)
        try:
            return await cb()
        except Exception as error:
>           raise rewrite_error(error, f"{parsed_st['apiName']}: {error}") from None
E           playwright._impl._errors.Error: Page.goto: net::ERR_CONNECTION_REFUSED at http://localhost:3099/pending
E           Call log:
E             - navigating to "http://localhost:3099/pending", waiting until "load"

/usr/local/lib/python3.12/dist-packages/playwright/_impl/_connection.py:558: Error
________________________ test_resolve_api_flips_status _________________________

page = <Page url='about:blank'>

    def test_resolve_api_flips_status(page: Page):
        """POST to /api/v1/pending/<id>/resolve flips status to resolved in the YAML."""
        _write_entries([{
            "id": "U-002",
            "command": "echo resolve",
            "reason": "test resolve path",
            "task": "T-1400",
            "host": "local",
            "agent": "pytest",
            "created": "2026-04-23T14:00:00Z",
            "status": "pending",
            "resolved_date": None,
            "resolution_note": None,
        }])
>       resp = page.request.post(
            _url("/api/v1/pending/U-002/resolve"),
            data=json.dumps({"note": "handled by human"}),
            headers={"Content-Type": "application/json"},
        )

tests/playwright/test_pending_page.py:96: 
_ _ _ _ _ _ _ _ _ _ _ _ _ _ _ _ _ _ _ _ _ _ _ _ _ _ _ _ _ _ _ _ _ _ _ _ _ _ _ _ 
/usr/local/lib/python3.12/dist-packages/playwright/sync_api/_generated.py:18726: in post
    self._sync(
/usr/local/lib/python3.12/dist-packages/playwright/_impl/_fetch.py:280: in post
    return await self.fetch(
/usr/local/lib/python3.12/dist-packages/playwright/_impl/_fetch.py:319: in fetch
    return await self._inner_fetch(
/usr/local/lib/python3.12/dist-packages/playwright/_impl/_fetch.py:410: in _inner_fetch
    response = await self._channel.send(
/usr/local/lib/python3.12/dist-packages/playwright/_impl/_connection.py:69: in send
    return await self._connection.wrap_api_call(
_ _ _ _ _ _ _ _ _ _ _ _ _ _ _ _ _ _ _ _ _ _ _ _ _ _ _ _ _ _ _ _ _ _ _ _ _ _ _ _ 

self = <playwright._impl._connection.Connection object at 0x78f3c2093800>
cb = <function Channel.send.<locals>.<lambda> at 0x78f3c1490cc0>
is_internal = False, title = None

    async def wrap_api_call(
        self, cb: Callable[[], Any], is_internal: bool = False, title: str = None
    ) -> Any:
        if self._api_zone.get():
            return await cb()
        task = asyncio.current_task(self._loop)
        st: List[inspect.FrameInfo] = getattr(
            task, "__pw_stack__", None
        ) or inspect.stack(0)
    
        parsed_st = _extract_stack_trace_information_from_stack(st, is_internal, title)
        self._api_zone.set(parsed_st)
        try:
            return await cb()
        except Exception as error:
>           raise rewrite_error(error, f"{parsed_st['apiName']}: {error}") from None
E           playwright._impl._errors.Error: APIRequestContext.post: connect ECONNREFUSED 127.0.0.1:3099
E           Call log:
E             - → POST http://localhost:3099/api/v1/pending/U-002/resolve
E               - user-agent: Mozilla/5.0 (X11; Linux x86_64) AppleWebKit/537.36 (KHTML, like Gecko) HeadlessChrome/140.0.7339.16 Safari/537.36
E               - accept: */*
E               - accept-encoding: gzip,deflate,br
E               - Content-Type: application/json
E               - content-length: 28

/usr/local/lib/python3.12/dist-packages/playwright/_impl/_connection.py:558: Error
______________________ test_resolve_api_404_on_unknown_id ______________________

page = <Page url='about:blank'>

    def test_resolve_api_404_on_unknown_id(page: Page):
        """Resolving a nonexistent id returns 404."""
>       resp = page.request.post(_url("/api/v1/pending/U-999/resolve"))
               ^^^^^^^^^^^^^^^^^^^^^^^^^^^^^^^^^^^^^^^^^^^^^^^^^^^^^^^^

tests/playwright/test_pending_page.py:116: 
_ _ _ _ _ _ _ _ _ _ _ _ _ _ _ _ _ _ _ _ _ _ _ _ _ _ _ _ _ _ _ _ _ _ _ _ _ _ _ _ 
/usr/local/lib/python3.12/dist-packages/playwright/sync_api/_generated.py:18726: in post
    self._sync(
/usr/local/lib/python3.12/dist-packages/playwright/_impl/_fetch.py:280: in post
    return await self.fetch(
/usr/local/lib/python3.12/dist-packages/playwright/_impl/_fetch.py:319: in fetch
    return await self._inner_fetch(
/usr/local/lib/python3.12/dist-packages/playwright/_impl/_fetch.py:410: in _inner_fetch
    response = await self._channel.send(
/usr/local/lib/python3.12/dist-packages/playwright/_impl/_connection.py:69: in send
    return await self._connection.wrap_api_call(
_ _ _ _ _ _ _ _ _ _ _ _ _ _ _ _ _ _ _ _ _ _ _ _ _ _ _ _ _ _ _ _ _ _ _ _ _ _ _ _ 

self = <playwright._impl._connection.Connection object at 0x78f3c2093800>
cb = <function Channel.send.<locals>.<lambda> at 0x78f3c10591c0>
is_internal = False, title = None

    async def wrap_api_call(
        self, cb: Callable[[], Any], is_internal: bool = False, title: str = None
    ) -> Any:
        if self._api_zone.get():
            return await cb()
        task = asyncio.current_task(self._loop)
        st: List[inspect.FrameInfo] = getattr(
            task, "__pw_stack__", None
        ) or inspect.stack(0)
    
        parsed_st = _extract_stack_trace_information_from_stack(st, is_internal, title)
        self._api_zone.set(parsed_st)
        try:
            return await cb()
        except Exception as error:
>           raise rewrite_error(error, f"{parsed_st['apiName']}: {error}") from None
E           playwright._impl._errors.Error: APIRequestContext.post: connect ECONNREFUSED 127.0.0.1:3099
E           Call log:
E             - → POST http://localhost:3099/api/v1/pending/U-999/resolve
E               - user-agent: Mozilla/5.0 (X11; Linux x86_64) AppleWebKit/537.36 (KHTML, like Gecko) HeadlessChrome/140.0.7339.16 Safari/537.36
E               - accept: */*
E               - accept-encoding: gzip,deflate,br

/usr/local/lib/python3.12/dist-packages/playwright/_impl/_connection.py:558: Error
____________ TestPins.test_star_present_on_nav_page_absent_on_home _____________

self = <test_pins.TestPins object at 0x78f3c2201460>
page = <Page url='chrome-error://chromewebdata/'>

    def test_star_present_on_nav_page_absent_on_home(self, page: Page):
>       page.goto(f"{TEST_URL}/tasks", timeout=60000)

tests/playwright/test_pins.py:29: 
_ _ _ _ _ _ _ _ _ _ _ _ _ _ _ _ _ _ _ _ _ _ _ _ _ _ _ _ _ _ _ _ _ _ _ _ _ _ _ _ 
/usr/local/lib/python3.12/dist-packages/playwright/sync_api/_generated.py:9019: in goto
    self._sync(
/usr/local/lib/python3.12/dist-packages/playwright/_impl/_page.py:556: in goto
    return await self._main_frame.goto(**locals_to_params(locals()))
           ^^^^^^^^^^^^^^^^^^^^^^^^^^^^^^^^^^^^^^^^^^^^^^^^^^^^^^^^^
/usr/local/lib/python3.12/dist-packages/playwright/_impl/_frame.py:153: in goto
    await self._channel.send(
/usr/local/lib/python3.12/dist-packages/playwright/_impl/_connection.py:69: in send
    return await self._connection.wrap_api_call(
_ _ _ _ _ _ _ _ _ _ _ _ _ _ _ _ _ _ _ _ _ _ _ _ _ _ _ _ _ _ _ _ _ _ _ _ _ _ _ _ 

self = <playwright._impl._connection.Connection object at 0x78f3c2093800>
cb = <function Channel.send.<locals>.<lambda> at 0x78f3c0f500e0>
is_internal = False, title = None

    async def wrap_api_call(
        self, cb: Callable[[], Any], is_internal: bool = False, title: str = None
    ) -> Any:
        if self._api_zone.get():
            return await cb()
        task = asyncio.current_task(self._loop)
        st: List[inspect.FrameInfo] = getattr(
            task, "__pw_stack__", None
        ) or inspect.stack(0)
    
        parsed_st = _extract_stack_trace_information_from_stack(st, is_internal, title)
        self._api_zone.set(parsed_st)
        try:
            return await cb()
        except Exception as error:
>           raise rewrite_error(error, f"{parsed_st['apiName']}: {error}") from None
E           playwright._impl._errors.Error: Page.goto: net::ERR_CONNECTION_REFUSED at http://localhost:3099/tasks
E           Call log:
E             - navigating to "http://localhost:3099/tasks", waiting until "load"

/usr/local/lib/python3.12/dist-packages/playwright/_impl/_connection.py:558: Error
_________________ TestPins.test_pin_updates_nav_without_reload _________________

self = <test_pins.TestPins object at 0x78f3c2201e20>
page = <Page url='chrome-error://chromewebdata/'>

    def test_pin_updates_nav_without_reload(self, page: Page):
>       page.goto(f"{TEST_URL}/tasks", timeout=60000)

tests/playwright/test_pins.py:37: 
_ _ _ _ _ _ _ _ _ _ _ _ _ _ _ _ _ _ _ _ _ _ _ _ _ _ _ _ _ _ _ _ _ _ _ _ _ _ _ _ 
/usr/local/lib/python3.12/dist-packages/playwright/sync_api/_generated.py:9019: in goto
    self._sync(
/usr/local/lib/python3.12/dist-packages/playwright/_impl/_page.py:556: in goto
    return await self._main_frame.goto(**locals_to_params(locals()))
           ^^^^^^^^^^^^^^^^^^^^^^^^^^^^^^^^^^^^^^^^^^^^^^^^^^^^^^^^^
/usr/local/lib/python3.12/dist-packages/playwright/_impl/_frame.py:153: in goto
    await self._channel.send(
/usr/local/lib/python3.12/dist-packages/playwright/_impl/_connection.py:69: in send
    return await self._connection.wrap_api_call(
_ _ _ _ _ _ _ _ _ _ _ _ _ _ _ _ _ _ _ _ _ _ _ _ _ _ _ _ _ _ _ _ _ _ _ _ _ _ _ _ 

self = <playwright._impl._connection.Connection object at 0x78f3c2093800>
cb = <function Channel.send.<locals>.<lambda> at 0x78f3c0586fc0>
is_internal = False, title = None

    async def wrap_api_call(
        self, cb: Callable[[], Any], is_internal: bool = False, title: str = None
    ) -> Any:
        if self._api_zone.get():
            return await cb()
        task = asyncio.current_task(self._loop)
        st: List[inspect.FrameInfo] = getattr(
            task, "__pw_stack__", None
        ) or inspect.stack(0)
    
        parsed_st = _extract_stack_trace_information_from_stack(st, is_internal, title)
        self._api_zone.set(parsed_st)
        try:
            return await cb()
        except Exception as error:
>           raise rewrite_error(error, f"{parsed_st['apiName']}: {error}") from None
E           playwright._impl._errors.Error: Page.goto: net::ERR_CONNECTION_REFUSED at http://localhost:3099/tasks
E           Call log:
E             - navigating to "http://localhost:3099/tasks", waiting until "load"

/usr/local/lib/python3.12/dist-packages/playwright/_impl/_connection.py:558: Error
_______________ TestPins.test_pin_persists_across_nav_and_reload _______________

self = <test_pins.TestPins object at 0x78f3c23e31d0>
page = <Page url='chrome-error://chromewebdata/'>

    def test_pin_persists_across_nav_and_reload(self, page: Page):
>       page.goto(f"{TEST_URL}/tasks", timeout=60000)

tests/playwright/test_pins.py:53: 
_ _ _ _ _ _ _ _ _ _ _ _ _ _ _ _ _ _ _ _ _ _ _ _ _ _ _ _ _ _ _ _ _ _ _ _ _ _ _ _ 
/usr/local/lib/python3.12/dist-packages/playwright/sync_api/_generated.py:9019: in goto
    self._sync(
/usr/local/lib/python3.12/dist-packages/playwright/_impl/_page.py:556: in goto
    return await self._main_frame.goto(**locals_to_params(locals()))
           ^^^^^^^^^^^^^^^^^^^^^^^^^^^^^^^^^^^^^^^^^^^^^^^^^^^^^^^^^
/usr/local/lib/python3.12/dist-packages/playwright/_impl/_frame.py:153: in goto
    await self._channel.send(
/usr/local/lib/python3.12/dist-packages/playwright/_impl/_connection.py:69: in send
    return await self._connection.wrap_api_call(
_ _ _ _ _ _ _ _ _ _ _ _ _ _ _ _ _ _ _ _ _ _ _ _ _ _ _ _ _ _ _ _ _ _ _ _ _ _ _ _ 

self = <playwright._impl._connection.Connection object at 0x78f3c2093800>
cb = <function Channel.send.<locals>.<lambda> at 0x78f3c0584860>
is_internal = False, title = None

    async def wrap_api_call(
        self, cb: Callable[[], Any], is_internal: bool = False, title: str = None
    ) -> Any:
        if self._api_zone.get():
            return await cb()
        task = asyncio.current_task(self._loop)
        st: List[inspect.FrameInfo] = getattr(
            task, "__pw_stack__", None
        ) or inspect.stack(0)
    
        parsed_st = _extract_stack_trace_information_from_stack(st, is_internal, title)
        self._api_zone.set(parsed_st)
        try:
            return await cb()
        except Exception as error:
>           raise rewrite_error(error, f"{parsed_st['apiName']}: {error}") from None
E           playwright._impl._errors.Error: Page.goto: net::ERR_CONNECTION_REFUSED at http://localhost:3099/tasks
E           Call log:
E             - navigating to "http://localhost:3099/tasks", waiting until "load"

/usr/local/lib/python3.12/dist-packages/playwright/_impl/_connection.py:558: Error
____________________ TestPins.test_unpin_removes_from_strip ____________________

self = <test_pins.TestPins object at 0x78f3c23e3e60>
page = <Page url='chrome-error://chromewebdata/'>

    def test_unpin_removes_from_strip(self, page: Page):
>       page.goto(f"{TEST_URL}/tasks", timeout=60000)

tests/playwright/test_pins.py:71: 
_ _ _ _ _ _ _ _ _ _ _ _ _ _ _ _ _ _ _ _ _ _ _ _ _ _ _ _ _ _ _ _ _ _ _ _ _ _ _ _ 
/usr/local/lib/python3.12/dist-packages/playwright/sync_api/_generated.py:9019: in goto
    self._sync(
/usr/local/lib/python3.12/dist-packages/playwright/_impl/_page.py:556: in goto
    return await self._main_frame.goto(**locals_to_params(locals()))
           ^^^^^^^^^^^^^^^^^^^^^^^^^^^^^^^^^^^^^^^^^^^^^^^^^^^^^^^^^
/usr/local/lib/python3.12/dist-packages/playwright/_impl/_frame.py:153: in goto
    await self._channel.send(
/usr/local/lib/python3.12/dist-packages/playwright/_impl/_connection.py:69: in send
    return await self._connection.wrap_api_call(
_ _ _ _ _ _ _ _ _ _ _ _ _ _ _ _ _ _ _ _ _ _ _ _ _ _ _ _ _ _ _ _ _ _ _ _ _ _ _ _ 

self = <playwright._impl._connection.Connection object at 0x78f3c2093800>
cb = <function Channel.send.<locals>.<lambda> at 0x78f3c0587e20>
is_internal = False, title = None

    async def wrap_api_call(
        self, cb: Callable[[], Any], is_internal: bool = False, title: str = None
    ) -> Any:
        if self._api_zone.get():
            return await cb()
        task = asyncio.current_task(self._loop)
        st: List[inspect.FrameInfo] = getattr(
            task, "__pw_stack__", None
        ) or inspect.stack(0)
    
        parsed_st = _extract_stack_trace_information_from_stack(st, is_internal, title)
        self._api_zone.set(parsed_st)
        try:
            return await cb()
        except Exception as error:
>           raise rewrite_error(error, f"{parsed_st['apiName']}: {error}") from None
E           playwright._impl._errors.Error: Page.goto: net::ERR_CONNECTION_REFUSED at http://localhost:3099/tasks
E           Call log:
E             - navigating to "http://localhost:3099/tasks", waiting until "load"

/usr/local/lib/python3.12/dist-packages/playwright/_impl/_connection.py:558: Error
____________________ TestPins.test_capture_review_artefact _____________________

self = <test_pins.TestPins object at 0x78f3c239d7f0>
page = <Page url='chrome-error://chromewebdata/'>

    def test_capture_review_artefact(self, page: Page):
        """Screenshot a page with a pinned nav strip for the human [REVIEW]."""
>       page.goto(f"{TEST_URL}/tasks", timeout=60000)

tests/playwright/test_pins.py:83: 
_ _ _ _ _ _ _ _ _ _ _ _ _ _ _ _ _ _ _ _ _ _ _ _ _ _ _ _ _ _ _ _ _ _ _ _ _ _ _ _ 
/usr/local/lib/python3.12/dist-packages/playwright/sync_api/_generated.py:9019: in goto
    self._sync(
/usr/local/lib/python3.12/dist-packages/playwright/_impl/_page.py:556: in goto
    return await self._main_frame.goto(**locals_to_params(locals()))
           ^^^^^^^^^^^^^^^^^^^^^^^^^^^^^^^^^^^^^^^^^^^^^^^^^^^^^^^^^
/usr/local/lib/python3.12/dist-packages/playwright/_impl/_frame.py:153: in goto
    await self._channel.send(
/usr/local/lib/python3.12/dist-packages/playwright/_impl/_connection.py:69: in send
    return await self._connection.wrap_api_call(
_ _ _ _ _ _ _ _ _ _ _ _ _ _ _ _ _ _ _ _ _ _ _ _ _ _ _ _ _ _ _ _ _ _ _ _ _ _ _ _ 

self = <playwright._impl._connection.Connection object at 0x78f3c2093800>
cb = <function Channel.send.<locals>.<lambda> at 0x78f3c059f920>
is_internal = False, title = None

    async def wrap_api_call(
        self, cb: Callable[[], Any], is_internal: bool = False, title: str = None
    ) -> Any:
        if self._api_zone.get():
            return await cb()
        task = asyncio.current_task(self._loop)
        st: List[inspect.FrameInfo] = getattr(
            task, "__pw_stack__", None
        ) or inspect.stack(0)
    
        parsed_st = _extract_stack_trace_information_from_stack(st, is_internal, title)
        self._api_zone.set(parsed_st)
        try:
            return await cb()
        except Exception as error:
>           raise rewrite_error(error, f"{parsed_st['apiName']}: {error}") from None
E           playwright._impl._errors.Error: Page.goto: net::ERR_CONNECTION_REFUSED at http://localhost:3099/tasks
E           Call log:
E             - navigating to "http://localhost:3099/tasks", waiting until "load"

/usr/local/lib/python3.12/dist-packages/playwright/_impl/_connection.py:558: Error
___________________ TestProjectPage.test_project_page_loads ____________________

self = <test_project.TestProjectPage object at 0x78f3c22206b0>
page = <Page url='chrome-error://chromewebdata/'>

    def test_project_page_loads(self, page: Page):
>       resp = page.goto(_url("/project"))
               ^^^^^^^^^^^^^^^^^^^^^^^^^^^

tests/playwright/test_project.py:18: 
_ _ _ _ _ _ _ _ _ _ _ _ _ _ _ _ _ _ _ _ _ _ _ _ _ _ _ _ _ _ _ _ _ _ _ _ _ _ _ _ 
/usr/local/lib/python3.12/dist-packages/playwright/sync_api/_generated.py:9019: in goto
    self._sync(
/usr/local/lib/python3.12/dist-packages/playwright/_impl/_page.py:556: in goto
    return await self._main_frame.goto(**locals_to_params(locals()))
           ^^^^^^^^^^^^^^^^^^^^^^^^^^^^^^^^^^^^^^^^^^^^^^^^^^^^^^^^^
/usr/local/lib/python3.12/dist-packages/playwright/_impl/_frame.py:153: in goto
    await self._channel.send(
/usr/local/lib/python3.12/dist-packages/playwright/_impl/_connection.py:69: in send
    return await self._connection.wrap_api_call(
_ _ _ _ _ _ _ _ _ _ _ _ _ _ _ _ _ _ _ _ _ _ _ _ _ _ _ _ _ _ _ _ _ _ _ _ _ _ _ _ 

self = <playwright._impl._connection.Connection object at 0x78f3c2093800>
cb = <function Channel.send.<locals>.<lambda> at 0x78f3c0586f20>
is_internal = False, title = None

    async def wrap_api_call(
        self, cb: Callable[[], Any], is_internal: bool = False, title: str = None
    ) -> Any:
        if self._api_zone.get():
            return await cb()
        task = asyncio.current_task(self._loop)
        st: List[inspect.FrameInfo] = getattr(
            task, "__pw_stack__", None
        ) or inspect.stack(0)
    
        parsed_st = _extract_stack_trace_information_from_stack(st, is_internal, title)
        self._api_zone.set(parsed_st)
        try:
            return await cb()
        except Exception as error:
>           raise rewrite_error(error, f"{parsed_st['apiName']}: {error}") from None
E           playwright._impl._errors.Error: Page.goto: net::ERR_CONNECTION_REFUSED at http://localhost:3099/project
E           Call log:
E             - navigating to "http://localhost:3099/project", waiting until "load"

/usr/local/lib/python3.12/dist-packages/playwright/_impl/_connection.py:558: Error
___________________ TestProjectPage.test_project_has_heading ___________________

self = <test_project.TestProjectPage object at 0x78f3c22210a0>
page = <Page url='chrome-error://chromewebdata/'>

    def test_project_has_heading(self, page: Page):
>       page.goto(_url("/project"))

tests/playwright/test_project.py:22: 
_ _ _ _ _ _ _ _ _ _ _ _ _ _ _ _ _ _ _ _ _ _ _ _ _ _ _ _ _ _ _ _ _ _ _ _ _ _ _ _ 
/usr/local/lib/python3.12/dist-packages/playwright/sync_api/_generated.py:9019: in goto
    self._sync(
/usr/local/lib/python3.12/dist-packages/playwright/_impl/_page.py:556: in goto
    return await self._main_frame.goto(**locals_to_params(locals()))
           ^^^^^^^^^^^^^^^^^^^^^^^^^^^^^^^^^^^^^^^^^^^^^^^^^^^^^^^^^
/usr/local/lib/python3.12/dist-packages/playwright/_impl/_frame.py:153: in goto
    await self._channel.send(
/usr/local/lib/python3.12/dist-packages/playwright/_impl/_connection.py:69: in send
    return await self._connection.wrap_api_call(
_ _ _ _ _ _ _ _ _ _ _ _ _ _ _ _ _ _ _ _ _ _ _ _ _ _ _ _ _ _ _ _ _ _ _ _ _ _ _ _ 

self = <playwright._impl._connection.Connection object at 0x78f3c2093800>
cb = <function Channel.send.<locals>.<lambda> at 0x78f3c100e0c0>
is_internal = False, title = None

    async def wrap_api_call(
        self, cb: Callable[[], Any], is_internal: bool = False, title: str = None
    ) -> Any:
        if self._api_zone.get():
            return await cb()
        task = asyncio.current_task(self._loop)
        st: List[inspect.FrameInfo] = getattr(
            task, "__pw_stack__", None
        ) or inspect.stack(0)
    
        parsed_st = _extract_stack_trace_information_from_stack(st, is_internal, title)
        self._api_zone.set(parsed_st)
        try:
            return await cb()
        except Exception as error:
>           raise rewrite_error(error, f"{parsed_st['apiName']}: {error}") from None
E           playwright._impl._errors.Error: Page.goto: net::ERR_CONNECTION_REFUSED at http://localhost:3099/project
E           Call log:
E             - navigating to "http://localhost:3099/project", waiting until "load"

/usr/local/lib/python3.12/dist-packages/playwright/_impl/_connection.py:558: Error
_________________ TestProjectPage.test_project_has_categories __________________

self = <test_project.TestProjectPage object at 0x78f3c2221430>
page = <Page url='chrome-error://chromewebdata/'>

    def test_project_has_categories(self, page: Page):
        """Project page should show document categories."""
>       page.goto(_url("/project"))

tests/playwright/test_project.py:30: 
_ _ _ _ _ _ _ _ _ _ _ _ _ _ _ _ _ _ _ _ _ _ _ _ _ _ _ _ _ _ _ _ _ _ _ _ _ _ _ _ 
/usr/local/lib/python3.12/dist-packages/playwright/sync_api/_generated.py:9019: in goto
    self._sync(
/usr/local/lib/python3.12/dist-packages/playwright/_impl/_page.py:556: in goto
    return await self._main_frame.goto(**locals_to_params(locals()))
           ^^^^^^^^^^^^^^^^^^^^^^^^^^^^^^^^^^^^^^^^^^^^^^^^^^^^^^^^^
/usr/local/lib/python3.12/dist-packages/playwright/_impl/_frame.py:153: in goto
    await self._channel.send(
/usr/local/lib/python3.12/dist-packages/playwright/_impl/_connection.py:69: in send
    return await self._connection.wrap_api_call(
_ _ _ _ _ _ _ _ _ _ _ _ _ _ _ _ _ _ _ _ _ _ _ _ _ _ _ _ _ _ _ _ _ _ _ _ _ _ _ _ 

self = <playwright._impl._connection.Connection object at 0x78f3c2093800>
cb = <function Channel.send.<locals>.<lambda> at 0x78f3c0586f20>
is_internal = False, title = None

    async def wrap_api_call(
        self, cb: Callable[[], Any], is_internal: bool = False, title: str = None
    ) -> Any:
        if self._api_zone.get():
            return await cb()
        task = asyncio.current_task(self._loop)
        st: List[inspect.FrameInfo] = getattr(
            task, "__pw_stack__", None
        ) or inspect.stack(0)
    
        parsed_st = _extract_stack_trace_information_from_stack(st, is_internal, title)
        self._api_zone.set(parsed_st)
        try:
            return await cb()
        except Exception as error:
>           raise rewrite_error(error, f"{parsed_st['apiName']}: {error}") from None
E           playwright._impl._errors.Error: Page.goto: net::ERR_CONNECTION_REFUSED at http://localhost:3099/project
E           Call log:
E             - navigating to "http://localhost:3099/project", waiting until "load"

/usr/local/lib/python3.12/dist-packages/playwright/_impl/_connection.py:558: Error
_______________ TestProjectPage.test_project_has_document_links ________________

self = <test_project.TestProjectPage object at 0x78f3c22217c0>
page = <Page url='chrome-error://chromewebdata/'>

    def test_project_has_document_links(self, page: Page):
        """Project page should have clickable document links."""
>       page.goto(_url("/project"))

tests/playwright/test_project.py:37: 
_ _ _ _ _ _ _ _ _ _ _ _ _ _ _ _ _ _ _ _ _ _ _ _ _ _ _ _ _ _ _ _ _ _ _ _ _ _ _ _ 
/usr/local/lib/python3.12/dist-packages/playwright/sync_api/_generated.py:9019: in goto
    self._sync(
/usr/local/lib/python3.12/dist-packages/playwright/_impl/_page.py:556: in goto
    return await self._main_frame.goto(**locals_to_params(locals()))
           ^^^^^^^^^^^^^^^^^^^^^^^^^^^^^^^^^^^^^^^^^^^^^^^^^^^^^^^^^
/usr/local/lib/python3.12/dist-packages/playwright/_impl/_frame.py:153: in goto
    await self._channel.send(
/usr/local/lib/python3.12/dist-packages/playwright/_impl/_connection.py:69: in send
    return await self._connection.wrap_api_call(
_ _ _ _ _ _ _ _ _ _ _ _ _ _ _ _ _ _ _ _ _ _ _ _ _ _ _ _ _ _ _ _ _ _ _ _ _ _ _ _ 

self = <playwright._impl._connection.Connection object at 0x78f3c2093800>
cb = <function Channel.send.<locals>.<lambda> at 0x78f3c0587e20>
is_internal = False, title = None

    async def wrap_api_call(
        self, cb: Callable[[], Any], is_internal: bool = False, title: str = None
    ) -> Any:
        if self._api_zone.get():
            return await cb()
        task = asyncio.current_task(self._loop)
        st: List[inspect.FrameInfo] = getattr(
            task, "__pw_stack__", None
        ) or inspect.stack(0)
    
        parsed_st = _extract_stack_trace_information_from_stack(st, is_internal, title)
        self._api_zone.set(parsed_st)
        try:
            return await cb()
        except Exception as error:
>           raise rewrite_error(error, f"{parsed_st['apiName']}: {error}") from None
E           playwright._impl._errors.Error: Page.goto: net::ERR_CONNECTION_REFUSED at http://localhost:3099/project
E           Call log:
E             - navigating to "http://localhost:3099/project", waiting until "load"

/usr/local/lib/python3.12/dist-packages/playwright/_impl/_connection.py:558: Error
________________ TestProjectPage.test_project_doc_detail_loads _________________

self = <test_project.TestProjectPage object at 0x78f3c2221b50>
page = <Page url='chrome-error://chromewebdata/'>

    def test_project_doc_detail_loads(self, page: Page):
        """A specific project document should load."""
>       resp = page.goto(_url("/project/FRAMEWORK"))
               ^^^^^^^^^^^^^^^^^^^^^^^^^^^^^^^^^^^^^

tests/playwright/test_project.py:44: 
_ _ _ _ _ _ _ _ _ _ _ _ _ _ _ _ _ _ _ _ _ _ _ _ _ _ _ _ _ _ _ _ _ _ _ _ _ _ _ _ 
/usr/local/lib/python3.12/dist-packages/playwright/sync_api/_generated.py:9019: in goto
    self._sync(
/usr/local/lib/python3.12/dist-packages/playwright/_impl/_page.py:556: in goto
    return await self._main_frame.goto(**locals_to_params(locals()))
           ^^^^^^^^^^^^^^^^^^^^^^^^^^^^^^^^^^^^^^^^^^^^^^^^^^^^^^^^^
/usr/local/lib/python3.12/dist-packages/playwright/_impl/_frame.py:153: in goto
    await self._channel.send(
/usr/local/lib/python3.12/dist-packages/playwright/_impl/_connection.py:69: in send
    return await self._connection.wrap_api_call(
_ _ _ _ _ _ _ _ _ _ _ _ _ _ _ _ _ _ _ _ _ _ _ _ _ _ _ _ _ _ _ _ _ _ _ _ _ _ _ _ 

self = <playwright._impl._connection.Connection object at 0x78f3c2093800>
cb = <function Channel.send.<locals>.<lambda> at 0x78f3c1082f20>
is_internal = False, title = None

    async def wrap_api_call(
        self, cb: Callable[[], Any], is_internal: bool = False, title: str = None
    ) -> Any:
        if self._api_zone.get():
            return await cb()
        task = asyncio.current_task(self._loop)
        st: List[inspect.FrameInfo] = getattr(
            task, "__pw_stack__", None
        ) or inspect.stack(0)
    
        parsed_st = _extract_stack_trace_information_from_stack(st, is_internal, title)
        self._api_zone.set(parsed_st)
        try:
            return await cb()
        except Exception as error:
>           raise rewrite_error(error, f"{parsed_st['apiName']}: {error}") from None
E           playwright._impl._errors.Error: Page.goto: net::ERR_CONNECTION_REFUSED at http://localhost:3099/project/FRAMEWORK
E           Call log:
E             - navigating to "http://localhost:3099/project/FRAMEWORK", waiting until "load"

/usr/local/lib/python3.12/dist-packages/playwright/_impl/_connection.py:558: Error
___________________ TestQualityPage.test_quality_page_loads ____________________

self = <test_quality.TestQualityPage object at 0x78f3c2222660>
page = <Page url='chrome-error://chromewebdata/'>

    def test_quality_page_loads(self, page: Page):
>       resp = page.goto(_url("/quality"))
               ^^^^^^^^^^^^^^^^^^^^^^^^^^^

tests/playwright/test_quality.py:18: 
_ _ _ _ _ _ _ _ _ _ _ _ _ _ _ _ _ _ _ _ _ _ _ _ _ _ _ _ _ _ _ _ _ _ _ _ _ _ _ _ 
/usr/local/lib/python3.12/dist-packages/playwright/sync_api/_generated.py:9019: in goto
    self._sync(
/usr/local/lib/python3.12/dist-packages/playwright/_impl/_page.py:556: in goto
    return await self._main_frame.goto(**locals_to_params(locals()))
           ^^^^^^^^^^^^^^^^^^^^^^^^^^^^^^^^^^^^^^^^^^^^^^^^^^^^^^^^^
/usr/local/lib/python3.12/dist-packages/playwright/_impl/_frame.py:153: in goto
    await self._channel.send(
/usr/local/lib/python3.12/dist-packages/playwright/_impl/_connection.py:69: in send
    return await self._connection.wrap_api_call(
_ _ _ _ _ _ _ _ _ _ _ _ _ _ _ _ _ _ _ _ _ _ _ _ _ _ _ _ _ _ _ _ _ _ _ _ _ _ _ _ 

self = <playwright._impl._connection.Connection object at 0x78f3c2093800>
cb = <function Channel.send.<locals>.<lambda> at 0x78f3c059efc0>
is_internal = False, title = None

    async def wrap_api_call(
        self, cb: Callable[[], Any], is_internal: bool = False, title: str = None
    ) -> Any:
        if self._api_zone.get():
            return await cb()
        task = asyncio.current_task(self._loop)
        st: List[inspect.FrameInfo] = getattr(
            task, "__pw_stack__", None
        ) or inspect.stack(0)
    
        parsed_st = _extract_stack_trace_information_from_stack(st, is_internal, title)
        self._api_zone.set(parsed_st)
        try:
            return await cb()
        except Exception as error:
>           raise rewrite_error(error, f"{parsed_st['apiName']}: {error}") from None
E           playwright._impl._errors.Error: Page.goto: net::ERR_CONNECTION_REFUSED at http://localhost:3099/quality
E           Call log:
E             - navigating to "http://localhost:3099/quality", waiting until "load"

/usr/local/lib/python3.12/dist-packages/playwright/_impl/_connection.py:558: Error
___________________ TestQualityPage.test_quality_has_heading ___________________

self = <test_quality.TestQualityPage object at 0x78f3c23e02c0>
page = <Page url='chrome-error://chromewebdata/'>

    def test_quality_has_heading(self, page: Page):
>       page.goto(_url("/quality"))

tests/playwright/test_quality.py:22: 
_ _ _ _ _ _ _ _ _ _ _ _ _ _ _ _ _ _ _ _ _ _ _ _ _ _ _ _ _ _ _ _ _ _ _ _ _ _ _ _ 
/usr/local/lib/python3.12/dist-packages/playwright/sync_api/_generated.py:9019: in goto
    self._sync(
/usr/local/lib/python3.12/dist-packages/playwright/_impl/_page.py:556: in goto
    return await self._main_frame.goto(**locals_to_params(locals()))
           ^^^^^^^^^^^^^^^^^^^^^^^^^^^^^^^^^^^^^^^^^^^^^^^^^^^^^^^^^
/usr/local/lib/python3.12/dist-packages/playwright/_impl/_frame.py:153: in goto
    await self._channel.send(
/usr/local/lib/python3.12/dist-packages/playwright/_impl/_connection.py:69: in send
    return await self._connection.wrap_api_call(
_ _ _ _ _ _ _ _ _ _ _ _ _ _ _ _ _ _ _ _ _ _ _ _ _ _ _ _ _ _ _ _ _ _ _ _ _ _ _ _ 

self = <playwright._impl._connection.Connection object at 0x78f3c2093800>
cb = <function Channel.send.<locals>.<lambda> at 0x78f3c0587b00>
is_internal = False, title = None

    async def wrap_api_call(
        self, cb: Callable[[], Any], is_internal: bool = False, title: str = None
    ) -> Any:
        if self._api_zone.get():
            return await cb()
        task = asyncio.current_task(self._loop)
        st: List[inspect.FrameInfo] = getattr(
            task, "__pw_stack__", None
        ) or inspect.stack(0)
    
        parsed_st = _extract_stack_trace_information_from_stack(st, is_internal, title)
        self._api_zone.set(parsed_st)
        try:
            return await cb()
        except Exception as error:
>           raise rewrite_error(error, f"{parsed_st['apiName']}: {error}") from None
E           playwright._impl._errors.Error: Page.goto: net::ERR_CONNECTION_REFUSED at http://localhost:3099/quality
E           Call log:
E             - navigating to "http://localhost:3099/quality", waiting until "load"

/usr/local/lib/python3.12/dist-packages/playwright/_impl/_connection.py:558: Error
_________________ TestQualityPage.test_quality_has_audit_info __________________

self = <test_quality.TestQualityPage object at 0x78f3c2201d00>
page = <Page url='chrome-error://chromewebdata/'>

    def test_quality_has_audit_info(self, page: Page):
        """Quality page should show audit status."""
>       page.goto(_url("/quality"))

tests/playwright/test_quality.py:30: 
_ _ _ _ _ _ _ _ _ _ _ _ _ _ _ _ _ _ _ _ _ _ _ _ _ _ _ _ _ _ _ _ _ _ _ _ _ _ _ _ 
/usr/local/lib/python3.12/dist-packages/playwright/sync_api/_generated.py:9019: in goto
    self._sync(
/usr/local/lib/python3.12/dist-packages/playwright/_impl/_page.py:556: in goto
    return await self._main_frame.goto(**locals_to_params(locals()))
           ^^^^^^^^^^^^^^^^^^^^^^^^^^^^^^^^^^^^^^^^^^^^^^^^^^^^^^^^^
/usr/local/lib/python3.12/dist-packages/playwright/_impl/_frame.py:153: in goto
    await self._channel.send(
/usr/local/lib/python3.12/dist-packages/playwright/_impl/_connection.py:69: in send
    return await self._connection.wrap_api_call(
_ _ _ _ _ _ _ _ _ _ _ _ _ _ _ _ _ _ _ _ _ _ _ _ _ _ _ _ _ _ _ _ _ _ _ _ _ _ _ _ 

self = <playwright._impl._connection.Connection object at 0x78f3c2093800>
cb = <function Channel.send.<locals>.<lambda> at 0x78f3c12fd8a0>
is_internal = False, title = None

    async def wrap_api_call(
        self, cb: Callable[[], Any], is_internal: bool = False, title: str = None
    ) -> Any:
        if self._api_zone.get():
            return await cb()
        task = asyncio.current_task(self._loop)
        st: List[inspect.FrameInfo] = getattr(
            task, "__pw_stack__", None
        ) or inspect.stack(0)
    
        parsed_st = _extract_stack_trace_information_from_stack(st, is_internal, title)
        self._api_zone.set(parsed_st)
        try:
            return await cb()
        except Exception as error:
>           raise rewrite_error(error, f"{parsed_st['apiName']}: {error}") from None
E           playwright._impl._errors.Error: Page.goto: net::ERR_CONNECTION_REFUSED at http://localhost:3099/quality
E           Call log:
E             - navigating to "http://localhost:3099/quality", waiting until "load"

/usr/local/lib/python3.12/dist-packages/playwright/_impl/_connection.py:558: Error
________________ TestQualityPage.test_quality_has_traceability _________________

self = <test_quality.TestQualityPage object at 0x78f3c2202de0>
page = <Page url='chrome-error://chromewebdata/'>

    def test_quality_has_traceability(self, page: Page):
        """Quality page should show traceability metrics."""
>       page.goto(_url("/quality"))

tests/playwright/test_quality.py:37: 
_ _ _ _ _ _ _ _ _ _ _ _ _ _ _ _ _ _ _ _ _ _ _ _ _ _ _ _ _ _ _ _ _ _ _ _ _ _ _ _ 
/usr/local/lib/python3.12/dist-packages/playwright/sync_api/_generated.py:9019: in goto
    self._sync(
/usr/local/lib/python3.12/dist-packages/playwright/_impl/_page.py:556: in goto
    return await self._main_frame.goto(**locals_to_params(locals()))
           ^^^^^^^^^^^^^^^^^^^^^^^^^^^^^^^^^^^^^^^^^^^^^^^^^^^^^^^^^
/usr/local/lib/python3.12/dist-packages/playwright/_impl/_frame.py:153: in goto
    await self._channel.send(
/usr/local/lib/python3.12/dist-packages/playwright/_impl/_connection.py:69: in send
    return await self._connection.wrap_api_call(
_ _ _ _ _ _ _ _ _ _ _ _ _ _ _ _ _ _ _ _ _ _ _ _ _ _ _ _ _ _ _ _ _ _ _ _ _ _ _ _ 

self = <playwright._impl._connection.Connection object at 0x78f3c2093800>
cb = <function Channel.send.<locals>.<lambda> at 0x78f3c12fd080>
is_internal = False, title = None

    async def wrap_api_call(
        self, cb: Callable[[], Any], is_internal: bool = False, title: str = None
    ) -> Any:
        if self._api_zone.get():
            return await cb()
        task = asyncio.current_task(self._loop)
        st: List[inspect.FrameInfo] = getattr(
            task, "__pw_stack__", None
        ) or inspect.stack(0)
    
        parsed_st = _extract_stack_trace_information_from_stack(st, is_internal, title)
        self._api_zone.set(parsed_st)
        try:
            return await cb()
        except Exception as error:
>           raise rewrite_error(error, f"{parsed_st['apiName']}: {error}") from None
E           playwright._impl._errors.Error: Page.goto: net::ERR_CONNECTION_REFUSED at http://localhost:3099/quality
E           Call log:
E             - navigating to "http://localhost:3099/quality", waiting until "load"

/usr/local/lib/python3.12/dist-packages/playwright/_impl/_connection.py:558: Error
______________ TestQualityPage.test_quality_has_status_indicator _______________

self = <test_quality.TestQualityPage object at 0x78f3c2e698e0>
page = <Page url='chrome-error://chromewebdata/'>

    def test_quality_has_status_indicator(self, page: Page):
        """Quality page should show pass/warn/fail status."""
>       page.goto(_url("/quality"))

tests/playwright/test_quality.py:44: 
_ _ _ _ _ _ _ _ _ _ _ _ _ _ _ _ _ _ _ _ _ _ _ _ _ _ _ _ _ _ _ _ _ _ _ _ _ _ _ _ 
/usr/local/lib/python3.12/dist-packages/playwright/sync_api/_generated.py:9019: in goto
    self._sync(
/usr/local/lib/python3.12/dist-packages/playwright/_impl/_page.py:556: in goto
    return await self._main_frame.goto(**locals_to_params(locals()))
           ^^^^^^^^^^^^^^^^^^^^^^^^^^^^^^^^^^^^^^^^^^^^^^^^^^^^^^^^^
/usr/local/lib/python3.12/dist-packages/playwright/_impl/_frame.py:153: in goto
    await self._channel.send(
/usr/local/lib/python3.12/dist-packages/playwright/_impl/_connection.py:69: in send
    return await self._connection.wrap_api_call(
_ _ _ _ _ _ _ _ _ _ _ _ _ _ _ _ _ _ _ _ _ _ _ _ _ _ _ _ _ _ _ _ _ _ _ _ _ _ _ _ 

self = <playwright._impl._connection.Connection object at 0x78f3c2093800>
cb = <function Channel.send.<locals>.<lambda> at 0x78f3c0f75580>
is_internal = False, title = None

    async def wrap_api_call(
        self, cb: Callable[[], Any], is_internal: bool = False, title: str = None
    ) -> Any:
        if self._api_zone.get():
            return await cb()
        task = asyncio.current_task(self._loop)
        st: List[inspect.FrameInfo] = getattr(
            task, "__pw_stack__", None
        ) or inspect.stack(0)
    
        parsed_st = _extract_stack_trace_information_from_stack(st, is_internal, title)
        self._api_zone.set(parsed_st)
        try:
            return await cb()
        except Exception as error:
>           raise rewrite_error(error, f"{parsed_st['apiName']}: {error}") from None
E           playwright._impl._errors.Error: Page.goto: net::ERR_CONNECTION_REFUSED at http://localhost:3099/quality
E           Call log:
E             - navigating to "http://localhost:3099/quality", waiting until "load"

/usr/local/lib/python3.12/dist-packages/playwright/_impl/_connection.py:558: Error
___________________ TestTestSummaryAPI.test_api_returns_json ___________________

self = <test_quality.TestTestSummaryAPI object at 0x78f3c2e6a6f0>
page = <Page url='chrome-error://chromewebdata/'>

    def test_api_returns_json(self, page: Page):
        import json
>       page.goto(_url("/api/test-summary"))

tests/playwright/test_quality.py:55: 
_ _ _ _ _ _ _ _ _ _ _ _ _ _ _ _ _ _ _ _ _ _ _ _ _ _ _ _ _ _ _ _ _ _ _ _ _ _ _ _ 
/usr/local/lib/python3.12/dist-packages/playwright/sync_api/_generated.py:9019: in goto
    self._sync(
/usr/local/lib/python3.12/dist-packages/playwright/_impl/_page.py:556: in goto
    return await self._main_frame.goto(**locals_to_params(locals()))
           ^^^^^^^^^^^^^^^^^^^^^^^^^^^^^^^^^^^^^^^^^^^^^^^^^^^^^^^^^
/usr/local/lib/python3.12/dist-packages/playwright/_impl/_frame.py:153: in goto
    await self._channel.send(
/usr/local/lib/python3.12/dist-packages/playwright/_impl/_connection.py:69: in send
    return await self._connection.wrap_api_call(
_ _ _ _ _ _ _ _ _ _ _ _ _ _ _ _ _ _ _ _ _ _ _ _ _ _ _ _ _ _ _ _ _ _ _ _ _ _ _ _ 

self = <playwright._impl._connection.Connection object at 0x78f3c2093800>
cb = <function Channel.send.<locals>.<lambda> at 0x78f3c059fec0>
is_internal = False, title = None

    async def wrap_api_call(
        self, cb: Callable[[], Any], is_internal: bool = False, title: str = None
    ) -> Any:
        if self._api_zone.get():
            return await cb()
        task = asyncio.current_task(self._loop)
        st: List[inspect.FrameInfo] = getattr(
            task, "__pw_stack__", None
        ) or inspect.stack(0)
    
        parsed_st = _extract_stack_trace_information_from_stack(st, is_internal, title)
        self._api_zone.set(parsed_st)
        try:
            return await cb()
        except Exception as error:
>           raise rewrite_error(error, f"{parsed_st['apiName']}: {error}") from None
E           playwright._impl._errors.Error: Page.goto: net::ERR_CONNECTION_REFUSED at http://localhost:3099/api/test-summary
E           Call log:
E             - navigating to "http://localhost:3099/api/test-summary", waiting until "load"

/usr/local/lib/python3.12/dist-packages/playwright/_impl/_connection.py:558: Error
_______________ TestTestSummaryAPI.test_api_has_playwright_suite _______________

self = <test_quality.TestTestSummaryAPI object at 0x78f3c2e6a1e0>
page = <Page url='chrome-error://chromewebdata/'>

    def test_api_has_playwright_suite(self, page: Page):
        import json
>       page.goto(_url("/api/test-summary"))

tests/playwright/test_quality.py:64: 
_ _ _ _ _ _ _ _ _ _ _ _ _ _ _ _ _ _ _ _ _ _ _ _ _ _ _ _ _ _ _ _ _ _ _ _ _ _ _ _ 
/usr/local/lib/python3.12/dist-packages/playwright/sync_api/_generated.py:9019: in goto
    self._sync(
/usr/local/lib/python3.12/dist-packages/playwright/_impl/_page.py:556: in goto
    return await self._main_frame.goto(**locals_to_params(locals()))
           ^^^^^^^^^^^^^^^^^^^^^^^^^^^^^^^^^^^^^^^^^^^^^^^^^^^^^^^^^
/usr/local/lib/python3.12/dist-packages/playwright/_impl/_frame.py:153: in goto
    await self._channel.send(
/usr/local/lib/python3.12/dist-packages/playwright/_impl/_connection.py:69: in send
    return await self._connection.wrap_api_call(
_ _ _ _ _ _ _ _ _ _ _ _ _ _ _ _ _ _ _ _ _ _ _ _ _ _ _ _ _ _ _ _ _ _ _ _ _ _ _ _ 

self = <playwright._impl._connection.Connection object at 0x78f3c2093800>
cb = <function Channel.send.<locals>.<lambda> at 0x78f3c140d120>
is_internal = False, title = None

    async def wrap_api_call(
        self, cb: Callable[[], Any], is_internal: bool = False, title: str = None
    ) -> Any:
        if self._api_zone.get():
            return await cb()
        task = asyncio.current_task(self._loop)
        st: List[inspect.FrameInfo] = getattr(
            task, "__pw_stack__", None
        ) or inspect.stack(0)
    
        parsed_st = _extract_stack_trace_information_from_stack(st, is_internal, title)
        self._api_zone.set(parsed_st)
        try:
            return await cb()
        except Exception as error:
>           raise rewrite_error(error, f"{parsed_st['apiName']}: {error}") from None
E           playwright._impl._errors.Error: Page.goto: net::ERR_CONNECTION_REFUSED at http://localhost:3099/api/test-summary
E           Call log:
E             - navigating to "http://localhost:3099/api/test-summary", waiting until "load"

/usr/local/lib/python3.12/dist-packages/playwright/_impl/_connection.py:558: Error
__________________ TestConcernsAPI.test_concerns_returns_json __________________

self = <test_quality.TestConcernsAPI object at 0x78f3c2e69f10>
page = <Page url='chrome-error://chromewebdata/'>

    def test_concerns_returns_json(self, page: Page):
        import json
>       page.goto(_url("/api/concerns"))

tests/playwright/test_quality.py:76: 
_ _ _ _ _ _ _ _ _ _ _ _ _ _ _ _ _ _ _ _ _ _ _ _ _ _ _ _ _ _ _ _ _ _ _ _ _ _ _ _ 
/usr/local/lib/python3.12/dist-packages/playwright/sync_api/_generated.py:9019: in goto
    self._sync(
/usr/local/lib/python3.12/dist-packages/playwright/_impl/_page.py:556: in goto
    return await self._main_frame.goto(**locals_to_params(locals()))
           ^^^^^^^^^^^^^^^^^^^^^^^^^^^^^^^^^^^^^^^^^^^^^^^^^^^^^^^^^
/usr/local/lib/python3.12/dist-packages/playwright/_impl/_frame.py:153: in goto
    await self._channel.send(
/usr/local/lib/python3.12/dist-packages/playwright/_impl/_connection.py:69: in send
    return await self._connection.wrap_api_call(
_ _ _ _ _ _ _ _ _ _ _ _ _ _ _ _ _ _ _ _ _ _ _ _ _ _ _ _ _ _ _ _ _ _ _ _ _ _ _ _ 

self = <playwright._impl._connection.Connection object at 0x78f3c2093800>
cb = <function Channel.send.<locals>.<lambda> at 0x78f3c0f01120>
is_internal = False, title = None

    async def wrap_api_call(
        self, cb: Callable[[], Any], is_internal: bool = False, title: str = None
    ) -> Any:
        if self._api_zone.get():
            return await cb()
        task = asyncio.current_task(self._loop)
        st: List[inspect.FrameInfo] = getattr(
            task, "__pw_stack__", None
        ) or inspect.stack(0)
    
        parsed_st = _extract_stack_trace_information_from_stack(st, is_internal, title)
        self._api_zone.set(parsed_st)
        try:
            return await cb()
        except Exception as error:
>           raise rewrite_error(error, f"{parsed_st['apiName']}: {error}") from None
E           playwright._impl._errors.Error: Page.goto: net::ERR_CONNECTION_REFUSED at http://localhost:3099/api/concerns
E           Call log:
E             - navigating to "http://localhost:3099/api/concerns", waiting until "load"

/usr/local/lib/python3.12/dist-packages/playwright/_impl/_connection.py:558: Error
___________________ TestConcernsAPI.test_concerns_has_items ____________________

self = <test_quality.TestConcernsAPI object at 0x78f3c2e69a30>
page = <Page url='chrome-error://chromewebdata/'>

    def test_concerns_has_items(self, page: Page):
        import json
>       page.goto(_url("/api/concerns"))

tests/playwright/test_quality.py:86: 
_ _ _ _ _ _ _ _ _ _ _ _ _ _ _ _ _ _ _ _ _ _ _ _ _ _ _ _ _ _ _ _ _ _ _ _ _ _ _ _ 
/usr/local/lib/python3.12/dist-packages/playwright/sync_api/_generated.py:9019: in goto
    self._sync(
/usr/local/lib/python3.12/dist-packages/playwright/_impl/_page.py:556: in goto
    return await self._main_frame.goto(**locals_to_params(locals()))
           ^^^^^^^^^^^^^^^^^^^^^^^^^^^^^^^^^^^^^^^^^^^^^^^^^^^^^^^^^
/usr/local/lib/python3.12/dist-packages/playwright/_impl/_frame.py:153: in goto
    await self._channel.send(
/usr/local/lib/python3.12/dist-packages/playwright/_impl/_connection.py:69: in send
    return await self._connection.wrap_api_call(
_ _ _ _ _ _ _ _ _ _ _ _ _ _ _ _ _ _ _ _ _ _ _ _ _ _ _ _ _ _ _ _ _ _ _ _ _ _ _ _ 

self = <playwright._impl._connection.Connection object at 0x78f3c2093800>
cb = <function Channel.send.<locals>.<lambda> at 0x78f3c0584c20>
is_internal = False, title = None

    async def wrap_api_call(
        self, cb: Callable[[], Any], is_internal: bool = False, title: str = None
    ) -> Any:
        if self._api_zone.get():
            return await cb()
        task = asyncio.current_task(self._loop)
        st: List[inspect.FrameInfo] = getattr(
            task, "__pw_stack__", None
        ) or inspect.stack(0)
    
        parsed_st = _extract_stack_trace_information_from_stack(st, is_internal, title)
        self._api_zone.set(parsed_st)
        try:
            return await cb()
        except Exception as error:
>           raise rewrite_error(error, f"{parsed_st['apiName']}: {error}") from None
E           playwright._impl._errors.Error: Page.goto: net::ERR_CONNECTION_REFUSED at http://localhost:3099/api/concerns
E           Call log:
E             - navigating to "http://localhost:3099/api/concerns", waiting until "load"

/usr/local/lib/python3.12/dist-packages/playwright/_impl/_connection.py:558: Error
______________ TestConcernsAPI.test_concerns_has_severity_counts _______________

self = <test_quality.TestConcernsAPI object at 0x78f3c2e69580>
page = <Page url='chrome-error://chromewebdata/'>

    def test_concerns_has_severity_counts(self, page: Page):
        import json
>       page.goto(_url("/api/concerns"))

tests/playwright/test_quality.py:94: 
_ _ _ _ _ _ _ _ _ _ _ _ _ _ _ _ _ _ _ _ _ _ _ _ _ _ _ _ _ _ _ _ _ _ _ _ _ _ _ _ 
/usr/local/lib/python3.12/dist-packages/playwright/sync_api/_generated.py:9019: in goto
    self._sync(
/usr/local/lib/python3.12/dist-packages/playwright/_impl/_page.py:556: in goto
    return await self._main_frame.goto(**locals_to_params(locals()))
           ^^^^^^^^^^^^^^^^^^^^^^^^^^^^^^^^^^^^^^^^^^^^^^^^^^^^^^^^^
/usr/local/lib/python3.12/dist-packages/playwright/_impl/_frame.py:153: in goto
    await self._channel.send(
/usr/local/lib/python3.12/dist-packages/playwright/_impl/_connection.py:69: in send
    return await self._connection.wrap_api_call(
_ _ _ _ _ _ _ _ _ _ _ _ _ _ _ _ _ _ _ _ _ _ _ _ _ _ _ _ _ _ _ _ _ _ _ _ _ _ _ _ 

self = <playwright._impl._connection.Connection object at 0x78f3c2093800>
cb = <function Channel.send.<locals>.<lambda> at 0x78f3c140f4c0>
is_internal = False, title = None

    async def wrap_api_call(
        self, cb: Callable[[], Any], is_internal: bool = False, title: str = None
    ) -> Any:
        if self._api_zone.get():
            return await cb()
        task = asyncio.current_task(self._loop)
        st: List[inspect.FrameInfo] = getattr(
            task, "__pw_stack__", None
        ) or inspect.stack(0)
    
        parsed_st = _extract_stack_trace_information_from_stack(st, is_internal, title)
        self._api_zone.set(parsed_st)
        try:
            return await cb()
        except Exception as error:
>           raise rewrite_error(error, f"{parsed_st['apiName']}: {error}") from None
E           playwright._impl._errors.Error: Page.goto: net::ERR_CONNECTION_REFUSED at http://localhost:3099/api/concerns
E           Call log:
E             - navigating to "http://localhost:3099/api/concerns", waiting until "load"

/usr/local/lib/python3.12/dist-packages/playwright/_impl/_connection.py:558: Error
_______________ TestResponseTimes.test_route_responds_in_time[/] _______________

self = <test_response_times.TestResponseTimes object at 0x78f3c2e69550>
page = <Page url='chrome-error://chromewebdata/'>
base_url = 'http://localhost:3099', route = '/'

    @pytest.mark.parametrize("route", ROUTES)
    def test_route_responds_in_time(self, page, base_url, route):
        """Route responds within MAX_RESPONSE_TIME seconds."""
        start = time.monotonic()
>       resp = page.goto(f"{base_url}{route}")
               ^^^^^^^^^^^^^^^^^^^^^^^^^^^^^^^

tests/playwright/test_response_times.py:51: 
_ _ _ _ _ _ _ _ _ _ _ _ _ _ _ _ _ _ _ _ _ _ _ _ _ _ _ _ _ _ _ _ _ _ _ _ _ _ _ _ 
/usr/local/lib/python3.12/dist-packages/playwright/sync_api/_generated.py:9019: in goto
    self._sync(
/usr/local/lib/python3.12/dist-packages/playwright/_impl/_page.py:556: in goto
    return await self._main_frame.goto(**locals_to_params(locals()))
           ^^^^^^^^^^^^^^^^^^^^^^^^^^^^^^^^^^^^^^^^^^^^^^^^^^^^^^^^^
/usr/local/lib/python3.12/dist-packages/playwright/_impl/_frame.py:153: in goto
    await self._channel.send(
/usr/local/lib/python3.12/dist-packages/playwright/_impl/_connection.py:69: in send
    return await self._connection.wrap_api_call(
_ _ _ _ _ _ _ _ _ _ _ _ _ _ _ _ _ _ _ _ _ _ _ _ _ _ _ _ _ _ _ _ _ _ _ _ _ _ _ _ 

self = <playwright._impl._connection.Connection object at 0x78f3c2093800>
cb = <function Channel.send.<locals>.<lambda> at 0x78f3c0ec2a20>
is_internal = False, title = None

    async def wrap_api_call(
        self, cb: Callable[[], Any], is_internal: bool = False, title: str = None
    ) -> Any:
        if self._api_zone.get():
            return await cb()
        task = asyncio.current_task(self._loop)
        st: List[inspect.FrameInfo] = getattr(
            task, "__pw_stack__", None
        ) or inspect.stack(0)
    
        parsed_st = _extract_stack_trace_information_from_stack(st, is_internal, title)
        self._api_zone.set(parsed_st)
        try:
            return await cb()
        except Exception as error:
>           raise rewrite_error(error, f"{parsed_st['apiName']}: {error}") from None
E           playwright._impl._errors.Error: Page.goto: net::ERR_CONNECTION_REFUSED at http://localhost:3099/
E           Call log:
E             - navigating to "http://localhost:3099/", waiting until "load"

/usr/local/lib/python3.12/dist-packages/playwright/_impl/_connection.py:558: Error
____________ TestResponseTimes.test_route_responds_in_time[/tasks] _____________

self = <test_response_times.TestResponseTimes object at 0x78f3c2e69d00>
page = <Page url='chrome-error://chromewebdata/'>
base_url = 'http://localhost:3099', route = '/tasks'

    @pytest.mark.parametrize("route", ROUTES)
    def test_route_responds_in_time(self, page, base_url, route):
        """Route responds within MAX_RESPONSE_TIME seconds."""
        start = time.monotonic()
>       resp = page.goto(f"{base_url}{route}")
               ^^^^^^^^^^^^^^^^^^^^^^^^^^^^^^^

tests/playwright/test_response_times.py:51: 
_ _ _ _ _ _ _ _ _ _ _ _ _ _ _ _ _ _ _ _ _ _ _ _ _ _ _ _ _ _ _ _ _ _ _ _ _ _ _ _ 
/usr/local/lib/python3.12/dist-packages/playwright/sync_api/_generated.py:9019: in goto
    self._sync(
/usr/local/lib/python3.12/dist-packages/playwright/_impl/_page.py:556: in goto
    return await self._main_frame.goto(**locals_to_params(locals()))
           ^^^^^^^^^^^^^^^^^^^^^^^^^^^^^^^^^^^^^^^^^^^^^^^^^^^^^^^^^
/usr/local/lib/python3.12/dist-packages/playwright/_impl/_frame.py:153: in goto
    await self._channel.send(
/usr/local/lib/python3.12/dist-packages/playwright/_impl/_connection.py:69: in send
    return await self._connection.wrap_api_call(
_ _ _ _ _ _ _ _ _ _ _ _ _ _ _ _ _ _ _ _ _ _ _ _ _ _ _ _ _ _ _ _ _ _ _ _ _ _ _ _ 

self = <playwright._impl._connection.Connection object at 0x78f3c2093800>
cb = <function Channel.send.<locals>.<lambda> at 0x78f3c05856c0>
is_internal = False, title = None

    async def wrap_api_call(
        self, cb: Callable[[], Any], is_internal: bool = False, title: str = None
    ) -> Any:
        if self._api_zone.get():
            return await cb()
        task = asyncio.current_task(self._loop)
        st: List[inspect.FrameInfo] = getattr(
            task, "__pw_stack__", None
        ) or inspect.stack(0)
    
        parsed_st = _extract_stack_trace_information_from_stack(st, is_internal, title)
        self._api_zone.set(parsed_st)
        try:
            return await cb()
        except Exception as error:
>           raise rewrite_error(error, f"{parsed_st['apiName']}: {error}") from None
E           playwright._impl._errors.Error: Page.goto: net::ERR_CONNECTION_REFUSED at http://localhost:3099/tasks
E           Call log:
E             - navigating to "http://localhost:3099/tasks", waiting until "load"

/usr/local/lib/python3.12/dist-packages/playwright/_impl/_connection.py:558: Error
____________ TestResponseTimes.test_route_responds_in_time[/fabric] ____________

self = <test_response_times.TestResponseTimes object at 0x78f3c2e69940>
page = <Page url='chrome-error://chromewebdata/'>
base_url = 'http://localhost:3099', route = '/fabric'

    @pytest.mark.parametrize("route", ROUTES)
    def test_route_responds_in_time(self, page, base_url, route):
        """Route responds within MAX_RESPONSE_TIME seconds."""
        start = time.monotonic()
>       resp = page.goto(f"{base_url}{route}")
               ^^^^^^^^^^^^^^^^^^^^^^^^^^^^^^^

tests/playwright/test_response_times.py:51: 
_ _ _ _ _ _ _ _ _ _ _ _ _ _ _ _ _ _ _ _ _ _ _ _ _ _ _ _ _ _ _ _ _ _ _ _ _ _ _ _ 
/usr/local/lib/python3.12/dist-packages/playwright/sync_api/_generated.py:9019: in goto
    self._sync(
/usr/local/lib/python3.12/dist-packages/playwright/_impl/_page.py:556: in goto
    return await self._main_frame.goto(**locals_to_params(locals()))
           ^^^^^^^^^^^^^^^^^^^^^^^^^^^^^^^^^^^^^^^^^^^^^^^^^^^^^^^^^
/usr/local/lib/python3.12/dist-packages/playwright/_impl/_frame.py:153: in goto
    await self._channel.send(
/usr/local/lib/python3.12/dist-packages/playwright/_impl/_connection.py:69: in send
    return await self._connection.wrap_api_call(
_ _ _ _ _ _ _ _ _ _ _ _ _ _ _ _ _ _ _ _ _ _ _ _ _ _ _ _ _ _ _ _ _ _ _ _ _ _ _ _ 

self = <playwright._impl._connection.Connection object at 0x78f3c2093800>
cb = <function Channel.send.<locals>.<lambda> at 0x78f3c0e55580>
is_internal = False, title = None

    async def wrap_api_call(
        self, cb: Callable[[], Any], is_internal: bool = False, title: str = None
    ) -> Any:
        if self._api_zone.get():
            return await cb()
        task = asyncio.current_task(self._loop)
        st: List[inspect.FrameInfo] = getattr(
            task, "__pw_stack__", None
        ) or inspect.stack(0)
    
        parsed_st = _extract_stack_trace_information_from_stack(st, is_internal, title)
        self._api_zone.set(parsed_st)
        try:
            return await cb()
        except Exception as error:
>           raise rewrite_error(error, f"{parsed_st['apiName']}: {error}") from None
E           playwright._impl._errors.Error: Page.goto: net::ERR_CONNECTION_REFUSED at http://localhost:3099/fabric
E           Call log:
E             - navigating to "http://localhost:3099/fabric", waiting until "load"

/usr/local/lib/python3.12/dist-packages/playwright/_impl/_connection.py:558: Error
_____________ TestResponseTimes.test_route_responds_in_time[/cron] _____________

self = <test_response_times.TestResponseTimes object at 0x78f3c2e6a510>
page = <Page url='http://localhost:3099/cron'>
base_url = 'http://localhost:3099', route = '/cron'

    @pytest.mark.parametrize("route", ROUTES)
    def test_route_responds_in_time(self, page, base_url, route):
        """Route responds within MAX_RESPONSE_TIME seconds."""
        start = time.monotonic()
        resp = page.goto(f"{base_url}{route}")
        elapsed = time.monotonic() - start
    
        assert resp.status in (200, 308), f"{route} returned {resp.status}"
>       assert elapsed < MAX_RESPONSE_TIME, (
            f"{route} took {elapsed:.1f}s (max {MAX_RESPONSE_TIME}s)"
        )
E       AssertionError: /cron took 10.9s (max 10.0s)
E       assert 10.933440162800252 < 10.0

tests/playwright/test_response_times.py:55: AssertionError
__________ TestResponseTimes.test_route_responds_in_time[/inception] ___________

self = <test_response_times.TestResponseTimes object at 0x78f3c2e68230>
page = <Page url='http://localhost:3099/'>, base_url = 'http://localhost:3099'
route = '/inception'

    @pytest.mark.parametrize("route", ROUTES)
    def test_route_responds_in_time(self, page, base_url, route):
        """Route responds within MAX_RESPONSE_TIME seconds."""
        start = time.monotonic()
>       resp = page.goto(f"{base_url}{route}")
               ^^^^^^^^^^^^^^^^^^^^^^^^^^^^^^^

tests/playwright/test_response_times.py:51: 
_ _ _ _ _ _ _ _ _ _ _ _ _ _ _ _ _ _ _ _ _ _ _ _ _ _ _ _ _ _ _ _ _ _ _ _ _ _ _ _ 
/usr/local/lib/python3.12/dist-packages/playwright/sync_api/_generated.py:9019: in goto
    self._sync(
/usr/local/lib/python3.12/dist-packages/playwright/_impl/_page.py:556: in goto
    return await self._main_frame.goto(**locals_to_params(locals()))
           ^^^^^^^^^^^^^^^^^^^^^^^^^^^^^^^^^^^^^^^^^^^^^^^^^^^^^^^^^
/usr/local/lib/python3.12/dist-packages/playwright/_impl/_frame.py:153: in goto
    await self._channel.send(
/usr/local/lib/python3.12/dist-packages/playwright/_impl/_connection.py:69: in send
    return await self._connection.wrap_api_call(
_ _ _ _ _ _ _ _ _ _ _ _ _ _ _ _ _ _ _ _ _ _ _ _ _ _ _ _ _ _ _ _ _ _ _ _ _ _ _ _ 

self = <playwright._impl._connection.Connection object at 0x78f3c2093800>
cb = <function Channel.send.<locals>.<lambda> at 0x78f3c140e980>
is_internal = False, title = None

    async def wrap_api_call(
        self, cb: Callable[[], Any], is_internal: bool = False, title: str = None
    ) -> Any:
        if self._api_zone.get():
            return await cb()
        task = asyncio.current_task(self._loop)
        st: List[inspect.FrameInfo] = getattr(
            task, "__pw_stack__", None
        ) or inspect.stack(0)
    
        parsed_st = _extract_stack_trace_information_from_stack(st, is_internal, title)
        self._api_zone.set(parsed_st)
        try:
            return await cb()
        except Exception as error:
>           raise rewrite_error(error, f"{parsed_st['apiName']}: {error}") from None
E           playwright._impl._errors.Error: Page.goto: net::ERR_EMPTY_RESPONSE at http://localhost:3099/inception
E           Call log:
E             - navigating to "http://localhost:3099/inception", waiting until "load"

/usr/local/lib/python3.12/dist-packages/playwright/_impl/_connection.py:558: Error
____________ TestResponseTimes.test_route_responds_in_time[/search] ____________

self = <test_response_times.TestResponseTimes object at 0x78f3c22016d0>
page = <Page url='chrome-error://chromewebdata/'>
base_url = 'http://localhost:3099', route = '/search'

    @pytest.mark.parametrize("route", ROUTES)
    def test_route_responds_in_time(self, page, base_url, route):
        """Route responds within MAX_RESPONSE_TIME seconds."""
        start = time.monotonic()
>       resp = page.goto(f"{base_url}{route}")
               ^^^^^^^^^^^^^^^^^^^^^^^^^^^^^^^

tests/playwright/test_response_times.py:51: 
_ _ _ _ _ _ _ _ _ _ _ _ _ _ _ _ _ _ _ _ _ _ _ _ _ _ _ _ _ _ _ _ _ _ _ _ _ _ _ _ 
/usr/local/lib/python3.12/dist-packages/playwright/sync_api/_generated.py:9019: in goto
    self._sync(
/usr/local/lib/python3.12/dist-packages/playwright/_impl/_page.py:556: in goto
    return await self._main_frame.goto(**locals_to_params(locals()))
           ^^^^^^^^^^^^^^^^^^^^^^^^^^^^^^^^^^^^^^^^^^^^^^^^^^^^^^^^^
/usr/local/lib/python3.12/dist-packages/playwright/_impl/_frame.py:153: in goto
    await self._channel.send(
/usr/local/lib/python3.12/dist-packages/playwright/_impl/_connection.py:69: in send
    return await self._connection.wrap_api_call(
_ _ _ _ _ _ _ _ _ _ _ _ _ _ _ _ _ _ _ _ _ _ _ _ _ _ _ _ _ _ _ _ _ _ _ _ _ _ _ _ 

self = <playwright._impl._connection.Connection object at 0x78f3c2093800>
cb = <function Channel.send.<locals>.<lambda> at 0x78f3c1059760>
is_internal = False, title = None

    async def wrap_api_call(
        self, cb: Callable[[], Any], is_internal: bool = False, title: str = None
    ) -> Any:
        if self._api_zone.get():
            return await cb()
        task = asyncio.current_task(self._loop)
        st: List[inspect.FrameInfo] = getattr(
            task, "__pw_stack__", None
        ) or inspect.stack(0)
    
        parsed_st = _extract_stack_trace_information_from_stack(st, is_internal, title)
        self._api_zone.set(parsed_st)
        try:
            return await cb()
        except Exception as error:
>           raise rewrite_error(error, f"{parsed_st['apiName']}: {error}") from None
E           playwright._impl._errors.Error: Page.goto: net::ERR_CONNECTION_REFUSED at http://localhost:3099/search
E           Call log:
E             - navigating to "http://localhost:3099/search", waiting until "load"

/usr/local/lib/python3.12/dist-packages/playwright/_impl/_connection.py:558: Error
________ TestResponseTimes.test_route_responds_in_time[/docs/generated] ________

self = <test_response_times.TestResponseTimes object at 0x78f3c22015b0>
page = <Page url='chrome-error://chromewebdata/'>
base_url = 'http://localhost:3099', route = '/docs/generated'

    @pytest.mark.parametrize("route", ROUTES)
    def test_route_responds_in_time(self, page, base_url, route):
        """Route responds within MAX_RESPONSE_TIME seconds."""
        start = time.monotonic()
>       resp = page.goto(f"{base_url}{route}")
               ^^^^^^^^^^^^^^^^^^^^^^^^^^^^^^^

tests/playwright/test_response_times.py:51: 
_ _ _ _ _ _ _ _ _ _ _ _ _ _ _ _ _ _ _ _ _ _ _ _ _ _ _ _ _ _ _ _ _ _ _ _ _ _ _ _ 
/usr/local/lib/python3.12/dist-packages/playwright/sync_api/_generated.py:9019: in goto
    self._sync(
/usr/local/lib/python3.12/dist-packages/playwright/_impl/_page.py:556: in goto
    return await self._main_frame.goto(**locals_to_params(locals()))
           ^^^^^^^^^^^^^^^^^^^^^^^^^^^^^^^^^^^^^^^^^^^^^^^^^^^^^^^^^
/usr/local/lib/python3.12/dist-packages/playwright/_impl/_frame.py:153: in goto
    await self._channel.send(
/usr/local/lib/python3.12/dist-packages/playwright/_impl/_connection.py:69: in send
    return await self._connection.wrap_api_call(
_ _ _ _ _ _ _ _ _ _ _ _ _ _ _ _ _ _ _ _ _ _ _ _ _ _ _ _ _ _ _ _ _ _ _ _ _ _ _ _ 

self = <playwright._impl._connection.Connection object at 0x78f3c2093800>
cb = <function Channel.send.<locals>.<lambda> at 0x78f3c0f74ea0>
is_internal = False, title = None

    async def wrap_api_call(
        self, cb: Callable[[], Any], is_internal: bool = False, title: str = None
    ) -> Any:
        if self._api_zone.get():
            return await cb()
        task = asyncio.current_task(self._loop)
        st: List[inspect.FrameInfo] = getattr(
            task, "__pw_stack__", None
        ) or inspect.stack(0)
    
        parsed_st = _extract_stack_trace_information_from_stack(st, is_internal, title)
        self._api_zone.set(parsed_st)
        try:
            return await cb()
        except Exception as error:
>           raise rewrite_error(error, f"{parsed_st['apiName']}: {error}") from None
E           playwright._impl._errors.Error: Page.goto: net::ERR_CONNECTION_REFUSED at http://localhost:3099/docs/generated
E           Call log:
E             - navigating to "http://localhost:3099/docs/generated", waiting until "load"

/usr/local/lib/python3.12/dist-packages/playwright/_impl/_connection.py:558: Error
___________ TestResponseTimes.test_route_responds_in_time[/patterns] ___________

self = <test_response_times.TestResponseTimes object at 0x78f3c2203230>
page = <Page url='chrome-error://chromewebdata/'>
base_url = 'http://localhost:3099', route = '/patterns'

    @pytest.mark.parametrize("route", ROUTES)
    def test_route_responds_in_time(self, page, base_url, route):
        """Route responds within MAX_RESPONSE_TIME seconds."""
        start = time.monotonic()
>       resp = page.goto(f"{base_url}{route}")
               ^^^^^^^^^^^^^^^^^^^^^^^^^^^^^^^

tests/playwright/test_response_times.py:51: 
_ _ _ _ _ _ _ _ _ _ _ _ _ _ _ _ _ _ _ _ _ _ _ _ _ _ _ _ _ _ _ _ _ _ _ _ _ _ _ _ 
/usr/local/lib/python3.12/dist-packages/playwright/sync_api/_generated.py:9019: in goto
    self._sync(
/usr/local/lib/python3.12/dist-packages/playwright/_impl/_page.py:556: in goto
    return await self._main_frame.goto(**locals_to_params(locals()))
           ^^^^^^^^^^^^^^^^^^^^^^^^^^^^^^^^^^^^^^^^^^^^^^^^^^^^^^^^^
/usr/local/lib/python3.12/dist-packages/playwright/_impl/_frame.py:153: in goto
    await self._channel.send(
/usr/local/lib/python3.12/dist-packages/playwright/_impl/_connection.py:69: in send
    return await self._connection.wrap_api_call(
_ _ _ _ _ _ _ _ _ _ _ _ _ _ _ _ _ _ _ _ _ _ _ _ _ _ _ _ _ _ _ _ _ _ _ _ _ _ _ _ 

self = <playwright._impl._connection.Connection object at 0x78f3c2093800>
cb = <function Channel.send.<locals>.<lambda> at 0x78f3c0e55940>
is_internal = False, title = None

    async def wrap_api_call(
        self, cb: Callable[[], Any], is_internal: bool = False, title: str = None
    ) -> Any:
        if self._api_zone.get():
            return await cb()
        task = asyncio.current_task(self._loop)
        st: List[inspect.FrameInfo] = getattr(
            task, "__pw_stack__", None
        ) or inspect.stack(0)
    
        parsed_st = _extract_stack_trace_information_from_stack(st, is_internal, title)
        self._api_zone.set(parsed_st)
        try:
            return await cb()
        except Exception as error:
>           raise rewrite_error(error, f"{parsed_st['apiName']}: {error}") from None
E           playwright._impl._errors.Error: Page.goto: net::ERR_CONNECTION_REFUSED at http://localhost:3099/patterns
E           Call log:
E             - navigating to "http://localhost:3099/patterns", waiting until "load"

/usr/local/lib/python3.12/dist-packages/playwright/_impl/_connection.py:558: Error
__________ TestResponseTimes.test_route_responds_in_time[/learnings] ___________

self = <test_response_times.TestResponseTimes object at 0x78f3c23c1040>
page = <Page url='chrome-error://chromewebdata/'>
base_url = 'http://localhost:3099', route = '/learnings'

    @pytest.mark.parametrize("route", ROUTES)
    def test_route_responds_in_time(self, page, base_url, route):
        """Route responds within MAX_RESPONSE_TIME seconds."""
        start = time.monotonic()
>       resp = page.goto(f"{base_url}{route}")
               ^^^^^^^^^^^^^^^^^^^^^^^^^^^^^^^

tests/playwright/test_response_times.py:51: 
_ _ _ _ _ _ _ _ _ _ _ _ _ _ _ _ _ _ _ _ _ _ _ _ _ _ _ _ _ _ _ _ _ _ _ _ _ _ _ _ 
/usr/local/lib/python3.12/dist-packages/playwright/sync_api/_generated.py:9019: in goto
    self._sync(
/usr/local/lib/python3.12/dist-packages/playwright/_impl/_page.py:556: in goto
    return await self._main_frame.goto(**locals_to_params(locals()))
           ^^^^^^^^^^^^^^^^^^^^^^^^^^^^^^^^^^^^^^^^^^^^^^^^^^^^^^^^^
/usr/local/lib/python3.12/dist-packages/playwright/_impl/_frame.py:153: in goto
    await self._channel.send(
/usr/local/lib/python3.12/dist-packages/playwright/_impl/_connection.py:69: in send
    return await self._connection.wrap_api_call(
_ _ _ _ _ _ _ _ _ _ _ _ _ _ _ _ _ _ _ _ _ _ _ _ _ _ _ _ _ _ _ _ _ _ _ _ _ _ _ _ 

self = <playwright._impl._connection.Connection object at 0x78f3c2093800>
cb = <function Channel.send.<locals>.<lambda> at 0x78f3c0dc0040>
is_internal = False, title = None

    async def wrap_api_call(
        self, cb: Callable[[], Any], is_internal: bool = False, title: str = None
    ) -> Any:
        if self._api_zone.get():
            return await cb()
        task = asyncio.current_task(self._loop)
        st: List[inspect.FrameInfo] = getattr(
            task, "__pw_stack__", None
        ) or inspect.stack(0)
    
        parsed_st = _extract_stack_trace_information_from_stack(st, is_internal, title)
        self._api_zone.set(parsed_st)
        try:
            return await cb()
        except Exception as error:
>           raise rewrite_error(error, f"{parsed_st['apiName']}: {error}") from None
E           playwright._impl._errors.Error: Page.goto: net::ERR_CONNECTION_REFUSED at http://localhost:3099/learnings
E           Call log:
E             - navigating to "http://localhost:3099/learnings", waiting until "load"

/usr/local/lib/python3.12/dist-packages/playwright/_impl/_connection.py:558: Error
__________ TestResponseTimes.test_route_responds_in_time[/decisions] ___________

self = <test_response_times.TestResponseTimes object at 0x78f3c23e34d0>
page = <Page url='chrome-error://chromewebdata/'>
base_url = 'http://localhost:3099', route = '/decisions'

    @pytest.mark.parametrize("route", ROUTES)
    def test_route_responds_in_time(self, page, base_url, route):
        """Route responds within MAX_RESPONSE_TIME seconds."""
        start = time.monotonic()
>       resp = page.goto(f"{base_url}{route}")
               ^^^^^^^^^^^^^^^^^^^^^^^^^^^^^^^

tests/playwright/test_response_times.py:51: 
_ _ _ _ _ _ _ _ _ _ _ _ _ _ _ _ _ _ _ _ _ _ _ _ _ _ _ _ _ _ _ _ _ _ _ _ _ _ _ _ 
/usr/local/lib/python3.12/dist-packages/playwright/sync_api/_generated.py:9019: in goto
    self._sync(
/usr/local/lib/python3.12/dist-packages/playwright/_impl/_page.py:556: in goto
    return await self._main_frame.goto(**locals_to_params(locals()))
           ^^^^^^^^^^^^^^^^^^^^^^^^^^^^^^^^^^^^^^^^^^^^^^^^^^^^^^^^^
/usr/local/lib/python3.12/dist-packages/playwright/_impl/_frame.py:153: in goto
    await self._channel.send(
/usr/local/lib/python3.12/dist-packages/playwright/_impl/_connection.py:69: in send
    return await self._connection.wrap_api_call(
_ _ _ _ _ _ _ _ _ _ _ _ _ _ _ _ _ _ _ _ _ _ _ _ _ _ _ _ _ _ _ _ _ _ _ _ _ _ _ _ 

self = <playwright._impl._connection.Connection object at 0x78f3c2093800>
cb = <function Channel.send.<locals>.<lambda> at 0x78f3c0dc14e0>
is_internal = False, title = None

    async def wrap_api_call(
        self, cb: Callable[[], Any], is_internal: bool = False, title: str = None
    ) -> Any:
        if self._api_zone.get():
            return await cb()
        task = asyncio.current_task(self._loop)
        st: List[inspect.FrameInfo] = getattr(
            task, "__pw_stack__", None
        ) or inspect.stack(0)
    
        parsed_st = _extract_stack_trace_information_from_stack(st, is_internal, title)
        self._api_zone.set(parsed_st)
        try:
            return await cb()
        except Exception as error:
>           raise rewrite_error(error, f"{parsed_st['apiName']}: {error}") from None
E           playwright._impl._errors.Error: Page.goto: net::ERR_CONNECTION_REFUSED at http://localhost:3099/decisions
E           Call log:
E             - navigating to "http://localhost:3099/decisions", waiting until "load"

/usr/local/lib/python3.12/dist-packages/playwright/_impl/_connection.py:558: Error
____________ TestResponseTimes.test_route_responds_in_time[/risks] _____________

self = <test_response_times.TestResponseTimes object at 0x78f3c3e06210>
page = <Page url='chrome-error://chromewebdata/'>
base_url = 'http://localhost:3099', route = '/risks'

    @pytest.mark.parametrize("route", ROUTES)
    def test_route_responds_in_time(self, page, base_url, route):
        """Route responds within MAX_RESPONSE_TIME seconds."""
        start = time.monotonic()
>       resp = page.goto(f"{base_url}{route}")
               ^^^^^^^^^^^^^^^^^^^^^^^^^^^^^^^

tests/playwright/test_response_times.py:51: 
_ _ _ _ _ _ _ _ _ _ _ _ _ _ _ _ _ _ _ _ _ _ _ _ _ _ _ _ _ _ _ _ _ _ _ _ _ _ _ _ 
/usr/local/lib/python3.12/dist-packages/playwright/sync_api/_generated.py:9019: in goto
    self._sync(
/usr/local/lib/python3.12/dist-packages/playwright/_impl/_page.py:556: in goto
    return await self._main_frame.goto(**locals_to_params(locals()))
           ^^^^^^^^^^^^^^^^^^^^^^^^^^^^^^^^^^^^^^^^^^^^^^^^^^^^^^^^^
/usr/local/lib/python3.12/dist-packages/playwright/_impl/_frame.py:153: in goto
    await self._channel.send(
/usr/local/lib/python3.12/dist-packages/playwright/_impl/_connection.py:69: in send
    return await self._connection.wrap_api_call(
_ _ _ _ _ _ _ _ _ _ _ _ _ _ _ _ _ _ _ _ _ _ _ _ _ _ _ _ _ _ _ _ _ _ _ _ _ _ _ _ 

self = <playwright._impl._connection.Connection object at 0x78f3c2093800>
cb = <function Channel.send.<locals>.<lambda> at 0x78f3c059f420>
is_internal = False, title = None

    async def wrap_api_call(
        self, cb: Callable[[], Any], is_internal: bool = False, title: str = None
    ) -> Any:
        if self._api_zone.get():
            return await cb()
        task = asyncio.current_task(self._loop)
        st: List[inspect.FrameInfo] = getattr(
            task, "__pw_stack__", None
        ) or inspect.stack(0)
    
        parsed_st = _extract_stack_trace_information_from_stack(st, is_internal, title)
        self._api_zone.set(parsed_st)
        try:
            return await cb()
        except Exception as error:
>           raise rewrite_error(error, f"{parsed_st['apiName']}: {error}") from None
E           playwright._impl._errors.Error: Page.goto: net::ERR_CONNECTION_REFUSED at http://localhost:3099/risks
E           Call log:
E             - navigating to "http://localhost:3099/risks", waiting until "load"

/usr/local/lib/python3.12/dist-packages/playwright/_impl/_connection.py:558: Error
__________ TestResponseTimes.test_route_responds_in_time[/approvals] ___________

self = <test_response_times.TestResponseTimes object at 0x78f3c3e07410>
page = <Page url='chrome-error://chromewebdata/'>
base_url = 'http://localhost:3099', route = '/approvals'

    @pytest.mark.parametrize("route", ROUTES)
    def test_route_responds_in_time(self, page, base_url, route):
        """Route responds within MAX_RESPONSE_TIME seconds."""
        start = time.monotonic()
>       resp = page.goto(f"{base_url}{route}")
               ^^^^^^^^^^^^^^^^^^^^^^^^^^^^^^^

tests/playwright/test_response_times.py:51: 
_ _ _ _ _ _ _ _ _ _ _ _ _ _ _ _ _ _ _ _ _ _ _ _ _ _ _ _ _ _ _ _ _ _ _ _ _ _ _ _ 
/usr/local/lib/python3.12/dist-packages/playwright/sync_api/_generated.py:9019: in goto
    self._sync(
/usr/local/lib/python3.12/dist-packages/playwright/_impl/_page.py:556: in goto
    return await self._main_frame.goto(**locals_to_params(locals()))
           ^^^^^^^^^^^^^^^^^^^^^^^^^^^^^^^^^^^^^^^^^^^^^^^^^^^^^^^^^
/usr/local/lib/python3.12/dist-packages/playwright/_impl/_frame.py:153: in goto
    await self._channel.send(
/usr/local/lib/python3.12/dist-packages/playwright/_impl/_connection.py:69: in send
    return await self._connection.wrap_api_call(
_ _ _ _ _ _ _ _ _ _ _ _ _ _ _ _ _ _ _ _ _ _ _ _ _ _ _ _ _ _ _ _ _ _ _ _ _ _ _ _ 

self = <playwright._impl._connection.Connection object at 0x78f3c2093800>
cb = <function Channel.send.<locals>.<lambda> at 0x78f3c12feca0>
is_internal = False, title = None

    async def wrap_api_call(
        self, cb: Callable[[], Any], is_internal: bool = False, title: str = None
    ) -> Any:
        if self._api_zone.get():
            return await cb()
        task = asyncio.current_task(self._loop)
        st: List[inspect.FrameInfo] = getattr(
            task, "__pw_stack__", None
        ) or inspect.stack(0)
    
        parsed_st = _extract_stack_trace_information_from_stack(st, is_internal, title)
        self._api_zone.set(parsed_st)
        try:
            return await cb()
        except Exception as error:
>           raise rewrite_error(error, f"{parsed_st['apiName']}: {error}") from None
E           playwright._impl._errors.Error: Page.goto: net::ERR_CONNECTION_REFUSED at http://localhost:3099/approvals
E           Call log:
E             - navigating to "http://localhost:3099/approvals", waiting until "load"

/usr/local/lib/python3.12/dist-packages/playwright/_impl/_connection.py:558: Error
_________ TestResponseTimes.test_route_responds_in_time[/discoveries] __________

self = <test_response_times.TestResponseTimes object at 0x78f3c3e06870>
page = <Page url='chrome-error://chromewebdata/'>
base_url = 'http://localhost:3099', route = '/discoveries'

    @pytest.mark.parametrize("route", ROUTES)
    def test_route_responds_in_time(self, page, base_url, route):
        """Route responds within MAX_RESPONSE_TIME seconds."""
        start = time.monotonic()
>       resp = page.goto(f"{base_url}{route}")
               ^^^^^^^^^^^^^^^^^^^^^^^^^^^^^^^

tests/playwright/test_response_times.py:51: 
_ _ _ _ _ _ _ _ _ _ _ _ _ _ _ _ _ _ _ _ _ _ _ _ _ _ _ _ _ _ _ _ _ _ _ _ _ _ _ _ 
/usr/local/lib/python3.12/dist-packages/playwright/sync_api/_generated.py:9019: in goto
    self._sync(
/usr/local/lib/python3.12/dist-packages/playwright/_impl/_page.py:556: in goto
    return await self._main_frame.goto(**locals_to_params(locals()))
           ^^^^^^^^^^^^^^^^^^^^^^^^^^^^^^^^^^^^^^^^^^^^^^^^^^^^^^^^^
/usr/local/lib/python3.12/dist-packages/playwright/_impl/_frame.py:153: in goto
    await self._channel.send(
/usr/local/lib/python3.12/dist-packages/playwright/_impl/_connection.py:69: in send
    return await self._connection.wrap_api_call(
_ _ _ _ _ _ _ _ _ _ _ _ _ _ _ _ _ _ _ _ _ _ _ _ _ _ _ _ _ _ _ _ _ _ _ _ _ _ _ _ 

self = <playwright._impl._connection.Connection object at 0x78f3c2093800>
cb = <function Channel.send.<locals>.<lambda> at 0x78f3c133e020>
is_internal = False, title = None

    async def wrap_api_call(
        self, cb: Callable[[], Any], is_internal: bool = False, title: str = None
    ) -> Any:
        if self._api_zone.get():
            return await cb()
        task = asyncio.current_task(self._loop)
        st: List[inspect.FrameInfo] = getattr(
            task, "__pw_stack__", None
        ) or inspect.stack(0)
    
        parsed_st = _extract_stack_trace_information_from_stack(st, is_internal, title)
        self._api_zone.set(parsed_st)
        try:
            return await cb()
        except Exception as error:
>           raise rewrite_error(error, f"{parsed_st['apiName']}: {error}") from None
E           playwright._impl._errors.Error: Page.goto: net::ERR_CONNECTION_REFUSED at http://localhost:3099/discoveries
E           Call log:
E             - navigating to "http://localhost:3099/discoveries", waiting until "load"

/usr/local/lib/python3.12/dist-packages/playwright/_impl/_connection.py:558: Error
___________ TestResponseTimes.test_route_responds_in_time[/sessions] ___________

self = <test_response_times.TestResponseTimes object at 0x78f3c3e066c0>
page = <Page url='chrome-error://chromewebdata/'>
base_url = 'http://localhost:3099', route = '/sessions'

    @pytest.mark.parametrize("route", ROUTES)
    def test_route_responds_in_time(self, page, base_url, route):
        """Route responds within MAX_RESPONSE_TIME seconds."""
        start = time.monotonic()
>       resp = page.goto(f"{base_url}{route}")
               ^^^^^^^^^^^^^^^^^^^^^^^^^^^^^^^

tests/playwright/test_response_times.py:51: 
_ _ _ _ _ _ _ _ _ _ _ _ _ _ _ _ _ _ _ _ _ _ _ _ _ _ _ _ _ _ _ _ _ _ _ _ _ _ _ _ 
/usr/local/lib/python3.12/dist-packages/playwright/sync_api/_generated.py:9019: in goto
    self._sync(
/usr/local/lib/python3.12/dist-packages/playwright/_impl/_page.py:556: in goto
    return await self._main_frame.goto(**locals_to_params(locals()))
           ^^^^^^^^^^^^^^^^^^^^^^^^^^^^^^^^^^^^^^^^^^^^^^^^^^^^^^^^^
/usr/local/lib/python3.12/dist-packages/playwright/_impl/_frame.py:153: in goto
    await self._channel.send(
/usr/local/lib/python3.12/dist-packages/playwright/_impl/_connection.py:69: in send
    return await self._connection.wrap_api_call(
_ _ _ _ _ _ _ _ _ _ _ _ _ _ _ _ _ _ _ _ _ _ _ _ _ _ _ _ _ _ _ _ _ _ _ _ _ _ _ _ 

self = <playwright._impl._connection.Connection object at 0x78f3c2093800>
cb = <function Channel.send.<locals>.<lambda> at 0x78f3c11d0d60>
is_internal = False, title = None

    async def wrap_api_call(
        self, cb: Callable[[], Any], is_internal: bool = False, title: str = None
    ) -> Any:
        if self._api_zone.get():
            return await cb()
        task = asyncio.current_task(self._loop)
        st: List[inspect.FrameInfo] = getattr(
            task, "__pw_stack__", None
        ) or inspect.stack(0)
    
        parsed_st = _extract_stack_trace_information_from_stack(st, is_internal, title)
        self._api_zone.set(parsed_st)
        try:
            return await cb()
        except Exception as error:
>           raise rewrite_error(error, f"{parsed_st['apiName']}: {error}") from None
E           playwright._impl._errors.Error: Page.goto: net::ERR_CONNECTION_REFUSED at http://localhost:3099/sessions
E           Call log:
E             - navigating to "http://localhost:3099/sessions", waiting until "load"

/usr/local/lib/python3.12/dist-packages/playwright/_impl/_connection.py:558: Error
__________ TestResponseTimes.test_route_responds_in_time[/settings/] ___________

self = <test_response_times.TestResponseTimes object at 0x78f3c3e07230>
page = <Page url='chrome-error://chromewebdata/'>
base_url = 'http://localhost:3099', route = '/settings/'

    @pytest.mark.parametrize("route", ROUTES)
    def test_route_responds_in_time(self, page, base_url, route):
        """Route responds within MAX_RESPONSE_TIME seconds."""
        start = time.monotonic()
>       resp = page.goto(f"{base_url}{route}")
               ^^^^^^^^^^^^^^^^^^^^^^^^^^^^^^^

tests/playwright/test_response_times.py:51: 
_ _ _ _ _ _ _ _ _ _ _ _ _ _ _ _ _ _ _ _ _ _ _ _ _ _ _ _ _ _ _ _ _ _ _ _ _ _ _ _ 
/usr/local/lib/python3.12/dist-packages/playwright/sync_api/_generated.py:9019: in goto
    self._sync(
/usr/local/lib/python3.12/dist-packages/playwright/_impl/_page.py:556: in goto
    return await self._main_frame.goto(**locals_to_params(locals()))
           ^^^^^^^^^^^^^^^^^^^^^^^^^^^^^^^^^^^^^^^^^^^^^^^^^^^^^^^^^
/usr/local/lib/python3.12/dist-packages/playwright/_impl/_frame.py:153: in goto
    await self._channel.send(
/usr/local/lib/python3.12/dist-packages/playwright/_impl/_connection.py:69: in send
    return await self._connection.wrap_api_call(
_ _ _ _ _ _ _ _ _ _ _ _ _ _ _ _ _ _ _ _ _ _ _ _ _ _ _ _ _ _ _ _ _ _ _ _ _ _ _ _ 

self = <playwright._impl._connection.Connection object at 0x78f3c2093800>
cb = <function Channel.send.<locals>.<lambda> at 0x78f3c113ab60>
is_internal = False, title = None

    async def wrap_api_call(
        self, cb: Callable[[], Any], is_internal: bool = False, title: str = None
    ) -> Any:
        if self._api_zone.get():
            return await cb()
        task = asyncio.current_task(self._loop)
        st: List[inspect.FrameInfo] = getattr(
            task, "__pw_stack__", None
        ) or inspect.stack(0)
    
        parsed_st = _extract_stack_trace_information_from_stack(st, is_internal, title)
        self._api_zone.set(parsed_st)
        try:
            return await cb()
        except Exception as error:
>           raise rewrite_error(error, f"{parsed_st['apiName']}: {error}") from None
E           playwright._impl._errors.Error: Page.goto: net::ERR_CONNECTION_REFUSED at http://localhost:3099/settings/
E           Call log:
E             - navigating to "http://localhost:3099/settings/", waiting until "load"

/usr/local/lib/python3.12/dist-packages/playwright/_impl/_connection.py:558: Error
___________ TestResponseTimes.test_route_responds_in_time[/terminal] ___________

self = <test_response_times.TestResponseTimes object at 0x78f3c3e06e40>
page = <Page url='chrome-error://chromewebdata/'>
base_url = 'http://localhost:3099', route = '/terminal'

    @pytest.mark.parametrize("route", ROUTES)
    def test_route_responds_in_time(self, page, base_url, route):
        """Route responds within MAX_RESPONSE_TIME seconds."""
        start = time.monotonic()
>       resp = page.goto(f"{base_url}{route}")
               ^^^^^^^^^^^^^^^^^^^^^^^^^^^^^^^

tests/playwright/test_response_times.py:51: 
_ _ _ _ _ _ _ _ _ _ _ _ _ _ _ _ _ _ _ _ _ _ _ _ _ _ _ _ _ _ _ _ _ _ _ _ _ _ _ _ 
/usr/local/lib/python3.12/dist-packages/playwright/sync_api/_generated.py:9019: in goto
    self._sync(
/usr/local/lib/python3.12/dist-packages/playwright/_impl/_page.py:556: in goto
    return await self._main_frame.goto(**locals_to_params(locals()))
           ^^^^^^^^^^^^^^^^^^^^^^^^^^^^^^^^^^^^^^^^^^^^^^^^^^^^^^^^^
/usr/local/lib/python3.12/dist-packages/playwright/_impl/_frame.py:153: in goto
    await self._channel.send(
/usr/local/lib/python3.12/dist-packages/playwright/_impl/_connection.py:69: in send
    return await self._connection.wrap_api_call(
_ _ _ _ _ _ _ _ _ _ _ _ _ _ _ _ _ _ _ _ _ _ _ _ _ _ _ _ _ _ _ _ _ _ _ _ _ _ _ _ 

self = <playwright._impl._connection.Connection object at 0x78f3c2093800>
cb = <function Channel.send.<locals>.<lambda> at 0x78f3c0f513a0>
is_internal = False, title = None

    async def wrap_api_call(
        self, cb: Callable[[], Any], is_internal: bool = False, title: str = None
    ) -> Any:
        if self._api_zone.get():
            return await cb()
        task = asyncio.current_task(self._loop)
        st: List[inspect.FrameInfo] = getattr(
            task, "__pw_stack__", None
        ) or inspect.stack(0)
    
        parsed_st = _extract_stack_trace_information_from_stack(st, is_internal, title)
        self._api_zone.set(parsed_st)
        try:
            return await cb()
        except Exception as error:
>           raise rewrite_error(error, f"{parsed_st['apiName']}: {error}") from None
E           playwright._impl._errors.Error: Page.goto: net::ERR_CONNECTION_REFUSED at http://localhost:3099/terminal
E           Call log:
E             - navigating to "http://localhost:3099/terminal", waiting until "load"

/usr/local/lib/python3.12/dist-packages/playwright/_impl/_connection.py:558: Error
__________ TestResponseTimes.test_route_responds_in_time[/graduation] __________

self = <test_response_times.TestResponseTimes object at 0x78f3c3e06cf0>
page = <Page url='chrome-error://chromewebdata/'>
base_url = 'http://localhost:3099', route = '/graduation'

    @pytest.mark.parametrize("route", ROUTES)
    def test_route_responds_in_time(self, page, base_url, route):
        """Route responds within MAX_RESPONSE_TIME seconds."""
        start = time.monotonic()
>       resp = page.goto(f"{base_url}{route}")
               ^^^^^^^^^^^^^^^^^^^^^^^^^^^^^^^

tests/playwright/test_response_times.py:51: 
_ _ _ _ _ _ _ _ _ _ _ _ _ _ _ _ _ _ _ _ _ _ _ _ _ _ _ _ _ _ _ _ _ _ _ _ _ _ _ _ 
/usr/local/lib/python3.12/dist-packages/playwright/sync_api/_generated.py:9019: in goto
    self._sync(
/usr/local/lib/python3.12/dist-packages/playwright/_impl/_page.py:556: in goto
    return await self._main_frame.goto(**locals_to_params(locals()))
           ^^^^^^^^^^^^^^^^^^^^^^^^^^^^^^^^^^^^^^^^^^^^^^^^^^^^^^^^^
/usr/local/lib/python3.12/dist-packages/playwright/_impl/_frame.py:153: in goto
    await self._channel.send(
/usr/local/lib/python3.12/dist-packages/playwright/_impl/_connection.py:69: in send
    return await self._connection.wrap_api_call(
_ _ _ _ _ _ _ _ _ _ _ _ _ _ _ _ _ _ _ _ _ _ _ _ _ _ _ _ _ _ _ _ _ _ _ _ _ _ _ _ 

self = <playwright._impl._connection.Connection object at 0x78f3c2093800>
cb = <function Channel.send.<locals>.<lambda> at 0x78f3c140c180>
is_internal = False, title = None

    async def wrap_api_call(
        self, cb: Callable[[], Any], is_internal: bool = False, title: str = None
    ) -> Any:
        if self._api_zone.get():
            return await cb()
        task = asyncio.current_task(self._loop)
        st: List[inspect.FrameInfo] = getattr(
            task, "__pw_stack__", None
        ) or inspect.stack(0)
    
        parsed_st = _extract_stack_trace_information_from_stack(st, is_internal, title)
        self._api_zone.set(parsed_st)
        try:
            return await cb()
        except Exception as error:
>           raise rewrite_error(error, f"{parsed_st['apiName']}: {error}") from None
E           playwright._impl._errors.Error: Page.goto: net::ERR_CONNECTION_REFUSED at http://localhost:3099/graduation
E           Call log:
E             - navigating to "http://localhost:3099/graduation", waiting until "load"

/usr/local/lib/python3.12/dist-packages/playwright/_impl/_connection.py:558: Error
_________ TestResponseTimes.test_route_responds_in_time[/assumptions] __________

self = <test_response_times.TestResponseTimes object at 0x78f3c3e068d0>
page = <Page url='chrome-error://chromewebdata/'>
base_url = 'http://localhost:3099', route = '/assumptions'

    @pytest.mark.parametrize("route", ROUTES)
    def test_route_responds_in_time(self, page, base_url, route):
        """Route responds within MAX_RESPONSE_TIME seconds."""
        start = time.monotonic()
>       resp = page.goto(f"{base_url}{route}")
               ^^^^^^^^^^^^^^^^^^^^^^^^^^^^^^^

tests/playwright/test_response_times.py:51: 
_ _ _ _ _ _ _ _ _ _ _ _ _ _ _ _ _ _ _ _ _ _ _ _ _ _ _ _ _ _ _ _ _ _ _ _ _ _ _ _ 
/usr/local/lib/python3.12/dist-packages/playwright/sync_api/_generated.py:9019: in goto
    self._sync(
/usr/local/lib/python3.12/dist-packages/playwright/_impl/_page.py:556: in goto
    return await self._main_frame.goto(**locals_to_params(locals()))
           ^^^^^^^^^^^^^^^^^^^^^^^^^^^^^^^^^^^^^^^^^^^^^^^^^^^^^^^^^
/usr/local/lib/python3.12/dist-packages/playwright/_impl/_frame.py:153: in goto
    await self._channel.send(
/usr/local/lib/python3.12/dist-packages/playwright/_impl/_connection.py:69: in send
    return await self._connection.wrap_api_call(
_ _ _ _ _ _ _ _ _ _ _ _ _ _ _ _ _ _ _ _ _ _ _ _ _ _ _ _ _ _ _ _ _ _ _ _ _ _ _ _ 

self = <playwright._impl._connection.Connection object at 0x78f3c2093800>
cb = <function Channel.send.<locals>.<lambda> at 0x78f3c140c7c0>
is_internal = False, title = None

    async def wrap_api_call(
        self, cb: Callable[[], Any], is_internal: bool = False, title: str = None
    ) -> Any:
        if self._api_zone.get():
            return await cb()
        task = asyncio.current_task(self._loop)
        st: List[inspect.FrameInfo] = getattr(
            task, "__pw_stack__", None
        ) or inspect.stack(0)
    
        parsed_st = _extract_stack_trace_information_from_stack(st, is_internal, title)
        self._api_zone.set(parsed_st)
        try:
            return await cb()
        except Exception as error:
>           raise rewrite_error(error, f"{parsed_st['apiName']}: {error}") from None
E           playwright._impl._errors.Error: Page.goto: net::ERR_CONNECTION_REFUSED at http://localhost:3099/assumptions
E           Call log:
E             - navigating to "http://localhost:3099/assumptions", waiting until "load"

/usr/local/lib/python3.12/dist-packages/playwright/_impl/_connection.py:558: Error
___________ TestResponseTimes.test_route_responds_in_time[/project] ____________

self = <test_response_times.TestResponseTimes object at 0x78f3c3e06ab0>
page = <Page url='chrome-error://chromewebdata/'>
base_url = 'http://localhost:3099', route = '/project'

    @pytest.mark.parametrize("route", ROUTES)
    def test_route_responds_in_time(self, page, base_url, route):
        """Route responds within MAX_RESPONSE_TIME seconds."""
        start = time.monotonic()
>       resp = page.goto(f"{base_url}{route}")
               ^^^^^^^^^^^^^^^^^^^^^^^^^^^^^^^

tests/playwright/test_response_times.py:51: 
_ _ _ _ _ _ _ _ _ _ _ _ _ _ _ _ _ _ _ _ _ _ _ _ _ _ _ _ _ _ _ _ _ _ _ _ _ _ _ _ 
/usr/local/lib/python3.12/dist-packages/playwright/sync_api/_generated.py:9019: in goto
    self._sync(
/usr/local/lib/python3.12/dist-packages/playwright/_impl/_page.py:556: in goto
    return await self._main_frame.goto(**locals_to_params(locals()))
           ^^^^^^^^^^^^^^^^^^^^^^^^^^^^^^^^^^^^^^^^^^^^^^^^^^^^^^^^^
/usr/local/lib/python3.12/dist-packages/playwright/_impl/_frame.py:153: in goto
    await self._channel.send(
/usr/local/lib/python3.12/dist-packages/playwright/_impl/_connection.py:69: in send
    return await self._connection.wrap_api_call(
_ _ _ _ _ _ _ _ _ _ _ _ _ _ _ _ _ _ _ _ _ _ _ _ _ _ _ _ _ _ _ _ _ _ _ _ _ _ _ _ 

self = <playwright._impl._connection.Connection object at 0x78f3c2093800>
cb = <function Channel.send.<locals>.<lambda> at 0x78f3c1255a80>
is_internal = False, title = None

    async def wrap_api_call(
        self, cb: Callable[[], Any], is_internal: bool = False, title: str = None
    ) -> Any:
        if self._api_zone.get():
            return await cb()
        task = asyncio.current_task(self._loop)
        st: List[inspect.FrameInfo] = getattr(
            task, "__pw_stack__", None
        ) or inspect.stack(0)
    
        parsed_st = _extract_stack_trace_information_from_stack(st, is_internal, title)
        self._api_zone.set(parsed_st)
        try:
            return await cb()
        except Exception as error:
>           raise rewrite_error(error, f"{parsed_st['apiName']}: {error}") from None
E           playwright._impl._errors.Error: Page.goto: net::ERR_CONNECTION_REFUSED at http://localhost:3099/project
E           Call log:
E             - navigating to "http://localhost:3099/project", waiting until "load"

/usr/local/lib/python3.12/dist-packages/playwright/_impl/_connection.py:558: Error
__________ TestResponseTimes.test_route_responds_in_time[/directives] __________

self = <test_response_times.TestResponseTimes object at 0x78f3c3e06ba0>
page = <Page url='chrome-error://chromewebdata/'>
base_url = 'http://localhost:3099', route = '/directives'

    @pytest.mark.parametrize("route", ROUTES)
    def test_route_responds_in_time(self, page, base_url, route):
        """Route responds within MAX_RESPONSE_TIME seconds."""
        start = time.monotonic()
>       resp = page.goto(f"{base_url}{route}")
               ^^^^^^^^^^^^^^^^^^^^^^^^^^^^^^^

tests/playwright/test_response_times.py:51: 
_ _ _ _ _ _ _ _ _ _ _ _ _ _ _ _ _ _ _ _ _ _ _ _ _ _ _ _ _ _ _ _ _ _ _ _ _ _ _ _ 
/usr/local/lib/python3.12/dist-packages/playwright/sync_api/_generated.py:9019: in goto
    self._sync(
/usr/local/lib/python3.12/dist-packages/playwright/_impl/_page.py:556: in goto
    return await self._main_frame.goto(**locals_to_params(locals()))
           ^^^^^^^^^^^^^^^^^^^^^^^^^^^^^^^^^^^^^^^^^^^^^^^^^^^^^^^^^
/usr/local/lib/python3.12/dist-packages/playwright/_impl/_frame.py:153: in goto
    await self._channel.send(
/usr/local/lib/python3.12/dist-packages/playwright/_impl/_connection.py:69: in send
    return await self._connection.wrap_api_call(
_ _ _ _ _ _ _ _ _ _ _ _ _ _ _ _ _ _ _ _ _ _ _ _ _ _ _ _ _ _ _ _ _ _ _ _ _ _ _ _ 

self = <playwright._impl._connection.Connection object at 0x78f3c2093800>
cb = <function Channel.send.<locals>.<lambda> at 0x78f3c0dc1760>
is_internal = False, title = None

    async def wrap_api_call(
        self, cb: Callable[[], Any], is_internal: bool = False, title: str = None
    ) -> Any:
        if self._api_zone.get():
            return await cb()
        task = asyncio.current_task(self._loop)
        st: List[inspect.FrameInfo] = getattr(
            task, "__pw_stack__", None
        ) or inspect.stack(0)
    
        parsed_st = _extract_stack_trace_information_from_stack(st, is_internal, title)
        self._api_zone.set(parsed_st)
        try:
            return await cb()
        except Exception as error:
>           raise rewrite_error(error, f"{parsed_st['apiName']}: {error}") from None
E           playwright._impl._errors.Error: Page.goto: net::ERR_CONNECTION_REFUSED at http://localhost:3099/directives
E           Call log:
E             - navigating to "http://localhost:3099/directives", waiting until "load"

/usr/local/lib/python3.12/dist-packages/playwright/_impl/_connection.py:558: Error
____________ TestResponseTimes.test_route_responds_in_time[/health] ____________

self = <test_response_times.TestResponseTimes object at 0x78f3c3e06750>
page = <Page url='chrome-error://chromewebdata/'>
base_url = 'http://localhost:3099', route = '/health'

    @pytest.mark.parametrize("route", ROUTES)
    def test_route_responds_in_time(self, page, base_url, route):
        """Route responds within MAX_RESPONSE_TIME seconds."""
        start = time.monotonic()
>       resp = page.goto(f"{base_url}{route}")
               ^^^^^^^^^^^^^^^^^^^^^^^^^^^^^^^

tests/playwright/test_response_times.py:51: 
_ _ _ _ _ _ _ _ _ _ _ _ _ _ _ _ _ _ _ _ _ _ _ _ _ _ _ _ _ _ _ _ _ _ _ _ _ _ _ _ 
/usr/local/lib/python3.12/dist-packages/playwright/sync_api/_generated.py:9019: in goto
    self._sync(
/usr/local/lib/python3.12/dist-packages/playwright/_impl/_page.py:556: in goto
    return await self._main_frame.goto(**locals_to_params(locals()))
           ^^^^^^^^^^^^^^^^^^^^^^^^^^^^^^^^^^^^^^^^^^^^^^^^^^^^^^^^^
/usr/local/lib/python3.12/dist-packages/playwright/_impl/_frame.py:153: in goto
    await self._channel.send(
/usr/local/lib/python3.12/dist-packages/playwright/_impl/_connection.py:69: in send
    return await self._connection.wrap_api_call(
_ _ _ _ _ _ _ _ _ _ _ _ _ _ _ _ _ _ _ _ _ _ _ _ _ _ _ _ _ _ _ _ _ _ _ _ _ _ _ _ 

self = <playwright._impl._connection.Connection object at 0x78f3c2093800>
cb = <function Channel.send.<locals>.<lambda> at 0x78f3c115af20>
is_internal = False, title = None

    async def wrap_api_call(
        self, cb: Callable[[], Any], is_internal: bool = False, title: str = None
    ) -> Any:
        if self._api_zone.get():
            return await cb()
        task = asyncio.current_task(self._loop)
        st: List[inspect.FrameInfo] = getattr(
            task, "__pw_stack__", None
        ) or inspect.stack(0)
    
        parsed_st = _extract_stack_trace_information_from_stack(st, is_internal, title)
        self._api_zone.set(parsed_st)
        try:
            return await cb()
        except Exception as error:
>           raise rewrite_error(error, f"{parsed_st['apiName']}: {error}") from None
E           playwright._impl._errors.Error: Page.goto: net::ERR_CONNECTION_REFUSED at http://localhost:3099/health
E           Call log:
E             - navigating to "http://localhost:3099/health", waiting until "load"

/usr/local/lib/python3.12/dist-packages/playwright/_impl/_connection.py:558: Error
____________________ TestReviewPage.test_review_page_loads _____________________

self = <test_review.TestReviewPage object at 0x78f3c3e05af0>
page = <Page url='chrome-error://chromewebdata/'>

    def test_review_page_loads(self, page: Page):
        # Find a task ID from the tasks page to test review
>       page.goto(_url("/tasks"))

tests/playwright/test_review.py:21: 
_ _ _ _ _ _ _ _ _ _ _ _ _ _ _ _ _ _ _ _ _ _ _ _ _ _ _ _ _ _ _ _ _ _ _ _ _ _ _ _ 
/usr/local/lib/python3.12/dist-packages/playwright/sync_api/_generated.py:9019: in goto
    self._sync(
/usr/local/lib/python3.12/dist-packages/playwright/_impl/_page.py:556: in goto
    return await self._main_frame.goto(**locals_to_params(locals()))
           ^^^^^^^^^^^^^^^^^^^^^^^^^^^^^^^^^^^^^^^^^^^^^^^^^^^^^^^^^
/usr/local/lib/python3.12/dist-packages/playwright/_impl/_frame.py:153: in goto
    await self._channel.send(
/usr/local/lib/python3.12/dist-packages/playwright/_impl/_connection.py:69: in send
    return await self._connection.wrap_api_call(
_ _ _ _ _ _ _ _ _ _ _ _ _ _ _ _ _ _ _ _ _ _ _ _ _ _ _ _ _ _ _ _ _ _ _ _ _ _ _ _ 

self = <playwright._impl._connection.Connection object at 0x78f3c2093800>
cb = <function Channel.send.<locals>.<lambda> at 0x78f3c115b560>
is_internal = False, title = None

    async def wrap_api_call(
        self, cb: Callable[[], Any], is_internal: bool = False, title: str = None
    ) -> Any:
        if self._api_zone.get():
            return await cb()
        task = asyncio.current_task(self._loop)
        st: List[inspect.FrameInfo] = getattr(
            task, "__pw_stack__", None
        ) or inspect.stack(0)
    
        parsed_st = _extract_stack_trace_information_from_stack(st, is_internal, title)
        self._api_zone.set(parsed_st)
        try:
            return await cb()
        except Exception as error:
>           raise rewrite_error(error, f"{parsed_st['apiName']}: {error}") from None
E           playwright._impl._errors.Error: Page.goto: net::ERR_CONNECTION_REFUSED at http://localhost:3099/tasks
E           Call log:
E             - navigating to "http://localhost:3099/tasks", waiting until "load"

/usr/local/lib/python3.12/dist-packages/playwright/_impl/_connection.py:558: Error
__________________ TestReviewPage.test_review_has_ac_section ___________________

self = <test_review.TestReviewPage object at 0x78f3c2222930>
page = <Page url='chrome-error://chromewebdata/'>

    def test_review_has_ac_section(self, page: Page):
>       page.goto(_url("/tasks"))

tests/playwright/test_review.py:31: 
_ _ _ _ _ _ _ _ _ _ _ _ _ _ _ _ _ _ _ _ _ _ _ _ _ _ _ _ _ _ _ _ _ _ _ _ _ _ _ _ 
/usr/local/lib/python3.12/dist-packages/playwright/sync_api/_generated.py:9019: in goto
    self._sync(
/usr/local/lib/python3.12/dist-packages/playwright/_impl/_page.py:556: in goto
    return await self._main_frame.goto(**locals_to_params(locals()))
           ^^^^^^^^^^^^^^^^^^^^^^^^^^^^^^^^^^^^^^^^^^^^^^^^^^^^^^^^^
/usr/local/lib/python3.12/dist-packages/playwright/_impl/_frame.py:153: in goto
    await self._channel.send(
/usr/local/lib/python3.12/dist-packages/playwright/_impl/_connection.py:69: in send
    return await self._connection.wrap_api_call(
_ _ _ _ _ _ _ _ _ _ _ _ _ _ _ _ _ _ _ _ _ _ _ _ _ _ _ _ _ _ _ _ _ _ _ _ _ _ _ _ 

self = <playwright._impl._connection.Connection object at 0x78f3c2093800>
cb = <function Channel.send.<locals>.<lambda> at 0x78f3c059c360>
is_internal = False, title = None

    async def wrap_api_call(
        self, cb: Callable[[], Any], is_internal: bool = False, title: str = None
    ) -> Any:
        if self._api_zone.get():
            return await cb()
        task = asyncio.current_task(self._loop)
        st: List[inspect.FrameInfo] = getattr(
            task, "__pw_stack__", None
        ) or inspect.stack(0)
    
        parsed_st = _extract_stack_trace_information_from_stack(st, is_internal, title)
        self._api_zone.set(parsed_st)
        try:
            return await cb()
        except Exception as error:
>           raise rewrite_error(error, f"{parsed_st['apiName']}: {error}") from None
E           playwright._impl._errors.Error: Page.goto: net::ERR_CONNECTION_REFUSED at http://localhost:3099/tasks
E           Call log:
E             - navigating to "http://localhost:3099/tasks", waiting until "load"

/usr/local/lib/python3.12/dist-packages/playwright/_impl/_connection.py:558: Error
__________________ TestReviewAcs.test_review_acs_returns_html __________________

self = <test_review_acs.TestReviewAcs object at 0x78f3c2221670>
page = <Page url='chrome-error://chromewebdata/'>

    def test_review_acs_returns_html(self, page: Page):
>       task_id = _find_task_id(page)
                  ^^^^^^^^^^^^^^^^^^^

tests/playwright/test_review_acs.py:30: 
_ _ _ _ _ _ _ _ _ _ _ _ _ _ _ _ _ _ _ _ _ _ _ _ _ _ _ _ _ _ _ _ _ _ _ _ _ _ _ _ 
tests/playwright/test_review_acs.py:19: in _find_task_id
    page.goto(_url("/tasks"))
/usr/local/lib/python3.12/dist-packages/playwright/sync_api/_generated.py:9019: in goto
    self._sync(
/usr/local/lib/python3.12/dist-packages/playwright/_impl/_page.py:556: in goto
    return await self._main_frame.goto(**locals_to_params(locals()))
           ^^^^^^^^^^^^^^^^^^^^^^^^^^^^^^^^^^^^^^^^^^^^^^^^^^^^^^^^^
/usr/local/lib/python3.12/dist-packages/playwright/_impl/_frame.py:153: in goto
    await self._channel.send(
/usr/local/lib/python3.12/dist-packages/playwright/_impl/_connection.py:69: in send
    return await self._connection.wrap_api_call(
_ _ _ _ _ _ _ _ _ _ _ _ _ _ _ _ _ _ _ _ _ _ _ _ _ _ _ _ _ _ _ _ _ _ _ _ _ _ _ _ 

self = <playwright._impl._connection.Connection object at 0x78f3c2093800>
cb = <function Channel.send.<locals>.<lambda> at 0x78f3c059d580>
is_internal = False, title = None

    async def wrap_api_call(
        self, cb: Callable[[], Any], is_internal: bool = False, title: str = None
    ) -> Any:
        if self._api_zone.get():
            return await cb()
        task = asyncio.current_task(self._loop)
        st: List[inspect.FrameInfo] = getattr(
            task, "__pw_stack__", None
        ) or inspect.stack(0)
    
        parsed_st = _extract_stack_trace_information_from_stack(st, is_internal, title)
        self._api_zone.set(parsed_st)
        try:
            return await cb()
        except Exception as error:
>           raise rewrite_error(error, f"{parsed_st['apiName']}: {error}") from None
E           playwright._impl._errors.Error: Page.goto: net::ERR_CONNECTION_REFUSED at http://localhost:3099/tasks
E           Call log:
E             - navigating to "http://localhost:3099/tasks", waiting until "load"

/usr/local/lib/python3.12/dist-packages/playwright/_impl/_connection.py:558: Error
___________________ TestReviewAcs.test_review_acs_invalid_id ___________________

self = <test_review_acs.TestReviewAcs object at 0x78f3c2220110>
page = <Page url='chrome-error://chromewebdata/'>

    def test_review_acs_invalid_id(self, page: Page):
>       resp = page.goto(_url("/review/INVALID/acs"))
               ^^^^^^^^^^^^^^^^^^^^^^^^^^^^^^^^^^^^^^

tests/playwright/test_review_acs.py:35: 
_ _ _ _ _ _ _ _ _ _ _ _ _ _ _ _ _ _ _ _ _ _ _ _ _ _ _ _ _ _ _ _ _ _ _ _ _ _ _ _ 
/usr/local/lib/python3.12/dist-packages/playwright/sync_api/_generated.py:9019: in goto
    self._sync(
/usr/local/lib/python3.12/dist-packages/playwright/_impl/_page.py:556: in goto
    return await self._main_frame.goto(**locals_to_params(locals()))
           ^^^^^^^^^^^^^^^^^^^^^^^^^^^^^^^^^^^^^^^^^^^^^^^^^^^^^^^^^
/usr/local/lib/python3.12/dist-packages/playwright/_impl/_frame.py:153: in goto
    await self._channel.send(
/usr/local/lib/python3.12/dist-packages/playwright/_impl/_connection.py:69: in send
    return await self._connection.wrap_api_call(
_ _ _ _ _ _ _ _ _ _ _ _ _ _ _ _ _ _ _ _ _ _ _ _ _ _ _ _ _ _ _ _ _ _ _ _ _ _ _ _ 

self = <playwright._impl._connection.Connection object at 0x78f3c2093800>
cb = <function Channel.send.<locals>.<lambda> at 0x78f3c11d3c40>
is_internal = False, title = None

    async def wrap_api_call(
        self, cb: Callable[[], Any], is_internal: bool = False, title: str = None
    ) -> Any:
        if self._api_zone.get():
            return await cb()
        task = asyncio.current_task(self._loop)
        st: List[inspect.FrameInfo] = getattr(
            task, "__pw_stack__", None
        ) or inspect.stack(0)
    
        parsed_st = _extract_stack_trace_information_from_stack(st, is_internal, title)
        self._api_zone.set(parsed_st)
        try:
            return await cb()
        except Exception as error:
>           raise rewrite_error(error, f"{parsed_st['apiName']}: {error}") from None
E           playwright._impl._errors.Error: Page.goto: net::ERR_CONNECTION_REFUSED at http://localhost:3099/review/INVALID/acs
E           Call log:
E             - navigating to "http://localhost:3099/review/INVALID/acs", waiting until "load"

/usr/local/lib/python3.12/dist-packages/playwright/_impl/_connection.py:558: Error
________________ TestReviewAcs.test_review_acs_nonexistent_task ________________

self = <test_review_acs.TestReviewAcs object at 0x78f3c3e05970>
page = <Page url='chrome-error://chromewebdata/'>

    def test_review_acs_nonexistent_task(self, page: Page):
>       resp = page.goto(_url("/review/T-99999/acs"))
               ^^^^^^^^^^^^^^^^^^^^^^^^^^^^^^^^^^^^^^

tests/playwright/test_review_acs.py:39: 
_ _ _ _ _ _ _ _ _ _ _ _ _ _ _ _ _ _ _ _ _ _ _ _ _ _ _ _ _ _ _ _ _ _ _ _ _ _ _ _ 
/usr/local/lib/python3.12/dist-packages/playwright/sync_api/_generated.py:9019: in goto
    self._sync(
/usr/local/lib/python3.12/dist-packages/playwright/_impl/_page.py:556: in goto
    return await self._main_frame.goto(**locals_to_params(locals()))
           ^^^^^^^^^^^^^^^^^^^^^^^^^^^^^^^^^^^^^^^^^^^^^^^^^^^^^^^^^
/usr/local/lib/python3.12/dist-packages/playwright/_impl/_frame.py:153: in goto
    await self._channel.send(
/usr/local/lib/python3.12/dist-packages/playwright/_impl/_connection.py:69: in send
    return await self._connection.wrap_api_call(
_ _ _ _ _ _ _ _ _ _ _ _ _ _ _ _ _ _ _ _ _ _ _ _ _ _ _ _ _ _ _ _ _ _ _ _ _ _ _ _ 

self = <playwright._impl._connection.Connection object at 0x78f3c2093800>
cb = <function Channel.send.<locals>.<lambda> at 0x78f3c105b880>
is_internal = False, title = None

    async def wrap_api_call(
        self, cb: Callable[[], Any], is_internal: bool = False, title: str = None
    ) -> Any:
        if self._api_zone.get():
            return await cb()
        task = asyncio.current_task(self._loop)
        st: List[inspect.FrameInfo] = getattr(
            task, "__pw_stack__", None
        ) or inspect.stack(0)
    
        parsed_st = _extract_stack_trace_information_from_stack(st, is_internal, title)
        self._api_zone.set(parsed_st)
        try:
            return await cb()
        except Exception as error:
>           raise rewrite_error(error, f"{parsed_st['apiName']}: {error}") from None
E           playwright._impl._errors.Error: Page.goto: net::ERR_CONNECTION_REFUSED at http://localhost:3099/review/T-99999/acs
E           Call log:
E             - navigating to "http://localhost:3099/review/T-99999/acs", waiting until "load"

/usr/local/lib/python3.12/dist-packages/playwright/_impl/_connection.py:558: Error
__________________ test_review_acs_fragment_has_target_reset ___________________

page = <Page url='chrome-error://chromewebdata/'>
base_url = 'http://localhost:3099'

    def test_review_acs_fragment_has_target_reset(page, base_url):
        """The polled fragment must include a wrapping hx-target='#content' div."""
        # Use any task that has Human ACs; T-2112 is current and has 1 Human AC.
>       page.goto(f"{base_url}/review/T-2112", wait_until="domcontentloaded")

tests/playwright/test_review_acs_navigation.py:25: 
_ _ _ _ _ _ _ _ _ _ _ _ _ _ _ _ _ _ _ _ _ _ _ _ _ _ _ _ _ _ _ _ _ _ _ _ _ _ _ _ 
/usr/local/lib/python3.12/dist-packages/playwright/sync_api/_generated.py:9019: in goto
    self._sync(
/usr/local/lib/python3.12/dist-packages/playwright/_impl/_page.py:556: in goto
    return await self._main_frame.goto(**locals_to_params(locals()))
           ^^^^^^^^^^^^^^^^^^^^^^^^^^^^^^^^^^^^^^^^^^^^^^^^^^^^^^^^^
/usr/local/lib/python3.12/dist-packages/playwright/_impl/_frame.py:153: in goto
    await self._channel.send(
/usr/local/lib/python3.12/dist-packages/playwright/_impl/_connection.py:69: in send
    return await self._connection.wrap_api_call(
_ _ _ _ _ _ _ _ _ _ _ _ _ _ _ _ _ _ _ _ _ _ _ _ _ _ _ _ _ _ _ _ _ _ _ _ _ _ _ _ 

self = <playwright._impl._connection.Connection object at 0x78f3c2093800>
cb = <function Channel.send.<locals>.<lambda> at 0x78f3c1058c20>
is_internal = False, title = None

    async def wrap_api_call(
        self, cb: Callable[[], Any], is_internal: bool = False, title: str = None
    ) -> Any:
        if self._api_zone.get():
            return await cb()
        task = asyncio.current_task(self._loop)
        st: List[inspect.FrameInfo] = getattr(
            task, "__pw_stack__", None
        ) or inspect.stack(0)
    
        parsed_st = _extract_stack_trace_information_from_stack(st, is_internal, title)
        self._api_zone.set(parsed_st)
        try:
            return await cb()
        except Exception as error:
>           raise rewrite_error(error, f"{parsed_st['apiName']}: {error}") from None
E           playwright._impl._errors.Error: Page.goto: net::ERR_CONNECTION_REFUSED at http://localhost:3099/review/T-2112
E           Call log:
E             - navigating to "http://localhost:3099/review/T-2112", waiting until "domcontentloaded"

/usr/local/lib/python3.12/dist-packages/playwright/_impl/_connection.py:558: Error
_________________ test_review_acs_no_bounce_back_after_polling _________________

page = <Page url='chrome-error://chromewebdata/'>
base_url = 'http://localhost:3099'

    def test_review_acs_no_bounce_back_after_polling(page, base_url):
        """After 6s (one polling cycle + safety) on /review/T-XXX, URL stays put."""
>       page.goto(f"{base_url}/review/T-2112", wait_until="networkidle")

tests/playwright/test_review_acs_navigation.py:39: 
_ _ _ _ _ _ _ _ _ _ _ _ _ _ _ _ _ _ _ _ _ _ _ _ _ _ _ _ _ _ _ _ _ _ _ _ _ _ _ _ 
/usr/local/lib/python3.12/dist-packages/playwright/sync_api/_generated.py:9019: in goto
    self._sync(
/usr/local/lib/python3.12/dist-packages/playwright/_impl/_page.py:556: in goto
    return await self._main_frame.goto(**locals_to_params(locals()))
           ^^^^^^^^^^^^^^^^^^^^^^^^^^^^^^^^^^^^^^^^^^^^^^^^^^^^^^^^^
/usr/local/lib/python3.12/dist-packages/playwright/_impl/_frame.py:153: in goto
    await self._channel.send(
/usr/local/lib/python3.12/dist-packages/playwright/_impl/_connection.py:69: in send
    return await self._connection.wrap_api_call(
_ _ _ _ _ _ _ _ _ _ _ _ _ _ _ _ _ _ _ _ _ _ _ _ _ _ _ _ _ _ _ _ _ _ _ _ _ _ _ _ 

self = <playwright._impl._connection.Connection object at 0x78f3c2093800>
cb = <function Channel.send.<locals>.<lambda> at 0x78f3c12ff880>
is_internal = False, title = None

    async def wrap_api_call(
        self, cb: Callable[[], Any], is_internal: bool = False, title: str = None
    ) -> Any:
        if self._api_zone.get():
            return await cb()
        task = asyncio.current_task(self._loop)
        st: List[inspect.FrameInfo] = getattr(
            task, "__pw_stack__", None
        ) or inspect.stack(0)
    
        parsed_st = _extract_stack_trace_information_from_stack(st, is_internal, title)
        self._api_zone.set(parsed_st)
        try:
            return await cb()
        except Exception as error:
>           raise rewrite_error(error, f"{parsed_st['apiName']}: {error}") from None
E           playwright._impl._errors.Error: Page.goto: net::ERR_CONNECTION_REFUSED at http://localhost:3099/review/T-2112
E           Call log:
E             - navigating to "http://localhost:3099/review/T-2112", waiting until "networkidle"

/usr/local/lib/python3.12/dist-packages/playwright/_impl/_connection.py:558: Error
___ TestReviewCodeInline.test_prose_code_is_not_inline_block_at_mobile_width ___

self = <test_review_code_inline.TestReviewCodeInline object at 0x78f3c2223290>
page = <Page url='chrome-error://chromewebdata/'>

    def test_prose_code_is_not_inline_block_at_mobile_width(self, page: Page):
        """The Pico `code { display: inline-block }` rule must be overridden
        for any <code> inside a prose context on /review/<task>."""
        page.set_viewport_size({"width": 360, "height": 800})
        # T-1762 has a backticked path in Evidence — perfect canary
>       page.goto(_url("/review/T-1762"))

tests/playwright/test_review_code_inline.py:50: 
_ _ _ _ _ _ _ _ _ _ _ _ _ _ _ _ _ _ _ _ _ _ _ _ _ _ _ _ _ _ _ _ _ _ _ _ _ _ _ _ 
/usr/local/lib/python3.12/dist-packages/playwright/sync_api/_generated.py:9019: in goto
    self._sync(
/usr/local/lib/python3.12/dist-packages/playwright/_impl/_page.py:556: in goto
    return await self._main_frame.goto(**locals_to_params(locals()))
           ^^^^^^^^^^^^^^^^^^^^^^^^^^^^^^^^^^^^^^^^^^^^^^^^^^^^^^^^^
/usr/local/lib/python3.12/dist-packages/playwright/_impl/_frame.py:153: in goto
    await self._channel.send(
/usr/local/lib/python3.12/dist-packages/playwright/_impl/_connection.py:69: in send
    return await self._connection.wrap_api_call(
_ _ _ _ _ _ _ _ _ _ _ _ _ _ _ _ _ _ _ _ _ _ _ _ _ _ _ _ _ _ _ _ _ _ _ _ _ _ _ _ 

self = <playwright._impl._connection.Connection object at 0x78f3c2093800>
cb = <function Channel.send.<locals>.<lambda> at 0x78f3c133d300>
is_internal = False, title = None

    async def wrap_api_call(
        self, cb: Callable[[], Any], is_internal: bool = False, title: str = None
    ) -> Any:
        if self._api_zone.get():
            return await cb()
        task = asyncio.current_task(self._loop)
        st: List[inspect.FrameInfo] = getattr(
            task, "__pw_stack__", None
        ) or inspect.stack(0)
    
        parsed_st = _extract_stack_trace_information_from_stack(st, is_internal, title)
        self._api_zone.set(parsed_st)
        try:
            return await cb()
        except Exception as error:
>           raise rewrite_error(error, f"{parsed_st['apiName']}: {error}") from None
E           playwright._impl._errors.Error: Page.goto: net::ERR_CONNECTION_REFUSED at http://localhost:3099/review/T-1762
E           Call log:
E             - navigating to "http://localhost:3099/review/T-1762", waiting until "load"

/usr/local/lib/python3.12/dist-packages/playwright/_impl/_connection.py:558: Error
__ TestReviewCodeInline.test_path_link_does_not_overflow_body_at_mobile_width __

self = <test_review_code_inline.TestReviewCodeInline object at 0x78f3c22235f0>
page = <Page url='chrome-error://chromewebdata/'>

    def test_path_link_does_not_overflow_body_at_mobile_width(self, page: Page):
        """Defensive: even with display:inline restored, the link must
        not overflow the body — that would force horizontal scrolling."""
        page.set_viewport_size({"width": 320, "height": 700})
>       page.goto(_url("/review/T-1762"))

tests/playwright/test_review_code_inline.py:84: 
_ _ _ _ _ _ _ _ _ _ _ _ _ _ _ _ _ _ _ _ _ _ _ _ _ _ _ _ _ _ _ _ _ _ _ _ _ _ _ _ 
/usr/local/lib/python3.12/dist-packages/playwright/sync_api/_generated.py:9019: in goto
    self._sync(
/usr/local/lib/python3.12/dist-packages/playwright/_impl/_page.py:556: in goto
    return await self._main_frame.goto(**locals_to_params(locals()))
           ^^^^^^^^^^^^^^^^^^^^^^^^^^^^^^^^^^^^^^^^^^^^^^^^^^^^^^^^^
/usr/local/lib/python3.12/dist-packages/playwright/_impl/_frame.py:153: in goto
    await self._channel.send(
/usr/local/lib/python3.12/dist-packages/playwright/_impl/_connection.py:69: in send
    return await self._connection.wrap_api_call(
_ _ _ _ _ _ _ _ _ _ _ _ _ _ _ _ _ _ _ _ _ _ _ _ _ _ _ _ _ _ _ _ _ _ _ _ _ _ _ _ 

self = <playwright._impl._connection.Connection object at 0x78f3c2093800>
cb = <function Channel.send.<locals>.<lambda> at 0x78f3c133e660>
is_internal = False, title = None

    async def wrap_api_call(
        self, cb: Callable[[], Any], is_internal: bool = False, title: str = None
    ) -> Any:
        if self._api_zone.get():
            return await cb()
        task = asyncio.current_task(self._loop)
        st: List[inspect.FrameInfo] = getattr(
            task, "__pw_stack__", None
        ) or inspect.stack(0)
    
        parsed_st = _extract_stack_trace_information_from_stack(st, is_internal, title)
        self._api_zone.set(parsed_st)
        try:
            return await cb()
        except Exception as error:
>           raise rewrite_error(error, f"{parsed_st['apiName']}: {error}") from None
E           playwright._impl._errors.Error: Page.goto: net::ERR_CONNECTION_REFUSED at http://localhost:3099/review/T-1762
E           Call log:
E             - navigating to "http://localhost:3099/review/T-1762", waiting until "load"

/usr/local/lib/python3.12/dist-packages/playwright/_impl/_connection.py:558: Error
_ TestReviewCodeInline.test_source_file_viewer_still_renders_syntax_highlighted _

self = <test_review_code_inline.TestReviewCodeInline object at 0x78f3c2223950>
page = <Page url='chrome-error://chromewebdata/'>

    def test_source_file_viewer_still_renders_syntax_highlighted(self, page: Page):
        """The override targets prose contexts. `<pre><code>` source-file
        view (T-1764) must still render with its block layout intact —
        Pygments token spans break otherwise."""
        page.set_viewport_size({"width": 360, "height": 800})
>       page.goto(_url("/file/lib/task_pair_acd.sh"))

tests/playwright/test_review_code_inline.py:115: 
_ _ _ _ _ _ _ _ _ _ _ _ _ _ _ _ _ _ _ _ _ _ _ _ _ _ _ _ _ _ _ _ _ _ _ _ _ _ _ _ 
/usr/local/lib/python3.12/dist-packages/playwright/sync_api/_generated.py:9019: in goto
    self._sync(
/usr/local/lib/python3.12/dist-packages/playwright/_impl/_page.py:556: in goto
    return await self._main_frame.goto(**locals_to_params(locals()))
           ^^^^^^^^^^^^^^^^^^^^^^^^^^^^^^^^^^^^^^^^^^^^^^^^^^^^^^^^^
/usr/local/lib/python3.12/dist-packages/playwright/_impl/_frame.py:153: in goto
    await self._channel.send(
/usr/local/lib/python3.12/dist-packages/playwright/_impl/_connection.py:69: in send
    return await self._connection.wrap_api_call(
_ _ _ _ _ _ _ _ _ _ _ _ _ _ _ _ _ _ _ _ _ _ _ _ _ _ _ _ _ _ _ _ _ _ _ _ _ _ _ _ 

self = <playwright._impl._connection.Connection object at 0x78f3c2093800>
cb = <function Channel.send.<locals>.<lambda> at 0x78f3c105ab60>
is_internal = False, title = None

    async def wrap_api_call(
        self, cb: Callable[[], Any], is_internal: bool = False, title: str = None
    ) -> Any:
        if self._api_zone.get():
            return await cb()
        task = asyncio.current_task(self._loop)
        st: List[inspect.FrameInfo] = getattr(
            task, "__pw_stack__", None
        ) or inspect.stack(0)
    
        parsed_st = _extract_stack_trace_information_from_stack(st, is_internal, title)
        self._api_zone.set(parsed_st)
        try:
            return await cb()
        except Exception as error:
>           raise rewrite_error(error, f"{parsed_st['apiName']}: {error}") from None
E           playwright._impl._errors.Error: Page.goto: net::ERR_CONNECTION_REFUSED at http://localhost:3099/file/lib/task_pair_acd.sh
E           Call log:
E             - navigating to "http://localhost:3099/file/lib/task_pair_acd.sh", waiting until "load"

/usr/local/lib/python3.12/dist-packages/playwright/_impl/_connection.py:558: Error
___ TestReviewCodeInline.test_no_regression_on_t1575_backticked_url_styling ____

self = <test_review_code_inline.TestReviewCodeInline object at 0x78f3c2223ce0>
page = <Page url='chrome-error://chromewebdata/'>

    def test_no_regression_on_t1575_backticked_url_styling(self, page: Page):
        """T-1575's a > code rule (link colour visible across code box)
        is independent of T-1765's code wrapping override — both must
        coexist. Verifies backticked URLs still render as clickable
        coloured boxes if any are present on the review page."""
        page.set_viewport_size({"width": 360, "height": 800})
>       page.goto(_url("/review/T-1762"))

tests/playwright/test_review_code_inline.py:145: 
_ _ _ _ _ _ _ _ _ _ _ _ _ _ _ _ _ _ _ _ _ _ _ _ _ _ _ _ _ _ _ _ _ _ _ _ _ _ _ _ 
/usr/local/lib/python3.12/dist-packages/playwright/sync_api/_generated.py:9019: in goto
    self._sync(
/usr/local/lib/python3.12/dist-packages/playwright/_impl/_page.py:556: in goto
    return await self._main_frame.goto(**locals_to_params(locals()))
           ^^^^^^^^^^^^^^^^^^^^^^^^^^^^^^^^^^^^^^^^^^^^^^^^^^^^^^^^^
/usr/local/lib/python3.12/dist-packages/playwright/_impl/_frame.py:153: in goto
    await self._channel.send(
/usr/local/lib/python3.12/dist-packages/playwright/_impl/_connection.py:69: in send
    return await self._connection.wrap_api_call(
_ _ _ _ _ _ _ _ _ _ _ _ _ _ _ _ _ _ _ _ _ _ _ _ _ _ _ _ _ _ _ _ _ _ _ _ _ _ _ _ 

self = <playwright._impl._connection.Connection object at 0x78f3c2093800>
cb = <function Channel.send.<locals>.<lambda> at 0x78f3c113a660>
is_internal = False, title = None

    async def wrap_api_call(
        self, cb: Callable[[], Any], is_internal: bool = False, title: str = None
    ) -> Any:
        if self._api_zone.get():
            return await cb()
        task = asyncio.current_task(self._loop)
        st: List[inspect.FrameInfo] = getattr(
            task, "__pw_stack__", None
        ) or inspect.stack(0)
    
        parsed_st = _extract_stack_trace_information_from_stack(st, is_internal, title)
        self._api_zone.set(parsed_st)
        try:
            return await cb()
        except Exception as error:
>           raise rewrite_error(error, f"{parsed_st['apiName']}: {error}") from None
E           playwright._impl._errors.Error: Page.goto: net::ERR_CONNECTION_REFUSED at http://localhost:3099/review/T-1762
E           Call log:
E             - navigating to "http://localhost:3099/review/T-1762", waiting until "load"

/usr/local/lib/python3.12/dist-packages/playwright/_impl/_connection.py:558: Error
__________ test_polling_endpoint_no_complete_button_on_completed_task __________

page = <Page url='about:blank'>, base_url = 'http://localhost:3099'

    def test_polling_endpoint_no_complete_button_on_completed_task(page, base_url):
        """The exact T-2081 contract: GET /review/<id>/acs on a completed task
        must not re-render the Complete Task button."""
>       resp = page.request.get(f"{base_url}/review/{COMPLETED_TASK_ID}/acs")
               ^^^^^^^^^^^^^^^^^^^^^^^^^^^^^^^^^^^^^^^^^^^^^^^^^^^^^^^^^^^^^^

tests/playwright/test_review_complete_render_race.py:41: 
_ _ _ _ _ _ _ _ _ _ _ _ _ _ _ _ _ _ _ _ _ _ _ _ _ _ _ _ _ _ _ _ _ _ _ _ _ _ _ _ 
/usr/local/lib/python3.12/dist-packages/playwright/sync_api/_generated.py:18446: in get
    self._sync(
/usr/local/lib/python3.12/dist-packages/playwright/_impl/_fetch.py:193: in get
    return await self.fetch(
/usr/local/lib/python3.12/dist-packages/playwright/_impl/_fetch.py:319: in fetch
    return await self._inner_fetch(
/usr/local/lib/python3.12/dist-packages/playwright/_impl/_fetch.py:410: in _inner_fetch
    response = await self._channel.send(
/usr/local/lib/python3.12/dist-packages/playwright/_impl/_connection.py:69: in send
    return await self._connection.wrap_api_call(
_ _ _ _ _ _ _ _ _ _ _ _ _ _ _ _ _ _ _ _ _ _ _ _ _ _ _ _ _ _ _ _ _ _ _ _ _ _ _ _ 

self = <playwright._impl._connection.Connection object at 0x78f3c2093800>
cb = <function Channel.send.<locals>.<lambda> at 0x78f3c1138f40>
is_internal = False, title = None

    async def wrap_api_call(
        self, cb: Callable[[], Any], is_internal: bool = False, title: str = None
    ) -> Any:
        if self._api_zone.get():
            return await cb()
        task = asyncio.current_task(self._loop)
        st: List[inspect.FrameInfo] = getattr(
            task, "__pw_stack__", None
        ) or inspect.stack(0)
    
        parsed_st = _extract_stack_trace_information_from_stack(st, is_internal, title)
        self._api_zone.set(parsed_st)
        try:
            return await cb()
        except Exception as error:
>           raise rewrite_error(error, f"{parsed_st['apiName']}: {error}") from None
E           playwright._impl._errors.Error: APIRequestContext.get: connect ECONNREFUSED 127.0.0.1:3099
E           Call log:
E             - → GET http://localhost:3099/review/T-2079/acs
E               - user-agent: Mozilla/5.0 (X11; Linux x86_64) AppleWebKit/537.36 (KHTML, like Gecko) HeadlessChrome/140.0.7339.16 Safari/537.36
E               - accept: */*
E               - accept-encoding: gzip,deflate,br

/usr/local/lib/python3.12/dist-packages/playwright/_impl/_connection.py:558: Error
_____________ test_polling_endpoint_renders_task_completed_marker ______________

page = <Page url='about:blank'>, base_url = 'http://localhost:3099'

    def test_polling_endpoint_renders_task_completed_marker(page, base_url):
        """Symmetric positive guard: the new `task_completed` branch must render the
        "✓ Task completed" panel so the human sees the completion state instead of
        an empty container."""
>       resp = page.request.get(f"{base_url}/review/{COMPLETED_TASK_ID}/acs")
               ^^^^^^^^^^^^^^^^^^^^^^^^^^^^^^^^^^^^^^^^^^^^^^^^^^^^^^^^^^^^^^

tests/playwright/test_review_complete_render_race.py:61: 
_ _ _ _ _ _ _ _ _ _ _ _ _ _ _ _ _ _ _ _ _ _ _ _ _ _ _ _ _ _ _ _ _ _ _ _ _ _ _ _ 
/usr/local/lib/python3.12/dist-packages/playwright/sync_api/_generated.py:18446: in get
    self._sync(
/usr/local/lib/python3.12/dist-packages/playwright/_impl/_fetch.py:193: in get
    return await self.fetch(
/usr/local/lib/python3.12/dist-packages/playwright/_impl/_fetch.py:319: in fetch
    return await self._inner_fetch(
/usr/local/lib/python3.12/dist-packages/playwright/_impl/_fetch.py:410: in _inner_fetch
    response = await self._channel.send(
/usr/local/lib/python3.12/dist-packages/playwright/_impl/_connection.py:69: in send
    return await self._connection.wrap_api_call(
_ _ _ _ _ _ _ _ _ _ _ _ _ _ _ _ _ _ _ _ _ _ _ _ _ _ _ _ _ _ _ _ _ _ _ _ _ _ _ _ 

self = <playwright._impl._connection.Connection object at 0x78f3c2093800>
cb = <function Channel.send.<locals>.<lambda> at 0x78f3c0e52200>
is_internal = False, title = None

    async def wrap_api_call(
        self, cb: Callable[[], Any], is_internal: bool = False, title: str = None
    ) -> Any:
        if self._api_zone.get():
            return await cb()
        task = asyncio.current_task(self._loop)
        st: List[inspect.FrameInfo] = getattr(
            task, "__pw_stack__", None
        ) or inspect.stack(0)
    
        parsed_st = _extract_stack_trace_information_from_stack(st, is_internal, title)
        self._api_zone.set(parsed_st)
        try:
            return await cb()
        except Exception as error:
>           raise rewrite_error(error, f"{parsed_st['apiName']}: {error}") from None
E           playwright._impl._errors.Error: APIRequestContext.get: connect ECONNREFUSED 127.0.0.1:3099
E           Call log:
E             - → GET http://localhost:3099/review/T-2079/acs
E               - user-agent: Mozilla/5.0 (X11; Linux x86_64) AppleWebKit/537.36 (KHTML, like Gecko) HeadlessChrome/140.0.7339.16 Safari/537.36
E               - accept: */*
E               - accept-encoding: gzip,deflate,br

/usr/local/lib/python3.12/dist-packages/playwright/_impl/_connection.py:558: Error
______________ TestReviewCsrf.test_review_page_loads_csrf_script _______________

self = <test_review_csrf.TestReviewCsrf object at 0x78f3c2238fe0>
page = <Page url='chrome-error://chromewebdata/'>

    def test_review_page_loads_csrf_script(self, page: Page):
        """The csrf-htmx.js script tag must be present in /review/<id>."""
>       task_id = _find_reviewable_task(page)
                  ^^^^^^^^^^^^^^^^^^^^^^^^^^^

tests/playwright/test_review_csrf.py:43: 
_ _ _ _ _ _ _ _ _ _ _ _ _ _ _ _ _ _ _ _ _ _ _ _ _ _ _ _ _ _ _ _ _ _ _ _ _ _ _ _ 
tests/playwright/test_review_csrf.py:28: in _find_reviewable_task
    page.goto(_url("/approvals"))
/usr/local/lib/python3.12/dist-packages/playwright/sync_api/_generated.py:9019: in goto
    self._sync(
/usr/local/lib/python3.12/dist-packages/playwright/_impl/_page.py:556: in goto
    return await self._main_frame.goto(**locals_to_params(locals()))
           ^^^^^^^^^^^^^^^^^^^^^^^^^^^^^^^^^^^^^^^^^^^^^^^^^^^^^^^^^
/usr/local/lib/python3.12/dist-packages/playwright/_impl/_frame.py:153: in goto
    await self._channel.send(
/usr/local/lib/python3.12/dist-packages/playwright/_impl/_connection.py:69: in send
    return await self._connection.wrap_api_call(
_ _ _ _ _ _ _ _ _ _ _ _ _ _ _ _ _ _ _ _ _ _ _ _ _ _ _ _ _ _ _ _ _ _ _ _ _ _ _ _ 

self = <playwright._impl._connection.Connection object at 0x78f3c2093800>
cb = <function Channel.send.<locals>.<lambda> at 0x78f3c113b100>
is_internal = False, title = None

    async def wrap_api_call(
        self, cb: Callable[[], Any], is_internal: bool = False, title: str = None
    ) -> Any:
        if self._api_zone.get():
            return await cb()
        task = asyncio.current_task(self._loop)
        st: List[inspect.FrameInfo] = getattr(
            task, "__pw_stack__", None
        ) or inspect.stack(0)
    
        parsed_st = _extract_stack_trace_information_from_stack(st, is_internal, title)
        self._api_zone.set(parsed_st)
        try:
            return await cb()
        except Exception as error:
>           raise rewrite_error(error, f"{parsed_st['apiName']}: {error}") from None
E           playwright._impl._errors.Error: Page.goto: net::ERR_CONNECTION_REFUSED at http://localhost:3099/approvals
E           Call log:
E             - navigating to "http://localhost:3099/approvals", waiting until "load"

/usr/local/lib/python3.12/dist-packages/playwright/_impl/_connection.py:558: Error
________________ TestReviewCsrf.test_review_page_has_csrf_meta _________________

self = <test_review_csrf.TestReviewCsrf object at 0x78f3c2239370>
page = <Page url='chrome-error://chromewebdata/'>

    def test_review_page_has_csrf_meta(self, page: Page):
        """The csrf-token meta tag must be present so the listener can read it."""
>       task_id = _find_reviewable_task(page)
                  ^^^^^^^^^^^^^^^^^^^^^^^^^^^

tests/playwright/test_review_csrf.py:54: 
_ _ _ _ _ _ _ _ _ _ _ _ _ _ _ _ _ _ _ _ _ _ _ _ _ _ _ _ _ _ _ _ _ _ _ _ _ _ _ _ 
tests/playwright/test_review_csrf.py:28: in _find_reviewable_task
    page.goto(_url("/approvals"))
/usr/local/lib/python3.12/dist-packages/playwright/sync_api/_generated.py:9019: in goto
    self._sync(
/usr/local/lib/python3.12/dist-packages/playwright/_impl/_page.py:556: in goto
    return await self._main_frame.goto(**locals_to_params(locals()))
           ^^^^^^^^^^^^^^^^^^^^^^^^^^^^^^^^^^^^^^^^^^^^^^^^^^^^^^^^^
/usr/local/lib/python3.12/dist-packages/playwright/_impl/_frame.py:153: in goto
    await self._channel.send(
/usr/local/lib/python3.12/dist-packages/playwright/_impl/_connection.py:69: in send
    return await self._connection.wrap_api_call(
_ _ _ _ _ _ _ _ _ _ _ _ _ _ _ _ _ _ _ _ _ _ _ _ _ _ _ _ _ _ _ _ _ _ _ _ _ _ _ _ 

self = <playwright._impl._connection.Connection object at 0x78f3c2093800>
cb = <function Channel.send.<locals>.<lambda> at 0x78f3c100dda0>
is_internal = False, title = None

    async def wrap_api_call(
        self, cb: Callable[[], Any], is_internal: bool = False, title: str = None
    ) -> Any:
        if self._api_zone.get():
            return await cb()
        task = asyncio.current_task(self._loop)
        st: List[inspect.FrameInfo] = getattr(
            task, "__pw_stack__", None
        ) or inspect.stack(0)
    
        parsed_st = _extract_stack_trace_information_from_stack(st, is_internal, title)
        self._api_zone.set(parsed_st)
        try:
            return await cb()
        except Exception as error:
>           raise rewrite_error(error, f"{parsed_st['apiName']}: {error}") from None
E           playwright._impl._errors.Error: Page.goto: net::ERR_CONNECTION_REFUSED at http://localhost:3099/approvals
E           Call log:
E             - navigating to "http://localhost:3099/approvals", waiting until "load"

/usr/local/lib/python3.12/dist-packages/playwright/_impl/_connection.py:558: Error
____________________ TestReviewCsrf.test_toggle_ac_not_403 _____________________

self = <test_review_csrf.TestReviewCsrf object at 0x78f3c2223a40>
page = <Page url='chrome-error://chromewebdata/'>

    def test_toggle_ac_not_403(self, page: Page):
        """Ticking a Human AC must not 403 — the CSRF header must be sent."""
>       task_id = _find_reviewable_task(page)
                  ^^^^^^^^^^^^^^^^^^^^^^^^^^^

tests/playwright/test_review_csrf.py:64: 
_ _ _ _ _ _ _ _ _ _ _ _ _ _ _ _ _ _ _ _ _ _ _ _ _ _ _ _ _ _ _ _ _ _ _ _ _ _ _ _ 
tests/playwright/test_review_csrf.py:28: in _find_reviewable_task
    page.goto(_url("/approvals"))
/usr/local/lib/python3.12/dist-packages/playwright/sync_api/_generated.py:9019: in goto
    self._sync(
/usr/local/lib/python3.12/dist-packages/playwright/_impl/_page.py:556: in goto
    return await self._main_frame.goto(**locals_to_params(locals()))
           ^^^^^^^^^^^^^^^^^^^^^^^^^^^^^^^^^^^^^^^^^^^^^^^^^^^^^^^^^
/usr/local/lib/python3.12/dist-packages/playwright/_impl/_frame.py:153: in goto
    await self._channel.send(
/usr/local/lib/python3.12/dist-packages/playwright/_impl/_connection.py:69: in send
    return await self._connection.wrap_api_call(
_ _ _ _ _ _ _ _ _ _ _ _ _ _ _ _ _ _ _ _ _ _ _ _ _ _ _ _ _ _ _ _ _ _ _ _ _ _ _ _ 

self = <playwright._impl._connection.Connection object at 0x78f3c2093800>
cb = <function Channel.send.<locals>.<lambda> at 0x78f3c0e53c40>
is_internal = False, title = None

    async def wrap_api_call(
        self, cb: Callable[[], Any], is_internal: bool = False, title: str = None
    ) -> Any:
        if self._api_zone.get():
            return await cb()
        task = asyncio.current_task(self._loop)
        st: List[inspect.FrameInfo] = getattr(
            task, "__pw_stack__", None
        ) or inspect.stack(0)
    
        parsed_st = _extract_stack_trace_information_from_stack(st, is_internal, title)
        self._api_zone.set(parsed_st)
        try:
            return await cb()
        except Exception as error:
>           raise rewrite_error(error, f"{parsed_st['apiName']}: {error}") from None
E           playwright._impl._errors.Error: Page.goto: net::ERR_CONNECTION_REFUSED at http://localhost:3099/approvals
E           Call log:
E             - navigating to "http://localhost:3099/approvals", waiting until "load"

/usr/local/lib/python3.12/dist-packages/playwright/_impl/_connection.py:558: Error
____________________ test_review_no_unresolvable_hx_target _____________________

self = <urllib.request.HTTPHandler object at 0x78f3c22009e0>
http_class = <class 'http.client.HTTPConnection'>
req = <urllib.request.Request object at 0x78f3b9c17da0>, http_conn_args = {}
host = 'localhost:3099'
h = <http.client.HTTPConnection object at 0x78f3b9c14c50>
headers = {'Connection': 'close', 'Host': 'localhost:3099', 'User-Agent': 'Python-urllib/3.12'}

    def do_open(self, http_class, req, **http_conn_args):
        """Return an HTTPResponse object for the request, using http_class.
    
        http_class must implement the HTTPConnection API from http.client.
        """
        host = req.host
        if not host:
            raise URLError('no host given')
    
        # will parse host:port
        h = http_class(host, timeout=req.timeout, **http_conn_args)
        h.set_debuglevel(self._debuglevel)
    
        headers = dict(req.unredirected_hdrs)
        headers.update({k: v for k, v in req.headers.items()
                        if k not in headers})
    
        # TODO(jhylton): Should this be redesigned to handle
        # persistent connections?
    
        # We want to make an HTTP/1.1 request, but the addinfourl
        # class isn't prepared to deal with a persistent connection.
        # It will try to read all remaining data from the socket,
        # which will block while the server waits for the next request.
        # So make sure the connection gets closed after the (only)
        # request.
        headers["Connection"] = "close"
        headers = {name.title(): val for name, val in headers.items()}
    
        if req._tunnel_host:
            tunnel_headers = {}
            proxy_auth_hdr = "Proxy-Authorization"
            if proxy_auth_hdr in headers:
                tunnel_headers[proxy_auth_hdr] = headers[proxy_auth_hdr]
                # Proxy-Authorization should not be sent to origin
                # server.
                del headers[proxy_auth_hdr]
            h.set_tunnel(req._tunnel_host, headers=tunnel_headers)
    
        try:
            try:
>               h.request(req.get_method(), req.selector, req.data, headers,
                          encode_chunked=req.has_header('Transfer-encoding'))

/usr/lib/python3.12/urllib/request.py:1344: 
_ _ _ _ _ _ _ _ _ _ _ _ _ _ _ _ _ _ _ _ _ _ _ _ _ _ _ _ _ _ _ _ _ _ _ _ _ _ _ _ 
/usr/lib/python3.12/http/client.py:1365: in request
    self._send_request(method, url, body, headers, encode_chunked)
/usr/lib/python3.12/http/client.py:1411: in _send_request
    self.endheaders(body, encode_chunked=encode_chunked)
/usr/lib/python3.12/http/client.py:1360: in endheaders
    self._send_output(message_body, encode_chunked=encode_chunked)
/usr/lib/python3.12/http/client.py:1120: in _send_output
    self.send(msg)
/usr/lib/python3.12/http/client.py:1064: in send
    self.connect()
/usr/lib/python3.12/http/client.py:1030: in connect
    self.sock = self._create_connection(
/usr/lib/python3.12/socket.py:852: in create_connection
    raise exceptions[0]
_ _ _ _ _ _ _ _ _ _ _ _ _ _ _ _ _ _ _ _ _ _ _ _ _ _ _ _ _ _ _ _ _ _ _ _ _ _ _ _ 

address = ('localhost', 3099), timeout = 15, source_address = None

    def create_connection(address, timeout=_GLOBAL_DEFAULT_TIMEOUT,
                          source_address=None, *, all_errors=False):
        """Connect to *address* and return the socket object.
    
        Convenience function.  Connect to *address* (a 2-tuple ``(host,
        port)``) and return the socket object.  Passing the optional
        *timeout* parameter will set the timeout on the socket instance
        before attempting to connect.  If no *timeout* is supplied, the
        global default timeout setting returned by :func:`getdefaulttimeout`
        is used.  If *source_address* is set it must be a tuple of (host, port)
        for the socket to bind as a source address before making the connection.
        A host of '' or port 0 tells the OS to use the default. When a connection
        cannot be created, raises the last error if *all_errors* is False,
        and an ExceptionGroup of all errors if *all_errors* is True.
        """
    
        host, port = address
        exceptions = []
        for res in getaddrinfo(host, port, 0, SOCK_STREAM):
            af, socktype, proto, canonname, sa = res
            sock = None
            try:
                sock = socket(af, socktype, proto)
                if timeout is not _GLOBAL_DEFAULT_TIMEOUT:
                    sock.settimeout(timeout)
                if source_address:
                    sock.bind(source_address)
>               sock.connect(sa)
E               ConnectionRefusedError: [Errno 111] Connection refused

/usr/lib/python3.12/socket.py:837: ConnectionRefusedError

During handling of the above exception, another exception occurred:

page = <Page url='about:blank'>

    def test_review_no_unresolvable_hx_target(page):
        """Every interactive descendant on /review/<id> has a resolvable hx-target.
    
        Uses ``page`` only to keep the test inside the Playwright collection (one
        server-startup shared across all tests in the file). The actual analysis
        is static DOM via bs4 — no browser interaction needed; the contract is a
        property of the rendered HTML, independent of JS execution.
        """
>       html = _fetch_review_html(SAMPLE_TASK_ID)
               ^^^^^^^^^^^^^^^^^^^^^^^^^^^^^^^^^^

tests/playwright/test_review_htmx_target_inheritance.py:101: 
_ _ _ _ _ _ _ _ _ _ _ _ _ _ _ _ _ _ _ _ _ _ _ _ _ _ _ _ _ _ _ _ _ _ _ _ _ _ _ _ 
tests/playwright/test_review_htmx_target_inheritance.py:54: in _fetch_review_html
    with urllib.request.urlopen(f"{TEST_URL}/review/{task_id}", timeout=15) as r:
         ^^^^^^^^^^^^^^^^^^^^^^^^^^^^^^^^^^^^^^^^^^^^^^^^^^^^^^^^^^^^^^^^^^
/usr/lib/python3.12/urllib/request.py:215: in urlopen
    return opener.open(url, data, timeout)
           ^^^^^^^^^^^^^^^^^^^^^^^^^^^^^^^
/usr/lib/python3.12/urllib/request.py:515: in open
    response = self._open(req, data)
               ^^^^^^^^^^^^^^^^^^^^^
/usr/lib/python3.12/urllib/request.py:532: in _open
    result = self._call_chain(self.handle_open, protocol, protocol +
/usr/lib/python3.12/urllib/request.py:492: in _call_chain
    result = func(*args)
             ^^^^^^^^^^^
/usr/lib/python3.12/urllib/request.py:1373: in http_open
    return self.do_open(http.client.HTTPConnection, req)
           ^^^^^^^^^^^^^^^^^^^^^^^^^^^^^^^^^^^^^^^^^^^^^
_ _ _ _ _ _ _ _ _ _ _ _ _ _ _ _ _ _ _ _ _ _ _ _ _ _ _ _ _ _ _ _ _ _ _ _ _ _ _ _ 

self = <urllib.request.HTTPHandler object at 0x78f3c22009e0>
http_class = <class 'http.client.HTTPConnection'>
req = <urllib.request.Request object at 0x78f3b9c17da0>, http_conn_args = {}
host = 'localhost:3099'
h = <http.client.HTTPConnection object at 0x78f3b9c14c50>
headers = {'Connection': 'close', 'Host': 'localhost:3099', 'User-Agent': 'Python-urllib/3.12'}

    def do_open(self, http_class, req, **http_conn_args):
        """Return an HTTPResponse object for the request, using http_class.
    
        http_class must implement the HTTPConnection API from http.client.
        """
        host = req.host
        if not host:
            raise URLError('no host given')
    
        # will parse host:port
        h = http_class(host, timeout=req.timeout, **http_conn_args)
        h.set_debuglevel(self._debuglevel)
    
        headers = dict(req.unredirected_hdrs)
        headers.update({k: v for k, v in req.headers.items()
                        if k not in headers})
    
        # TODO(jhylton): Should this be redesigned to handle
        # persistent connections?
    
        # We want to make an HTTP/1.1 request, but the addinfourl
        # class isn't prepared to deal with a persistent connection.
        # It will try to read all remaining data from the socket,
        # which will block while the server waits for the next request.
        # So make sure the connection gets closed after the (only)
        # request.
        headers["Connection"] = "close"
        headers = {name.title(): val for name, val in headers.items()}
    
        if req._tunnel_host:
            tunnel_headers = {}
            proxy_auth_hdr = "Proxy-Authorization"
            if proxy_auth_hdr in headers:
                tunnel_headers[proxy_auth_hdr] = headers[proxy_auth_hdr]
                # Proxy-Authorization should not be sent to origin
                # server.
                del headers[proxy_auth_hdr]
            h.set_tunnel(req._tunnel_host, headers=tunnel_headers)
    
        try:
            try:
                h.request(req.get_method(), req.selector, req.data, headers,
                          encode_chunked=req.has_header('Transfer-encoding'))
            except OSError as err: # timeout error
>               raise URLError(err)
E               urllib.error.URLError: <urlopen error [Errno 111] Connection refused>

/usr/lib/python3.12/urllib/request.py:1347: URLError
________________ test_ac_check_form_has_explicit_hx_target_this ________________

self = <urllib.request.HTTPHandler object at 0x78f3c22009e0>
http_class = <class 'http.client.HTTPConnection'>
req = <urllib.request.Request object at 0x78f3c0f31550>, http_conn_args = {}
host = 'localhost:3099'
h = <http.client.HTTPConnection object at 0x78f3c0f89670>
headers = {'Connection': 'close', 'Host': 'localhost:3099', 'User-Agent': 'Python-urllib/3.12'}

    def do_open(self, http_class, req, **http_conn_args):
        """Return an HTTPResponse object for the request, using http_class.
    
        http_class must implement the HTTPConnection API from http.client.
        """
        host = req.host
        if not host:
            raise URLError('no host given')
    
        # will parse host:port
        h = http_class(host, timeout=req.timeout, **http_conn_args)
        h.set_debuglevel(self._debuglevel)
    
        headers = dict(req.unredirected_hdrs)
        headers.update({k: v for k, v in req.headers.items()
                        if k not in headers})
    
        # TODO(jhylton): Should this be redesigned to handle
        # persistent connections?
    
        # We want to make an HTTP/1.1 request, but the addinfourl
        # class isn't prepared to deal with a persistent connection.
        # It will try to read all remaining data from the socket,
        # which will block while the server waits for the next request.
        # So make sure the connection gets closed after the (only)
        # request.
        headers["Connection"] = "close"
        headers = {name.title(): val for name, val in headers.items()}
    
        if req._tunnel_host:
            tunnel_headers = {}
            proxy_auth_hdr = "Proxy-Authorization"
            if proxy_auth_hdr in headers:
                tunnel_headers[proxy_auth_hdr] = headers[proxy_auth_hdr]
                # Proxy-Authorization should not be sent to origin
                # server.
                del headers[proxy_auth_hdr]
            h.set_tunnel(req._tunnel_host, headers=tunnel_headers)
    
        try:
            try:
>               h.request(req.get_method(), req.selector, req.data, headers,
                          encode_chunked=req.has_header('Transfer-encoding'))

/usr/lib/python3.12/urllib/request.py:1344: 
_ _ _ _ _ _ _ _ _ _ _ _ _ _ _ _ _ _ _ _ _ _ _ _ _ _ _ _ _ _ _ _ _ _ _ _ _ _ _ _ 
/usr/lib/python3.12/http/client.py:1365: in request
    self._send_request(method, url, body, headers, encode_chunked)
/usr/lib/python3.12/http/client.py:1411: in _send_request
    self.endheaders(body, encode_chunked=encode_chunked)
/usr/lib/python3.12/http/client.py:1360: in endheaders
    self._send_output(message_body, encode_chunked=encode_chunked)
/usr/lib/python3.12/http/client.py:1120: in _send_output
    self.send(msg)
/usr/lib/python3.12/http/client.py:1064: in send
    self.connect()
/usr/lib/python3.12/http/client.py:1030: in connect
    self.sock = self._create_connection(
/usr/lib/python3.12/socket.py:852: in create_connection
    raise exceptions[0]
_ _ _ _ _ _ _ _ _ _ _ _ _ _ _ _ _ _ _ _ _ _ _ _ _ _ _ _ _ _ _ _ _ _ _ _ _ _ _ _ 

address = ('localhost', 3099), timeout = 15, source_address = None

    def create_connection(address, timeout=_GLOBAL_DEFAULT_TIMEOUT,
                          source_address=None, *, all_errors=False):
        """Connect to *address* and return the socket object.
    
        Convenience function.  Connect to *address* (a 2-tuple ``(host,
        port)``) and return the socket object.  Passing the optional
        *timeout* parameter will set the timeout on the socket instance
        before attempting to connect.  If no *timeout* is supplied, the
        global default timeout setting returned by :func:`getdefaulttimeout`
        is used.  If *source_address* is set it must be a tuple of (host, port)
        for the socket to bind as a source address before making the connection.
        A host of '' or port 0 tells the OS to use the default. When a connection
        cannot be created, raises the last error if *all_errors* is False,
        and an ExceptionGroup of all errors if *all_errors* is True.
        """
    
        host, port = address
        exceptions = []
        for res in getaddrinfo(host, port, 0, SOCK_STREAM):
            af, socktype, proto, canonname, sa = res
            sock = None
            try:
                sock = socket(af, socktype, proto)
                if timeout is not _GLOBAL_DEFAULT_TIMEOUT:
                    sock.settimeout(timeout)
                if source_address:
                    sock.bind(source_address)
>               sock.connect(sa)
E               ConnectionRefusedError: [Errno 111] Connection refused

/usr/lib/python3.12/socket.py:837: ConnectionRefusedError

During handling of the above exception, another exception occurred:

page = <Page url='about:blank'>

    def test_ac_check_form_has_explicit_hx_target_this(page):
        """The ac-check form must carry ``hx-target=\"this\"`` — T-2134 fix pin.
    
        A regression here is the exact bug T-2134 fixed: the form inherits the
        wrapper-reset ``#content`` (T-2114), htmx fires targetError on the
        standalone review.html template (no #content), and the checkbox click
        silently no-ops. This complements test_review_no_unresolvable_hx_target
        above: the former proves the form has its own override; this one names
        the contract explicitly so a maintainer reading the test sees exactly
        what shape protects against L-450.
        """
>       html = _fetch_review_html(SAMPLE_TASK_ID)
               ^^^^^^^^^^^^^^^^^^^^^^^^^^^^^^^^^^

tests/playwright/test_review_htmx_target_inheritance.py:162: 
_ _ _ _ _ _ _ _ _ _ _ _ _ _ _ _ _ _ _ _ _ _ _ _ _ _ _ _ _ _ _ _ _ _ _ _ _ _ _ _ 
tests/playwright/test_review_htmx_target_inheritance.py:54: in _fetch_review_html
    with urllib.request.urlopen(f"{TEST_URL}/review/{task_id}", timeout=15) as r:
         ^^^^^^^^^^^^^^^^^^^^^^^^^^^^^^^^^^^^^^^^^^^^^^^^^^^^^^^^^^^^^^^^^^
/usr/lib/python3.12/urllib/request.py:215: in urlopen
    return opener.open(url, data, timeout)
           ^^^^^^^^^^^^^^^^^^^^^^^^^^^^^^^
/usr/lib/python3.12/urllib/request.py:515: in open
    response = self._open(req, data)
               ^^^^^^^^^^^^^^^^^^^^^
/usr/lib/python3.12/urllib/request.py:532: in _open
    result = self._call_chain(self.handle_open, protocol, protocol +
/usr/lib/python3.12/urllib/request.py:492: in _call_chain
    result = func(*args)
             ^^^^^^^^^^^
/usr/lib/python3.12/urllib/request.py:1373: in http_open
    return self.do_open(http.client.HTTPConnection, req)
           ^^^^^^^^^^^^^^^^^^^^^^^^^^^^^^^^^^^^^^^^^^^^^
_ _ _ _ _ _ _ _ _ _ _ _ _ _ _ _ _ _ _ _ _ _ _ _ _ _ _ _ _ _ _ _ _ _ _ _ _ _ _ _ 

self = <urllib.request.HTTPHandler object at 0x78f3c22009e0>
http_class = <class 'http.client.HTTPConnection'>
req = <urllib.request.Request object at 0x78f3c0f31550>, http_conn_args = {}
host = 'localhost:3099'
h = <http.client.HTTPConnection object at 0x78f3c0f89670>
headers = {'Connection': 'close', 'Host': 'localhost:3099', 'User-Agent': 'Python-urllib/3.12'}

    def do_open(self, http_class, req, **http_conn_args):
        """Return an HTTPResponse object for the request, using http_class.
    
        http_class must implement the HTTPConnection API from http.client.
        """
        host = req.host
        if not host:
            raise URLError('no host given')
    
        # will parse host:port
        h = http_class(host, timeout=req.timeout, **http_conn_args)
        h.set_debuglevel(self._debuglevel)
    
        headers = dict(req.unredirected_hdrs)
        headers.update({k: v for k, v in req.headers.items()
                        if k not in headers})
    
        # TODO(jhylton): Should this be redesigned to handle
        # persistent connections?
    
        # We want to make an HTTP/1.1 request, but the addinfourl
        # class isn't prepared to deal with a persistent connection.
        # It will try to read all remaining data from the socket,
        # which will block while the server waits for the next request.
        # So make sure the connection gets closed after the (only)
        # request.
        headers["Connection"] = "close"
        headers = {name.title(): val for name, val in headers.items()}
    
        if req._tunnel_host:
            tunnel_headers = {}
            proxy_auth_hdr = "Proxy-Authorization"
            if proxy_auth_hdr in headers:
                tunnel_headers[proxy_auth_hdr] = headers[proxy_auth_hdr]
                # Proxy-Authorization should not be sent to origin
                # server.
                del headers[proxy_auth_hdr]
            h.set_tunnel(req._tunnel_host, headers=tunnel_headers)
    
        try:
            try:
                h.request(req.get_method(), req.selector, req.data, headers,
                          encode_chunked=req.has_header('Transfer-encoding'))
            except OSError as err: # timeout error
>               raise URLError(err)
E               urllib.error.URLError: <urlopen error [Errno 111] Connection refused>

/usr/lib/python3.12/urllib/request.py:1347: URLError
___ TestACCheckboxClickFlow.test_ac_checkbox_click_posts_to_toggle_endpoint ____

self = <test_review_interaction.TestACCheckboxClickFlow object at 0x78f3c2238bf0>
page = <Page url='chrome-error://chromewebdata/'>

    def test_ac_checkbox_click_posts_to_toggle_endpoint(self, page: Page):
>       task_id = _find_reviewable_task(page)
                  ^^^^^^^^^^^^^^^^^^^^^^^^^^^

tests/playwright/test_review_interaction.py:77: 
_ _ _ _ _ _ _ _ _ _ _ _ _ _ _ _ _ _ _ _ _ _ _ _ _ _ _ _ _ _ _ _ _ _ _ _ _ _ _ _ 
tests/playwright/test_review_interaction.py:36: in _find_reviewable_task
    page.goto(_url("/approvals"))
/usr/local/lib/python3.12/dist-packages/playwright/sync_api/_generated.py:9019: in goto
    self._sync(
/usr/local/lib/python3.12/dist-packages/playwright/_impl/_page.py:556: in goto
    return await self._main_frame.goto(**locals_to_params(locals()))
           ^^^^^^^^^^^^^^^^^^^^^^^^^^^^^^^^^^^^^^^^^^^^^^^^^^^^^^^^^
/usr/local/lib/python3.12/dist-packages/playwright/_impl/_frame.py:153: in goto
    await self._channel.send(
/usr/local/lib/python3.12/dist-packages/playwright/_impl/_connection.py:69: in send
    return await self._connection.wrap_api_call(
_ _ _ _ _ _ _ _ _ _ _ _ _ _ _ _ _ _ _ _ _ _ _ _ _ _ _ _ _ _ _ _ _ _ _ _ _ _ _ _ 

self = <playwright._impl._connection.Connection object at 0x78f3c2093800>
cb = <function Channel.send.<locals>.<lambda> at 0x78f3c0f75080>
is_internal = False, title = None

    async def wrap_api_call(
        self, cb: Callable[[], Any], is_internal: bool = False, title: str = None
    ) -> Any:
        if self._api_zone.get():
            return await cb()
        task = asyncio.current_task(self._loop)
        st: List[inspect.FrameInfo] = getattr(
            task, "__pw_stack__", None
        ) or inspect.stack(0)
    
        parsed_st = _extract_stack_trace_information_from_stack(st, is_internal, title)
        self._api_zone.set(parsed_st)
        try:
            return await cb()
        except Exception as error:
>           raise rewrite_error(error, f"{parsed_st['apiName']}: {error}") from None
E           playwright._impl._errors.Error: Page.goto: net::ERR_CONNECTION_REFUSED at http://localhost:3099/approvals
E           Call log:
E             - navigating to "http://localhost:3099/approvals", waiting until "load"

/usr/local/lib/python3.12/dist-packages/playwright/_impl/_connection.py:558: Error
________ TestInceptionDecideClickFlow.test_go_button_posts_decision_go _________

self = <test_review_interaction.TestInceptionDecideClickFlow object at 0x78f3c16ac980>
page = <Page url='chrome-error://chromewebdata/'>

    def test_go_button_posts_decision_go(self, page: Page):
>       captured = self._exercise_button(page, "go")
                   ^^^^^^^^^^^^^^^^^^^^^^^^^^^^^^^^^

tests/playwright/test_review_interaction.py:192: 
_ _ _ _ _ _ _ _ _ _ _ _ _ _ _ _ _ _ _ _ _ _ _ _ _ _ _ _ _ _ _ _ _ _ _ _ _ _ _ _ 
tests/playwright/test_review_interaction.py:183: in _exercise_button
    page.locator(f'button[name="decision"][value="{button_value}"]').first.click()
/usr/local/lib/python3.12/dist-packages/playwright/sync_api/_generated.py:15543: in click
    self._sync(
/usr/local/lib/python3.12/dist-packages/playwright/_impl/_locator.py:160: in click
    return await self._frame.click(self._selector, strict=True, **params)
           ^^^^^^^^^^^^^^^^^^^^^^^^^^^^^^^^^^^^^^^^^^^^^^^^^^^^^^^^^^^^^^
/usr/local/lib/python3.12/dist-packages/playwright/_impl/_frame.py:549: in click
    await self._channel.send("click", self._timeout, locals_to_params(locals()))
/usr/local/lib/python3.12/dist-packages/playwright/_impl/_connection.py:69: in send
    return await self._connection.wrap_api_call(
_ _ _ _ _ _ _ _ _ _ _ _ _ _ _ _ _ _ _ _ _ _ _ _ _ _ _ _ _ _ _ _ _ _ _ _ _ _ _ _ 

self = <playwright._impl._connection.Connection object at 0x78f3c2093800>
cb = <function Channel.send.<locals>.<lambda> at 0x78f3c0f77a60>
is_internal = False, title = None

    async def wrap_api_call(
        self, cb: Callable[[], Any], is_internal: bool = False, title: str = None
    ) -> Any:
        if self._api_zone.get():
            return await cb()
        task = asyncio.current_task(self._loop)
        st: List[inspect.FrameInfo] = getattr(
            task, "__pw_stack__", None
        ) or inspect.stack(0)
    
        parsed_st = _extract_stack_trace_information_from_stack(st, is_internal, title)
        self._api_zone.set(parsed_st)
        try:
            return await cb()
        except Exception as error:
>           raise rewrite_error(error, f"{parsed_st['apiName']}: {error}") from None
E           playwright._impl._errors.TimeoutError: Locator.click: Timeout 10000ms exceeded.
E           Call log:
E             - waiting for locator("button[name=\"decision\"][value=\"go\"]").first
E               - locator resolved to <button value="go" type="submit" name="decision" class="decide-btn decide-btn-go">GO</button>
E             - attempting click action
E               - waiting for element to be visible, enabled and stable
E               - element is visible, enabled and stable
E               - scrolling into view if needed
E               - done scrolling
E               - performing click action
E               - click action done
E               - waiting for scheduled navigations to finish

/usr/local/lib/python3.12/dist-packages/playwright/_impl/_connection.py:558: TimeoutError
______ TestInceptionDecideClickFlow.test_nogo_button_posts_decision_nogo _______

self = <test_review_interaction.TestInceptionDecideClickFlow object at 0x78f3c16acd10>
page = <Page url='chrome-error://chromewebdata/'>

    def test_nogo_button_posts_decision_nogo(self, page: Page):
>       captured = self._exercise_button(page, "no-go")
                   ^^^^^^^^^^^^^^^^^^^^^^^^^^^^^^^^^^^^

tests/playwright/test_review_interaction.py:203: 
_ _ _ _ _ _ _ _ _ _ _ _ _ _ _ _ _ _ _ _ _ _ _ _ _ _ _ _ _ _ _ _ _ _ _ _ _ _ _ _ 
tests/playwright/test_review_interaction.py:183: in _exercise_button
    page.locator(f'button[name="decision"][value="{button_value}"]').first.click()
/usr/local/lib/python3.12/dist-packages/playwright/sync_api/_generated.py:15543: in click
    self._sync(
/usr/local/lib/python3.12/dist-packages/playwright/_impl/_locator.py:160: in click
    return await self._frame.click(self._selector, strict=True, **params)
           ^^^^^^^^^^^^^^^^^^^^^^^^^^^^^^^^^^^^^^^^^^^^^^^^^^^^^^^^^^^^^^
/usr/local/lib/python3.12/dist-packages/playwright/_impl/_frame.py:549: in click
    await self._channel.send("click", self._timeout, locals_to_params(locals()))
/usr/local/lib/python3.12/dist-packages/playwright/_impl/_connection.py:69: in send
    return await self._connection.wrap_api_call(
_ _ _ _ _ _ _ _ _ _ _ _ _ _ _ _ _ _ _ _ _ _ _ _ _ _ _ _ _ _ _ _ _ _ _ _ _ _ _ _ 

self = <playwright._impl._connection.Connection object at 0x78f3c2093800>
cb = <function Channel.send.<locals>.<lambda> at 0x78f3c0e516c0>
is_internal = False, title = None

    async def wrap_api_call(
        self, cb: Callable[[], Any], is_internal: bool = False, title: str = None
    ) -> Any:
        if self._api_zone.get():
            return await cb()
        task = asyncio.current_task(self._loop)
        st: List[inspect.FrameInfo] = getattr(
            task, "__pw_stack__", None
        ) or inspect.stack(0)
    
        parsed_st = _extract_stack_trace_information_from_stack(st, is_internal, title)
        self._api_zone.set(parsed_st)
        try:
            return await cb()
        except Exception as error:
>           raise rewrite_error(error, f"{parsed_st['apiName']}: {error}") from None
E           playwright._impl._errors.TimeoutError: Locator.click: Timeout 10000ms exceeded.
E           Call log:
E             - waiting for locator("button[name=\"decision\"][value=\"no-go\"]").first
E               - locator resolved to <button type="submit" value="no-go" name="decision" class="decide-btn decide-btn-nogo">NO-GO</button>
E             - attempting click action
E               - waiting for element to be visible, enabled and stable
E               - element is visible, enabled and stable
E               - scrolling into view if needed
E               - done scrolling
E               - performing click action
E               - click action done
E               - waiting for scheduled navigations to finish

/usr/local/lib/python3.12/dist-packages/playwright/_impl/_connection.py:558: TimeoutError
_____ TestInceptionDecideClickFlow.test_defer_button_posts_decision_defer ______

self = <test_review_interaction.TestInceptionDecideClickFlow object at 0x78f3c16ad0a0>
page = <Page url='chrome-error://chromewebdata/'>

    def test_defer_button_posts_decision_defer(self, page: Page):
>       captured = self._exercise_button(page, "defer")
                   ^^^^^^^^^^^^^^^^^^^^^^^^^^^^^^^^^^^^

tests/playwright/test_review_interaction.py:207: 
_ _ _ _ _ _ _ _ _ _ _ _ _ _ _ _ _ _ _ _ _ _ _ _ _ _ _ _ _ _ _ _ _ _ _ _ _ _ _ _ 
tests/playwright/test_review_interaction.py:183: in _exercise_button
    page.locator(f'button[name="decision"][value="{button_value}"]').first.click()
/usr/local/lib/python3.12/dist-packages/playwright/sync_api/_generated.py:15543: in click
    self._sync(
/usr/local/lib/python3.12/dist-packages/playwright/_impl/_locator.py:160: in click
    return await self._frame.click(self._selector, strict=True, **params)
           ^^^^^^^^^^^^^^^^^^^^^^^^^^^^^^^^^^^^^^^^^^^^^^^^^^^^^^^^^^^^^^
/usr/local/lib/python3.12/dist-packages/playwright/_impl/_frame.py:549: in click
    await self._channel.send("click", self._timeout, locals_to_params(locals()))
/usr/local/lib/python3.12/dist-packages/playwright/_impl/_connection.py:69: in send
    return await self._connection.wrap_api_call(
_ _ _ _ _ _ _ _ _ _ _ _ _ _ _ _ _ _ _ _ _ _ _ _ _ _ _ _ _ _ _ _ _ _ _ _ _ _ _ _ 

self = <playwright._impl._connection.Connection object at 0x78f3c2093800>
cb = <function Channel.send.<locals>.<lambda> at 0x78f3c0e558a0>
is_internal = False, title = None

    async def wrap_api_call(
        self, cb: Callable[[], Any], is_internal: bool = False, title: str = None
    ) -> Any:
        if self._api_zone.get():
            return await cb()
        task = asyncio.current_task(self._loop)
        st: List[inspect.FrameInfo] = getattr(
            task, "__pw_stack__", None
        ) or inspect.stack(0)
    
        parsed_st = _extract_stack_trace_information_from_stack(st, is_internal, title)
        self._api_zone.set(parsed_st)
        try:
            return await cb()
        except Exception as error:
>           raise rewrite_error(error, f"{parsed_st['apiName']}: {error}") from None
E           playwright._impl._errors.TimeoutError: Locator.click: Timeout 10000ms exceeded.
E           Call log:
E             - waiting for locator("button[name=\"decision\"][value=\"defer\"]").first
E               - locator resolved to <button type="submit" value="defer" name="decision" class="decide-btn decide-btn-defer">DEFER</button>
E             - attempting click action
E               - waiting for element to be visible, enabled and stable
E               - element is visible, enabled and stable
E               - scrolling into view if needed
E               - done scrolling
E               - performing click action
E               - click action done
E               - waiting for scheduled navigations to finish

/usr/local/lib/python3.12/dist-packages/playwright/_impl/_connection.py:558: TimeoutError
__ TestBuildTaskCompleteFlow.test_complete_button_posts_to_complete_endpoint ___

self = <test_review_interaction.TestBuildTaskCompleteFlow object at 0x78f3c16ad4c0>
page = <Page url='chrome-error://chromewebdata/'>

    def test_complete_button_posts_to_complete_endpoint(self, page: Page):
        task_id = "T-9999"
        captured = {"url": None, "method": None}
    
        def _intercept(route: Route):
            req = route.request
            if "/api/task/" in req.url and "/complete" in req.url and req.method == "POST":
                captured["url"] = req.url
                captured["method"] = req.method
                route.fulfill(
                    status=200,
                    body='<div>ok</div>',
                    content_type="text/html",
                )
            else:
                route.continue_()
    
        page.route("**/*", _intercept)
        page.set_content(_complete_form_html(task_id))
    
>       page.locator('button.complete-btn').first.click()

tests/playwright/test_review_interaction.py:237: 
_ _ _ _ _ _ _ _ _ _ _ _ _ _ _ _ _ _ _ _ _ _ _ _ _ _ _ _ _ _ _ _ _ _ _ _ _ _ _ _ 
/usr/local/lib/python3.12/dist-packages/playwright/sync_api/_generated.py:15543: in click
    self._sync(
/usr/local/lib/python3.12/dist-packages/playwright/_impl/_locator.py:160: in click
    return await self._frame.click(self._selector, strict=True, **params)
           ^^^^^^^^^^^^^^^^^^^^^^^^^^^^^^^^^^^^^^^^^^^^^^^^^^^^^^^^^^^^^^
/usr/local/lib/python3.12/dist-packages/playwright/_impl/_frame.py:549: in click
    await self._channel.send("click", self._timeout, locals_to_params(locals()))
/usr/local/lib/python3.12/dist-packages/playwright/_impl/_connection.py:69: in send
    return await self._connection.wrap_api_call(
_ _ _ _ _ _ _ _ _ _ _ _ _ _ _ _ _ _ _ _ _ _ _ _ _ _ _ _ _ _ _ _ _ _ _ _ _ _ _ _ 

self = <playwright._impl._connection.Connection object at 0x78f3c2093800>
cb = <function Channel.send.<locals>.<lambda> at 0x78f3c0e556c0>
is_internal = False, title = None

    async def wrap_api_call(
        self, cb: Callable[[], Any], is_internal: bool = False, title: str = None
    ) -> Any:
        if self._api_zone.get():
            return await cb()
        task = asyncio.current_task(self._loop)
        st: List[inspect.FrameInfo] = getattr(
            task, "__pw_stack__", None
        ) or inspect.stack(0)
    
        parsed_st = _extract_stack_trace_information_from_stack(st, is_internal, title)
        self._api_zone.set(parsed_st)
        try:
            return await cb()
        except Exception as error:
>           raise rewrite_error(error, f"{parsed_st['apiName']}: {error}") from None
E           playwright._impl._errors.TimeoutError: Locator.click: Timeout 10000ms exceeded.
E           Call log:
E             - waiting for locator("button.complete-btn").first
E               - locator resolved to <button type="submit" class="complete-btn">Complete Task</button>
E             - attempting click action
E               - waiting for element to be visible, enabled and stable
E               - element is visible, enabled and stable
E               - scrolling into view if needed
E               - done scrolling
E               - performing click action
E               - click action done
E               - waiting for scheduled navigations to finish

/usr/local/lib/python3.12/dist-packages/playwright/_impl/_connection.py:558: TimeoutError
____________________ TestReviewPage.test_review_page_loads _____________________

self = <test_review_page.TestReviewPage object at 0x78f3c16ade80>
page = <Page url='chrome-error://chromewebdata/'>

    def test_review_page_loads(self, page: Page):
>       task_id = _find_reviewable_task(page)
                  ^^^^^^^^^^^^^^^^^^^^^^^^^^^

tests/playwright/test_review_page.py:32: 
_ _ _ _ _ _ _ _ _ _ _ _ _ _ _ _ _ _ _ _ _ _ _ _ _ _ _ _ _ _ _ _ _ _ _ _ _ _ _ _ 
tests/playwright/test_review_page.py:18: in _find_reviewable_task
    page.goto(_url("/approvals"))
/usr/local/lib/python3.12/dist-packages/playwright/sync_api/_generated.py:9019: in goto
    self._sync(
/usr/local/lib/python3.12/dist-packages/playwright/_impl/_page.py:556: in goto
    return await self._main_frame.goto(**locals_to_params(locals()))
           ^^^^^^^^^^^^^^^^^^^^^^^^^^^^^^^^^^^^^^^^^^^^^^^^^^^^^^^^^
/usr/local/lib/python3.12/dist-packages/playwright/_impl/_frame.py:153: in goto
    await self._channel.send(
/usr/local/lib/python3.12/dist-packages/playwright/_impl/_connection.py:69: in send
    return await self._connection.wrap_api_call(
_ _ _ _ _ _ _ _ _ _ _ _ _ _ _ _ _ _ _ _ _ _ _ _ _ _ _ _ _ _ _ _ _ _ _ _ _ _ _ _ 

self = <playwright._impl._connection.Connection object at 0x78f3c2093800>
cb = <function Channel.send.<locals>.<lambda> at 0x78f3c1255f80>
is_internal = False, title = None

    async def wrap_api_call(
        self, cb: Callable[[], Any], is_internal: bool = False, title: str = None
    ) -> Any:
        if self._api_zone.get():
            return await cb()
        task = asyncio.current_task(self._loop)
        st: List[inspect.FrameInfo] = getattr(
            task, "__pw_stack__", None
        ) or inspect.stack(0)
    
        parsed_st = _extract_stack_trace_information_from_stack(st, is_internal, title)
        self._api_zone.set(parsed_st)
        try:
            return await cb()
        except Exception as error:
>           raise rewrite_error(error, f"{parsed_st['apiName']}: {error}") from None
E           playwright._impl._errors.Error: Page.goto: net::ERR_CONNECTION_REFUSED at http://localhost:3099/approvals
E           Call log:
E             - navigating to "http://localhost:3099/approvals", waiting until "load"

/usr/local/lib/python3.12/dist-packages/playwright/_impl/_connection.py:558: Error
____________________ TestReviewPage.test_review_has_heading ____________________

self = <test_review_page.TestReviewPage object at 0x78f3c16ae1e0>
page = <Page url='chrome-error://chromewebdata/'>

    def test_review_has_heading(self, page: Page):
>       task_id = _find_reviewable_task(page)
                  ^^^^^^^^^^^^^^^^^^^^^^^^^^^

tests/playwright/test_review_page.py:37: 
_ _ _ _ _ _ _ _ _ _ _ _ _ _ _ _ _ _ _ _ _ _ _ _ _ _ _ _ _ _ _ _ _ _ _ _ _ _ _ _ 
tests/playwright/test_review_page.py:18: in _find_reviewable_task
    page.goto(_url("/approvals"))
/usr/local/lib/python3.12/dist-packages/playwright/sync_api/_generated.py:9019: in goto
    self._sync(
/usr/local/lib/python3.12/dist-packages/playwright/_impl/_page.py:556: in goto
    return await self._main_frame.goto(**locals_to_params(locals()))
           ^^^^^^^^^^^^^^^^^^^^^^^^^^^^^^^^^^^^^^^^^^^^^^^^^^^^^^^^^
/usr/local/lib/python3.12/dist-packages/playwright/_impl/_frame.py:153: in goto
    await self._channel.send(
/usr/local/lib/python3.12/dist-packages/playwright/_impl/_connection.py:69: in send
    return await self._connection.wrap_api_call(
_ _ _ _ _ _ _ _ _ _ _ _ _ _ _ _ _ _ _ _ _ _ _ _ _ _ _ _ _ _ _ _ _ _ _ _ _ _ _ _ 

self = <playwright._impl._connection.Connection object at 0x78f3c2093800>
cb = <function Channel.send.<locals>.<lambda> at 0x78f3c05863e0>
is_internal = False, title = None

    async def wrap_api_call(
        self, cb: Callable[[], Any], is_internal: bool = False, title: str = None
    ) -> Any:
        if self._api_zone.get():
            return await cb()
        task = asyncio.current_task(self._loop)
        st: List[inspect.FrameInfo] = getattr(
            task, "__pw_stack__", None
        ) or inspect.stack(0)
    
        parsed_st = _extract_stack_trace_information_from_stack(st, is_internal, title)
        self._api_zone.set(parsed_st)
        try:
            return await cb()
        except Exception as error:
>           raise rewrite_error(error, f"{parsed_st['apiName']}: {error}") from None
E           playwright._impl._errors.Error: Page.goto: net::ERR_CONNECTION_REFUSED at http://localhost:3099/approvals
E           Call log:
E             - navigating to "http://localhost:3099/approvals", waiting until "load"

/usr/local/lib/python3.12/dist-packages/playwright/_impl/_connection.py:558: Error
____________________ TestReviewPage.test_review_has_content ____________________

self = <test_review_page.TestReviewPage object at 0x78f3c16ae570>
page = <Page url='chrome-error://chromewebdata/'>

    def test_review_has_content(self, page: Page):
        """Review page should show task content or ACs."""
>       task_id = _find_reviewable_task(page)
                  ^^^^^^^^^^^^^^^^^^^^^^^^^^^

tests/playwright/test_review_page.py:46: 
_ _ _ _ _ _ _ _ _ _ _ _ _ _ _ _ _ _ _ _ _ _ _ _ _ _ _ _ _ _ _ _ _ _ _ _ _ _ _ _ 
tests/playwright/test_review_page.py:18: in _find_reviewable_task
    page.goto(_url("/approvals"))
/usr/local/lib/python3.12/dist-packages/playwright/sync_api/_generated.py:9019: in goto
    self._sync(
/usr/local/lib/python3.12/dist-packages/playwright/_impl/_page.py:556: in goto
    return await self._main_frame.goto(**locals_to_params(locals()))
           ^^^^^^^^^^^^^^^^^^^^^^^^^^^^^^^^^^^^^^^^^^^^^^^^^^^^^^^^^
/usr/local/lib/python3.12/dist-packages/playwright/_impl/_frame.py:153: in goto
    await self._channel.send(
/usr/local/lib/python3.12/dist-packages/playwright/_impl/_connection.py:69: in send
    return await self._connection.wrap_api_call(
_ _ _ _ _ _ _ _ _ _ _ _ _ _ _ _ _ _ _ _ _ _ _ _ _ _ _ _ _ _ _ _ _ _ _ _ _ _ _ _ 

self = <playwright._impl._connection.Connection object at 0x78f3c2093800>
cb = <function Channel.send.<locals>.<lambda> at 0x78f3c140e660>
is_internal = False, title = None

    async def wrap_api_call(
        self, cb: Callable[[], Any], is_internal: bool = False, title: str = None
    ) -> Any:
        if self._api_zone.get():
            return await cb()
        task = asyncio.current_task(self._loop)
        st: List[inspect.FrameInfo] = getattr(
            task, "__pw_stack__", None
        ) or inspect.stack(0)
    
        parsed_st = _extract_stack_trace_information_from_stack(st, is_internal, title)
        self._api_zone.set(parsed_st)
        try:
            return await cb()
        except Exception as error:
>           raise rewrite_error(error, f"{parsed_st['apiName']}: {error}") from None
E           playwright._impl._errors.Error: Page.goto: net::ERR_CONNECTION_REFUSED at http://localhost:3099/approvals
E           Call log:
E             - navigating to "http://localhost:3099/approvals", waiting until "load"

/usr/local/lib/python3.12/dist-packages/playwright/_impl/_connection.py:558: Error
_____________ TestReviewPage.test_review_nonexistent_returns_error _____________

self = <test_review_page.TestReviewPage object at 0x78f3c16ae900>
page = <Page url='chrome-error://chromewebdata/'>

    def test_review_nonexistent_returns_error(self, page: Page):
        """Nonexistent task review should return 404 or error."""
>       resp = page.goto(_url("/review/T-99999"))
               ^^^^^^^^^^^^^^^^^^^^^^^^^^^^^^^^^^

tests/playwright/test_review_page.py:54: 
_ _ _ _ _ _ _ _ _ _ _ _ _ _ _ _ _ _ _ _ _ _ _ _ _ _ _ _ _ _ _ _ _ _ _ _ _ _ _ _ 
/usr/local/lib/python3.12/dist-packages/playwright/sync_api/_generated.py:9019: in goto
    self._sync(
/usr/local/lib/python3.12/dist-packages/playwright/_impl/_page.py:556: in goto
    return await self._main_frame.goto(**locals_to_params(locals()))
           ^^^^^^^^^^^^^^^^^^^^^^^^^^^^^^^^^^^^^^^^^^^^^^^^^^^^^^^^^
/usr/local/lib/python3.12/dist-packages/playwright/_impl/_frame.py:153: in goto
    await self._channel.send(
/usr/local/lib/python3.12/dist-packages/playwright/_impl/_connection.py:69: in send
    return await self._connection.wrap_api_call(
_ _ _ _ _ _ _ _ _ _ _ _ _ _ _ _ _ _ _ _ _ _ _ _ _ _ _ _ _ _ _ _ _ _ _ _ _ _ _ _ 

self = <playwright._impl._connection.Connection object at 0x78f3c2093800>
cb = <function Channel.send.<locals>.<lambda> at 0x78f3c1244540>
is_internal = False, title = None

    async def wrap_api_call(
        self, cb: Callable[[], Any], is_internal: bool = False, title: str = None
    ) -> Any:
        if self._api_zone.get():
            return await cb()
        task = asyncio.current_task(self._loop)
        st: List[inspect.FrameInfo] = getattr(
            task, "__pw_stack__", None
        ) or inspect.stack(0)
    
        parsed_st = _extract_stack_trace_information_from_stack(st, is_internal, title)
        self._api_zone.set(parsed_st)
        try:
            return await cb()
        except Exception as error:
>           raise rewrite_error(error, f"{parsed_st['apiName']}: {error}") from None
E           playwright._impl._errors.Error: Page.goto: net::ERR_CONNECTION_REFUSED at http://localhost:3099/review/T-99999
E           Call log:
E             - navigating to "http://localhost:3099/review/T-99999", waiting until "load"

/usr/local/lib/python3.12/dist-packages/playwright/_impl/_connection.py:558: Error
________________ TestReviewPage.test_review_has_toast_container ________________

self = <test_review_page.TestReviewPage object at 0x78f3c16aec90>
page = <Page url='chrome-error://chromewebdata/'>

    def test_review_has_toast_container(self, page: Page):
        """T-1582: /review must install the htmx error→toast machinery
        (review.html is standalone — does not inherit base.html's handler)."""
>       task_id = _find_reviewable_task(page)
                  ^^^^^^^^^^^^^^^^^^^^^^^^^^^

tests/playwright/test_review_page.py:60: 
_ _ _ _ _ _ _ _ _ _ _ _ _ _ _ _ _ _ _ _ _ _ _ _ _ _ _ _ _ _ _ _ _ _ _ _ _ _ _ _ 
tests/playwright/test_review_page.py:18: in _find_reviewable_task
    page.goto(_url("/approvals"))
/usr/local/lib/python3.12/dist-packages/playwright/sync_api/_generated.py:9019: in goto
    self._sync(
/usr/local/lib/python3.12/dist-packages/playwright/_impl/_page.py:556: in goto
    return await self._main_frame.goto(**locals_to_params(locals()))
           ^^^^^^^^^^^^^^^^^^^^^^^^^^^^^^^^^^^^^^^^^^^^^^^^^^^^^^^^^
/usr/local/lib/python3.12/dist-packages/playwright/_impl/_frame.py:153: in goto
    await self._channel.send(
/usr/local/lib/python3.12/dist-packages/playwright/_impl/_connection.py:69: in send
    return await self._connection.wrap_api_call(
_ _ _ _ _ _ _ _ _ _ _ _ _ _ _ _ _ _ _ _ _ _ _ _ _ _ _ _ _ _ _ _ _ _ _ _ _ _ _ _ 

self = <playwright._impl._connection.Connection object at 0x78f3c2093800>
cb = <function Channel.send.<locals>.<lambda> at 0x78f3c1083c40>
is_internal = False, title = None

    async def wrap_api_call(
        self, cb: Callable[[], Any], is_internal: bool = False, title: str = None
    ) -> Any:
        if self._api_zone.get():
            return await cb()
        task = asyncio.current_task(self._loop)
        st: List[inspect.FrameInfo] = getattr(
            task, "__pw_stack__", None
        ) or inspect.stack(0)
    
        parsed_st = _extract_stack_trace_information_from_stack(st, is_internal, title)
        self._api_zone.set(parsed_st)
        try:
            return await cb()
        except Exception as error:
>           raise rewrite_error(error, f"{parsed_st['apiName']}: {error}") from None
E           playwright._impl._errors.Error: Page.goto: net::ERR_CONNECTION_REFUSED at http://localhost:3099/approvals
E           Call log:
E             - navigating to "http://localhost:3099/approvals", waiting until "load"

/usr/local/lib/python3.12/dist-packages/playwright/_impl/_connection.py:558: Error
_________ TestReviewPage.test_review_renders_recommendation_structured _________

self = <test_review_page.TestReviewPage object at 0x78f3c16af020>
page = <Page url='chrome-error://chromewebdata/'>

    def test_review_renders_recommendation_structured(self, page: Page):
        """T-1575: when a task has a Recommendation block, /review renders
        it as structured rec-rationale / rec-evidence sections — NOT raw
        markdown in a <pre>. Guards against the shipped-twice-broken regression."""
>       task_id = _find_reviewable_task(page)
                  ^^^^^^^^^^^^^^^^^^^^^^^^^^^

tests/playwright/test_review_page.py:70: 
_ _ _ _ _ _ _ _ _ _ _ _ _ _ _ _ _ _ _ _ _ _ _ _ _ _ _ _ _ _ _ _ _ _ _ _ _ _ _ _ 
tests/playwright/test_review_page.py:18: in _find_reviewable_task
    page.goto(_url("/approvals"))
/usr/local/lib/python3.12/dist-packages/playwright/sync_api/_generated.py:9019: in goto
    self._sync(
/usr/local/lib/python3.12/dist-packages/playwright/_impl/_page.py:556: in goto
    return await self._main_frame.goto(**locals_to_params(locals()))
           ^^^^^^^^^^^^^^^^^^^^^^^^^^^^^^^^^^^^^^^^^^^^^^^^^^^^^^^^^
/usr/local/lib/python3.12/dist-packages/playwright/_impl/_frame.py:153: in goto
    await self._channel.send(
/usr/local/lib/python3.12/dist-packages/playwright/_impl/_connection.py:69: in send
    return await self._connection.wrap_api_call(
_ _ _ _ _ _ _ _ _ _ _ _ _ _ _ _ _ _ _ _ _ _ _ _ _ _ _ _ _ _ _ _ _ _ _ _ _ _ _ _ 

self = <playwright._impl._connection.Connection object at 0x78f3c2093800>
cb = <function Channel.send.<locals>.<lambda> at 0x78f3c140ce00>
is_internal = False, title = None

    async def wrap_api_call(
        self, cb: Callable[[], Any], is_internal: bool = False, title: str = None
    ) -> Any:
        if self._api_zone.get():
            return await cb()
        task = asyncio.current_task(self._loop)
        st: List[inspect.FrameInfo] = getattr(
            task, "__pw_stack__", None
        ) or inspect.stack(0)
    
        parsed_st = _extract_stack_trace_information_from_stack(st, is_internal, title)
        self._api_zone.set(parsed_st)
        try:
            return await cb()
        except Exception as error:
>           raise rewrite_error(error, f"{parsed_st['apiName']}: {error}") from None
E           playwright._impl._errors.Error: Page.goto: net::ERR_CONNECTION_REFUSED at http://localhost:3099/approvals
E           Call log:
E             - navigating to "http://localhost:3099/approvals", waiting until "load"

/usr/local/lib/python3.12/dist-packages/playwright/_impl/_connection.py:558: Error
_____________________ TestRisksPage.test_risks_page_loads ______________________

self = <test_risks.TestRisksPage object at 0x78f3c20abe60>
page = <Page url='chrome-error://chromewebdata/'>

    def test_risks_page_loads(self, page: Page):
>       resp = page.goto(_url("/risks"))
               ^^^^^^^^^^^^^^^^^^^^^^^^^

tests/playwright/test_risks.py:18: 
_ _ _ _ _ _ _ _ _ _ _ _ _ _ _ _ _ _ _ _ _ _ _ _ _ _ _ _ _ _ _ _ _ _ _ _ _ _ _ _ 
/usr/local/lib/python3.12/dist-packages/playwright/sync_api/_generated.py:9019: in goto
    self._sync(
/usr/local/lib/python3.12/dist-packages/playwright/_impl/_page.py:556: in goto
    return await self._main_frame.goto(**locals_to_params(locals()))
           ^^^^^^^^^^^^^^^^^^^^^^^^^^^^^^^^^^^^^^^^^^^^^^^^^^^^^^^^^
/usr/local/lib/python3.12/dist-packages/playwright/_impl/_frame.py:153: in goto
    await self._channel.send(
/usr/local/lib/python3.12/dist-packages/playwright/_impl/_connection.py:69: in send
    return await self._connection.wrap_api_call(
_ _ _ _ _ _ _ _ _ _ _ _ _ _ _ _ _ _ _ _ _ _ _ _ _ _ _ _ _ _ _ _ _ _ _ _ _ _ _ _ 

self = <playwright._impl._connection.Connection object at 0x78f3c2093800>
cb = <function Channel.send.<locals>.<lambda> at 0x78f3c140d6c0>
is_internal = False, title = None

    async def wrap_api_call(
        self, cb: Callable[[], Any], is_internal: bool = False, title: str = None
    ) -> Any:
        if self._api_zone.get():
            return await cb()
        task = asyncio.current_task(self._loop)
        st: List[inspect.FrameInfo] = getattr(
            task, "__pw_stack__", None
        ) or inspect.stack(0)
    
        parsed_st = _extract_stack_trace_information_from_stack(st, is_internal, title)
        self._api_zone.set(parsed_st)
        try:
            return await cb()
        except Exception as error:
>           raise rewrite_error(error, f"{parsed_st['apiName']}: {error}") from None
E           playwright._impl._errors.Error: Page.goto: net::ERR_CONNECTION_REFUSED at http://localhost:3099/risks
E           Call log:
E             - navigating to "http://localhost:3099/risks", waiting until "load"

/usr/local/lib/python3.12/dist-packages/playwright/_impl/_connection.py:558: Error
_____________________ TestRisksPage.test_risks_has_heading _____________________

self = <test_risks.TestRisksPage object at 0x78f3c16aeae0>
page = <Page url='chrome-error://chromewebdata/'>

    def test_risks_has_heading(self, page: Page):
>       page.goto(_url("/risks"))

tests/playwright/test_risks.py:22: 
_ _ _ _ _ _ _ _ _ _ _ _ _ _ _ _ _ _ _ _ _ _ _ _ _ _ _ _ _ _ _ _ _ _ _ _ _ _ _ _ 
/usr/local/lib/python3.12/dist-packages/playwright/sync_api/_generated.py:9019: in goto
    self._sync(
/usr/local/lib/python3.12/dist-packages/playwright/_impl/_page.py:556: in goto
    return await self._main_frame.goto(**locals_to_params(locals()))
           ^^^^^^^^^^^^^^^^^^^^^^^^^^^^^^^^^^^^^^^^^^^^^^^^^^^^^^^^^
/usr/local/lib/python3.12/dist-packages/playwright/_impl/_frame.py:153: in goto
    await self._channel.send(
/usr/local/lib/python3.12/dist-packages/playwright/_impl/_connection.py:69: in send
    return await self._connection.wrap_api_call(
_ _ _ _ _ _ _ _ _ _ _ _ _ _ _ _ _ _ _ _ _ _ _ _ _ _ _ _ _ _ _ _ _ _ _ _ _ _ _ _ 

self = <playwright._impl._connection.Connection object at 0x78f3c2093800>
cb = <function Channel.send.<locals>.<lambda> at 0x78f3c0f50e00>
is_internal = False, title = None

    async def wrap_api_call(
        self, cb: Callable[[], Any], is_internal: bool = False, title: str = None
    ) -> Any:
        if self._api_zone.get():
            return await cb()
        task = asyncio.current_task(self._loop)
        st: List[inspect.FrameInfo] = getattr(
            task, "__pw_stack__", None
        ) or inspect.stack(0)
    
        parsed_st = _extract_stack_trace_information_from_stack(st, is_internal, title)
        self._api_zone.set(parsed_st)
        try:
            return await cb()
        except Exception as error:
>           raise rewrite_error(error, f"{parsed_st['apiName']}: {error}") from None
E           playwright._impl._errors.Error: Page.goto: net::ERR_CONNECTION_REFUSED at http://localhost:3099/risks
E           Call log:
E             - navigating to "http://localhost:3099/risks", waiting until "load"

/usr/local/lib/python3.12/dist-packages/playwright/_impl/_connection.py:558: Error
_____________________ TestRisksPage.test_risks_has_entries _____________________

self = <test_risks.TestRisksPage object at 0x78f3c16ae390>
page = <Page url='chrome-error://chromewebdata/'>

    def test_risks_has_entries(self, page: Page):
        """Risk page should display concern/gap entries."""
>       page.goto(_url("/risks"))

tests/playwright/test_risks.py:30: 
_ _ _ _ _ _ _ _ _ _ _ _ _ _ _ _ _ _ _ _ _ _ _ _ _ _ _ _ _ _ _ _ _ _ _ _ _ _ _ _ 
/usr/local/lib/python3.12/dist-packages/playwright/sync_api/_generated.py:9019: in goto
    self._sync(
/usr/local/lib/python3.12/dist-packages/playwright/_impl/_page.py:556: in goto
    return await self._main_frame.goto(**locals_to_params(locals()))
           ^^^^^^^^^^^^^^^^^^^^^^^^^^^^^^^^^^^^^^^^^^^^^^^^^^^^^^^^^
/usr/local/lib/python3.12/dist-packages/playwright/_impl/_frame.py:153: in goto
    await self._channel.send(
/usr/local/lib/python3.12/dist-packages/playwright/_impl/_connection.py:69: in send
    return await self._connection.wrap_api_call(
_ _ _ _ _ _ _ _ _ _ _ _ _ _ _ _ _ _ _ _ _ _ _ _ _ _ _ _ _ _ _ _ _ _ _ _ _ _ _ _ 

self = <playwright._impl._connection.Connection object at 0x78f3c2093800>
cb = <function Channel.send.<locals>.<lambda> at 0x78f3c1082de0>
is_internal = False, title = None

    async def wrap_api_call(
        self, cb: Callable[[], Any], is_internal: bool = False, title: str = None
    ) -> Any:
        if self._api_zone.get():
            return await cb()
        task = asyncio.current_task(self._loop)
        st: List[inspect.FrameInfo] = getattr(
            task, "__pw_stack__", None
        ) or inspect.stack(0)
    
        parsed_st = _extract_stack_trace_information_from_stack(st, is_internal, title)
        self._api_zone.set(parsed_st)
        try:
            return await cb()
        except Exception as error:
>           raise rewrite_error(error, f"{parsed_st['apiName']}: {error}") from None
E           playwright._impl._errors.Error: Page.goto: net::ERR_CONNECTION_REFUSED at http://localhost:3099/risks
E           Call log:
E             - navigating to "http://localhost:3099/risks", waiting until "load"

/usr/local/lib/python3.12/dist-packages/playwright/_impl/_connection.py:558: Error
____________________ TestRisksPage.test_risks_has_severity _____________________

self = <test_risks.TestRisksPage object at 0x78f3c16adca0>
page = <Page url='chrome-error://chromewebdata/'>

    def test_risks_has_severity(self, page: Page):
        """Risk page should show severity levels."""
>       page.goto(_url("/risks"))

tests/playwright/test_risks.py:37: 
_ _ _ _ _ _ _ _ _ _ _ _ _ _ _ _ _ _ _ _ _ _ _ _ _ _ _ _ _ _ _ _ _ _ _ _ _ _ _ _ 
/usr/local/lib/python3.12/dist-packages/playwright/sync_api/_generated.py:9019: in goto
    self._sync(
/usr/local/lib/python3.12/dist-packages/playwright/_impl/_page.py:556: in goto
    return await self._main_frame.goto(**locals_to_params(locals()))
           ^^^^^^^^^^^^^^^^^^^^^^^^^^^^^^^^^^^^^^^^^^^^^^^^^^^^^^^^^
/usr/local/lib/python3.12/dist-packages/playwright/_impl/_frame.py:153: in goto
    await self._channel.send(
/usr/local/lib/python3.12/dist-packages/playwright/_impl/_connection.py:69: in send
    return await self._connection.wrap_api_call(
_ _ _ _ _ _ _ _ _ _ _ _ _ _ _ _ _ _ _ _ _ _ _ _ _ _ _ _ _ _ _ _ _ _ _ _ _ _ _ _ 

self = <playwright._impl._connection.Connection object at 0x78f3c2093800>
cb = <function Channel.send.<locals>.<lambda> at 0x78f3c10804a0>
is_internal = False, title = None

    async def wrap_api_call(
        self, cb: Callable[[], Any], is_internal: bool = False, title: str = None
    ) -> Any:
        if self._api_zone.get():
            return await cb()
        task = asyncio.current_task(self._loop)
        st: List[inspect.FrameInfo] = getattr(
            task, "__pw_stack__", None
        ) or inspect.stack(0)
    
        parsed_st = _extract_stack_trace_information_from_stack(st, is_internal, title)
        self._api_zone.set(parsed_st)
        try:
            return await cb()
        except Exception as error:
>           raise rewrite_error(error, f"{parsed_st['apiName']}: {error}") from None
E           playwright._impl._errors.Error: Page.goto: net::ERR_CONNECTION_REFUSED at http://localhost:3099/risks
E           Call log:
E             - navigating to "http://localhost:3099/risks", waiting until "load"

/usr/local/lib/python3.12/dist-packages/playwright/_impl/_connection.py:558: Error
____________________ TestSearchPage.test_search_page_loads _____________________

self = <test_search.TestSearchPage object at 0x78f3c16ac830>
page = <Page url='chrome-error://chromewebdata/'>

    def test_search_page_loads(self, page: Page):
>       resp = page.goto(_url("/search"))
               ^^^^^^^^^^^^^^^^^^^^^^^^^^

tests/playwright/test_search.py:18: 
_ _ _ _ _ _ _ _ _ _ _ _ _ _ _ _ _ _ _ _ _ _ _ _ _ _ _ _ _ _ _ _ _ _ _ _ _ _ _ _ 
/usr/local/lib/python3.12/dist-packages/playwright/sync_api/_generated.py:9019: in goto
    self._sync(
/usr/local/lib/python3.12/dist-packages/playwright/_impl/_page.py:556: in goto
    return await self._main_frame.goto(**locals_to_params(locals()))
           ^^^^^^^^^^^^^^^^^^^^^^^^^^^^^^^^^^^^^^^^^^^^^^^^^^^^^^^^^
/usr/local/lib/python3.12/dist-packages/playwright/_impl/_frame.py:153: in goto
    await self._channel.send(
/usr/local/lib/python3.12/dist-packages/playwright/_impl/_connection.py:69: in send
    return await self._connection.wrap_api_call(
_ _ _ _ _ _ _ _ _ _ _ _ _ _ _ _ _ _ _ _ _ _ _ _ _ _ _ _ _ _ _ _ _ _ _ _ _ _ _ _ 

self = <playwright._impl._connection.Connection object at 0x78f3c2093800>
cb = <function Channel.send.<locals>.<lambda> at 0x78f3c140dd00>
is_internal = False, title = None

    async def wrap_api_call(
        self, cb: Callable[[], Any], is_internal: bool = False, title: str = None
    ) -> Any:
        if self._api_zone.get():
            return await cb()
        task = asyncio.current_task(self._loop)
        st: List[inspect.FrameInfo] = getattr(
            task, "__pw_stack__", None
        ) or inspect.stack(0)
    
        parsed_st = _extract_stack_trace_information_from_stack(st, is_internal, title)
        self._api_zone.set(parsed_st)
        try:
            return await cb()
        except Exception as error:
>           raise rewrite_error(error, f"{parsed_st['apiName']}: {error}") from None
E           playwright._impl._errors.Error: Page.goto: net::ERR_CONNECTION_REFUSED at http://localhost:3099/search
E           Call log:
E             - navigating to "http://localhost:3099/search", waiting until "load"

/usr/local/lib/python3.12/dist-packages/playwright/_impl/_connection.py:558: Error
____________________ TestSearchPage.test_search_has_heading ____________________

self = <test_search.TestSearchPage object at 0x78f3c16afaa0>
page = <Page url='chrome-error://chromewebdata/'>

    def test_search_has_heading(self, page: Page):
>       page.goto(_url("/search"))

tests/playwright/test_search.py:22: 
_ _ _ _ _ _ _ _ _ _ _ _ _ _ _ _ _ _ _ _ _ _ _ _ _ _ _ _ _ _ _ _ _ _ _ _ _ _ _ _ 
/usr/local/lib/python3.12/dist-packages/playwright/sync_api/_generated.py:9019: in goto
    self._sync(
/usr/local/lib/python3.12/dist-packages/playwright/_impl/_page.py:556: in goto
    return await self._main_frame.goto(**locals_to_params(locals()))
           ^^^^^^^^^^^^^^^^^^^^^^^^^^^^^^^^^^^^^^^^^^^^^^^^^^^^^^^^^
/usr/local/lib/python3.12/dist-packages/playwright/_impl/_frame.py:153: in goto
    await self._channel.send(
/usr/local/lib/python3.12/dist-packages/playwright/_impl/_connection.py:69: in send
    return await self._connection.wrap_api_call(
_ _ _ _ _ _ _ _ _ _ _ _ _ _ _ _ _ _ _ _ _ _ _ _ _ _ _ _ _ _ _ _ _ _ _ _ _ _ _ _ 

self = <playwright._impl._connection.Connection object at 0x78f3c2093800>
cb = <function Channel.send.<locals>.<lambda> at 0x78f3c12fe520>
is_internal = False, title = None

    async def wrap_api_call(
        self, cb: Callable[[], Any], is_internal: bool = False, title: str = None
    ) -> Any:
        if self._api_zone.get():
            return await cb()
        task = asyncio.current_task(self._loop)
        st: List[inspect.FrameInfo] = getattr(
            task, "__pw_stack__", None
        ) or inspect.stack(0)
    
        parsed_st = _extract_stack_trace_information_from_stack(st, is_internal, title)
        self._api_zone.set(parsed_st)
        try:
            return await cb()
        except Exception as error:
>           raise rewrite_error(error, f"{parsed_st['apiName']}: {error}") from None
E           playwright._impl._errors.Error: Page.goto: net::ERR_CONNECTION_REFUSED at http://localhost:3099/search
E           Call log:
E             - navigating to "http://localhost:3099/search", waiting until "load"

/usr/local/lib/python3.12/dist-packages/playwright/_impl/_connection.py:558: Error
_____________________ TestSearchPage.test_search_has_input _____________________

self = <test_search.TestSearchPage object at 0x78f3c16afe30>
page = <Page url='chrome-error://chromewebdata/'>

    def test_search_has_input(self, page: Page):
        """Search page should have a search input field."""
>       page.goto(_url("/search"))

tests/playwright/test_search.py:30: 
_ _ _ _ _ _ _ _ _ _ _ _ _ _ _ _ _ _ _ _ _ _ _ _ _ _ _ _ _ _ _ _ _ _ _ _ _ _ _ _ 
/usr/local/lib/python3.12/dist-packages/playwright/sync_api/_generated.py:9019: in goto
    self._sync(
/usr/local/lib/python3.12/dist-packages/playwright/_impl/_page.py:556: in goto
    return await self._main_frame.goto(**locals_to_params(locals()))
           ^^^^^^^^^^^^^^^^^^^^^^^^^^^^^^^^^^^^^^^^^^^^^^^^^^^^^^^^^
/usr/local/lib/python3.12/dist-packages/playwright/_impl/_frame.py:153: in goto
    await self._channel.send(
/usr/local/lib/python3.12/dist-packages/playwright/_impl/_connection.py:69: in send
    return await self._connection.wrap_api_call(
_ _ _ _ _ _ _ _ _ _ _ _ _ _ _ _ _ _ _ _ _ _ _ _ _ _ _ _ _ _ _ _ _ _ _ _ _ _ _ _ 

self = <playwright._impl._connection.Connection object at 0x78f3c2093800>
cb = <function Channel.send.<locals>.<lambda> at 0x78f3c140d300>
is_internal = False, title = None

    async def wrap_api_call(
        self, cb: Callable[[], Any], is_internal: bool = False, title: str = None
    ) -> Any:
        if self._api_zone.get():
            return await cb()
        task = asyncio.current_task(self._loop)
        st: List[inspect.FrameInfo] = getattr(
            task, "__pw_stack__", None
        ) or inspect.stack(0)
    
        parsed_st = _extract_stack_trace_information_from_stack(st, is_internal, title)
        self._api_zone.set(parsed_st)
        try:
            return await cb()
        except Exception as error:
>           raise rewrite_error(error, f"{parsed_st['apiName']}: {error}") from None
E           playwright._impl._errors.Error: Page.goto: net::ERR_CONNECTION_REFUSED at http://localhost:3099/search
E           Call log:
E             - navigating to "http://localhost:3099/search", waiting until "load"

/usr/local/lib/python3.12/dist-packages/playwright/_impl/_connection.py:558: Error
_______________ TestSearchPage.test_search_has_knowledge_context _______________

self = <test_search.TestSearchPage object at 0x78f3c16d4200>
page = <Page url='chrome-error://chromewebdata/'>

    def test_search_has_knowledge_context(self, page: Page):
        """Search page should reference knowledge base."""
>       page.goto(_url("/search"))

tests/playwright/test_search.py:37: 
_ _ _ _ _ _ _ _ _ _ _ _ _ _ _ _ _ _ _ _ _ _ _ _ _ _ _ _ _ _ _ _ _ _ _ _ _ _ _ _ 
/usr/local/lib/python3.12/dist-packages/playwright/sync_api/_generated.py:9019: in goto
    self._sync(
/usr/local/lib/python3.12/dist-packages/playwright/_impl/_page.py:556: in goto
    return await self._main_frame.goto(**locals_to_params(locals()))
           ^^^^^^^^^^^^^^^^^^^^^^^^^^^^^^^^^^^^^^^^^^^^^^^^^^^^^^^^^
/usr/local/lib/python3.12/dist-packages/playwright/_impl/_frame.py:153: in goto
    await self._channel.send(
/usr/local/lib/python3.12/dist-packages/playwright/_impl/_connection.py:69: in send
    return await self._connection.wrap_api_call(
_ _ _ _ _ _ _ _ _ _ _ _ _ _ _ _ _ _ _ _ _ _ _ _ _ _ _ _ _ _ _ _ _ _ _ _ _ _ _ _ 

self = <playwright._impl._connection.Connection object at 0x78f3c2093800>
cb = <function Channel.send.<locals>.<lambda> at 0x78f3c133eb60>
is_internal = False, title = None

    async def wrap_api_call(
        self, cb: Callable[[], Any], is_internal: bool = False, title: str = None
    ) -> Any:
        if self._api_zone.get():
            return await cb()
        task = asyncio.current_task(self._loop)
        st: List[inspect.FrameInfo] = getattr(
            task, "__pw_stack__", None
        ) or inspect.stack(0)
    
        parsed_st = _extract_stack_trace_information_from_stack(st, is_internal, title)
        self._api_zone.set(parsed_st)
        try:
            return await cb()
        except Exception as error:
>           raise rewrite_error(error, f"{parsed_st['apiName']}: {error}") from None
E           playwright._impl._errors.Error: Page.goto: net::ERR_CONNECTION_REFUSED at http://localhost:3099/search
E           Call log:
E             - navigating to "http://localhost:3099/search", waiting until "load"

/usr/local/lib/python3.12/dist-packages/playwright/_impl/_connection.py:558: Error
__________ TestSearchExtended.test_search_conversations_returns_json ___________

self = <test_search_extended.TestSearchExtended object at 0x78f3c16d4980>
page = <Page url='chrome-error://chromewebdata/'>

    def test_search_conversations_returns_json(self, page: Page):
        """GET /search/conversations should return JSON with conversations key."""
>       resp = page.goto(_url("/search/conversations"))
               ^^^^^^^^^^^^^^^^^^^^^^^^^^^^^^^^^^^^^^^^

tests/playwright/test_search_extended.py:22: 
_ _ _ _ _ _ _ _ _ _ _ _ _ _ _ _ _ _ _ _ _ _ _ _ _ _ _ _ _ _ _ _ _ _ _ _ _ _ _ _ 
/usr/local/lib/python3.12/dist-packages/playwright/sync_api/_generated.py:9019: in goto
    self._sync(
/usr/local/lib/python3.12/dist-packages/playwright/_impl/_page.py:556: in goto
    return await self._main_frame.goto(**locals_to_params(locals()))
           ^^^^^^^^^^^^^^^^^^^^^^^^^^^^^^^^^^^^^^^^^^^^^^^^^^^^^^^^^
/usr/local/lib/python3.12/dist-packages/playwright/_impl/_frame.py:153: in goto
    await self._channel.send(
/usr/local/lib/python3.12/dist-packages/playwright/_impl/_connection.py:69: in send
    return await self._connection.wrap_api_call(
_ _ _ _ _ _ _ _ _ _ _ _ _ _ _ _ _ _ _ _ _ _ _ _ _ _ _ _ _ _ _ _ _ _ _ _ _ _ _ _ 

self = <playwright._impl._connection.Connection object at 0x78f3c2093800>
cb = <function Channel.send.<locals>.<lambda> at 0x78f3c0f50f40>
is_internal = False, title = None

    async def wrap_api_call(
        self, cb: Callable[[], Any], is_internal: bool = False, title: str = None
    ) -> Any:
        if self._api_zone.get():
            return await cb()
        task = asyncio.current_task(self._loop)
        st: List[inspect.FrameInfo] = getattr(
            task, "__pw_stack__", None
        ) or inspect.stack(0)
    
        parsed_st = _extract_stack_trace_information_from_stack(st, is_internal, title)
        self._api_zone.set(parsed_st)
        try:
            return await cb()
        except Exception as error:
>           raise rewrite_error(error, f"{parsed_st['apiName']}: {error}") from None
E           playwright._impl._errors.Error: Page.goto: net::ERR_CONNECTION_REFUSED at http://localhost:3099/search/conversations
E           Call log:
E             - navigating to "http://localhost:3099/search/conversations", waiting until "load"

/usr/local/lib/python3.12/dist-packages/playwright/_impl/_connection.py:558: Error
_______________ TestSearchExtended.test_feedback_analytics_loads _______________

self = <test_search_extended.TestSearchExtended object at 0x78f3c16d4ce0>
page = <Page url='chrome-error://chromewebdata/'>

    def test_feedback_analytics_loads(self, page: Page):
        """GET /search/feedback/analytics should render a page with heading."""
>       resp = page.goto(_url("/search/feedback/analytics"))
               ^^^^^^^^^^^^^^^^^^^^^^^^^^^^^^^^^^^^^^^^^^^^^

tests/playwright/test_search_extended.py:30: 
_ _ _ _ _ _ _ _ _ _ _ _ _ _ _ _ _ _ _ _ _ _ _ _ _ _ _ _ _ _ _ _ _ _ _ _ _ _ _ _ 
/usr/local/lib/python3.12/dist-packages/playwright/sync_api/_generated.py:9019: in goto
    self._sync(
/usr/local/lib/python3.12/dist-packages/playwright/_impl/_page.py:556: in goto
    return await self._main_frame.goto(**locals_to_params(locals()))
           ^^^^^^^^^^^^^^^^^^^^^^^^^^^^^^^^^^^^^^^^^^^^^^^^^^^^^^^^^
/usr/local/lib/python3.12/dist-packages/playwright/_impl/_frame.py:153: in goto
    await self._channel.send(
/usr/local/lib/python3.12/dist-packages/playwright/_impl/_connection.py:69: in send
    return await self._connection.wrap_api_call(
_ _ _ _ _ _ _ _ _ _ _ _ _ _ _ _ _ _ _ _ _ _ _ _ _ _ _ _ _ _ _ _ _ _ _ _ _ _ _ _ 

self = <playwright._impl._connection.Connection object at 0x78f3c2093800>
cb = <function Channel.send.<locals>.<lambda> at 0x78f3c10596c0>
is_internal = False, title = None

    async def wrap_api_call(
        self, cb: Callable[[], Any], is_internal: bool = False, title: str = None
    ) -> Any:
        if self._api_zone.get():
            return await cb()
        task = asyncio.current_task(self._loop)
        st: List[inspect.FrameInfo] = getattr(
            task, "__pw_stack__", None
        ) or inspect.stack(0)
    
        parsed_st = _extract_stack_trace_information_from_stack(st, is_internal, title)
        self._api_zone.set(parsed_st)
        try:
            return await cb()
        except Exception as error:
>           raise rewrite_error(error, f"{parsed_st['apiName']}: {error}") from None
E           playwright._impl._errors.Error: Page.goto: net::ERR_CONNECTION_REFUSED at http://localhost:3099/search/feedback/analytics
E           Call log:
E             - navigating to "http://localhost:3099/search/feedback/analytics", waiting until "load"

/usr/local/lib/python3.12/dist-packages/playwright/_impl/_connection.py:558: Error
_____________ TestSearchExtended.test_load_conversation_without_id _____________

self = <test_search_extended.TestSearchExtended object at 0x78f3c16d5070>
page = <Page url='chrome-error://chromewebdata/'>

    def test_load_conversation_without_id(self, page: Page):
        """GET /search/load-conversation without id should return 400."""
>       resp = page.goto(_url("/search/load-conversation"))
               ^^^^^^^^^^^^^^^^^^^^^^^^^^^^^^^^^^^^^^^^^^^^

tests/playwright/test_search_extended.py:37: 
_ _ _ _ _ _ _ _ _ _ _ _ _ _ _ _ _ _ _ _ _ _ _ _ _ _ _ _ _ _ _ _ _ _ _ _ _ _ _ _ 
/usr/local/lib/python3.12/dist-packages/playwright/sync_api/_generated.py:9019: in goto
    self._sync(
/usr/local/lib/python3.12/dist-packages/playwright/_impl/_page.py:556: in goto
    return await self._main_frame.goto(**locals_to_params(locals()))
           ^^^^^^^^^^^^^^^^^^^^^^^^^^^^^^^^^^^^^^^^^^^^^^^^^^^^^^^^^
/usr/local/lib/python3.12/dist-packages/playwright/_impl/_frame.py:153: in goto
    await self._channel.send(
/usr/local/lib/python3.12/dist-packages/playwright/_impl/_connection.py:69: in send
    return await self._connection.wrap_api_call(
_ _ _ _ _ _ _ _ _ _ _ _ _ _ _ _ _ _ _ _ _ _ _ _ _ _ _ _ _ _ _ _ _ _ _ _ _ _ _ _ 

self = <playwright._impl._connection.Connection object at 0x78f3c2093800>
cb = <function Channel.send.<locals>.<lambda> at 0x78f3c1083100>
is_internal = False, title = None

    async def wrap_api_call(
        self, cb: Callable[[], Any], is_internal: bool = False, title: str = None
    ) -> Any:
        if self._api_zone.get():
            return await cb()
        task = asyncio.current_task(self._loop)
        st: List[inspect.FrameInfo] = getattr(
            task, "__pw_stack__", None
        ) or inspect.stack(0)
    
        parsed_st = _extract_stack_trace_information_from_stack(st, is_internal, title)
        self._api_zone.set(parsed_st)
        try:
            return await cb()
        except Exception as error:
>           raise rewrite_error(error, f"{parsed_st['apiName']}: {error}") from None
E           playwright._impl._errors.Error: Page.goto: net::ERR_CONNECTION_REFUSED at http://localhost:3099/search/load-conversation
E           Call log:
E             - navigating to "http://localhost:3099/search/load-conversation", waiting until "load"

/usr/local/lib/python3.12/dist-packages/playwright/_impl/_connection.py:558: Error
________________ TestSessionProfiles.test_profiles_returns_json ________________

self = <test_session_api.TestSessionProfiles object at 0x78f3c16d5a60>
page = <Page url='about:blank'>, base_url = 'http://localhost:3099'

    def test_profiles_returns_json(self, page, base_url):
        """Profiles endpoint returns valid JSON."""
>       resp = page.request.get(f"{base_url}/api/sessions/profiles")
               ^^^^^^^^^^^^^^^^^^^^^^^^^^^^^^^^^^^^^^^^^^^^^^^^^^^^^

tests/playwright/test_session_api.py:15: 
_ _ _ _ _ _ _ _ _ _ _ _ _ _ _ _ _ _ _ _ _ _ _ _ _ _ _ _ _ _ _ _ _ _ _ _ _ _ _ _ 
/usr/local/lib/python3.12/dist-packages/playwright/sync_api/_generated.py:18446: in get
    self._sync(
/usr/local/lib/python3.12/dist-packages/playwright/_impl/_fetch.py:193: in get
    return await self.fetch(
/usr/local/lib/python3.12/dist-packages/playwright/_impl/_fetch.py:319: in fetch
    return await self._inner_fetch(
/usr/local/lib/python3.12/dist-packages/playwright/_impl/_fetch.py:410: in _inner_fetch
    response = await self._channel.send(
/usr/local/lib/python3.12/dist-packages/playwright/_impl/_connection.py:69: in send
    return await self._connection.wrap_api_call(
_ _ _ _ _ _ _ _ _ _ _ _ _ _ _ _ _ _ _ _ _ _ _ _ _ _ _ _ _ _ _ _ _ _ _ _ _ _ _ _ 

self = <playwright._impl._connection.Connection object at 0x78f3c2093800>
cb = <function Channel.send.<locals>.<lambda> at 0x78f3c1093560>
is_internal = False, title = None

    async def wrap_api_call(
        self, cb: Callable[[], Any], is_internal: bool = False, title: str = None
    ) -> Any:
        if self._api_zone.get():
            return await cb()
        task = asyncio.current_task(self._loop)
        st: List[inspect.FrameInfo] = getattr(
            task, "__pw_stack__", None
        ) or inspect.stack(0)
    
        parsed_st = _extract_stack_trace_information_from_stack(st, is_internal, title)
        self._api_zone.set(parsed_st)
        try:
            return await cb()
        except Exception as error:
>           raise rewrite_error(error, f"{parsed_st['apiName']}: {error}") from None
E           playwright._impl._errors.Error: APIRequestContext.get: connect ECONNREFUSED 127.0.0.1:3099
E           Call log:
E             - → GET http://localhost:3099/api/sessions/profiles
E               - user-agent: Mozilla/5.0 (X11; Linux x86_64) AppleWebKit/537.36 (KHTML, like Gecko) HeadlessChrome/140.0.7339.16 Safari/537.36
E               - accept: */*
E               - accept-encoding: gzip,deflate,br

/usr/local/lib/python3.12/dist-packages/playwright/_impl/_connection.py:558: Error
_____________ TestSessionProfiles.test_profiles_has_four_defaults ______________

self = <test_session_api.TestSessionProfiles object at 0x78f3c16af8c0>
page = <Page url='about:blank'>, base_url = 'http://localhost:3099'

    def test_profiles_has_four_defaults(self, page, base_url):
        """Default profiles include local-bash, local-zsh, claude-code, claude-dispatch."""
>       resp = page.request.get(f"{base_url}/api/sessions/profiles")
               ^^^^^^^^^^^^^^^^^^^^^^^^^^^^^^^^^^^^^^^^^^^^^^^^^^^^^

tests/playwright/test_session_api.py:22: 
_ _ _ _ _ _ _ _ _ _ _ _ _ _ _ _ _ _ _ _ _ _ _ _ _ _ _ _ _ _ _ _ _ _ _ _ _ _ _ _ 
/usr/local/lib/python3.12/dist-packages/playwright/sync_api/_generated.py:18446: in get
    self._sync(
/usr/local/lib/python3.12/dist-packages/playwright/_impl/_fetch.py:193: in get
    return await self.fetch(
/usr/local/lib/python3.12/dist-packages/playwright/_impl/_fetch.py:319: in fetch
    return await self._inner_fetch(
/usr/local/lib/python3.12/dist-packages/playwright/_impl/_fetch.py:410: in _inner_fetch
    response = await self._channel.send(
/usr/local/lib/python3.12/dist-packages/playwright/_impl/_connection.py:69: in send
    return await self._connection.wrap_api_call(
_ _ _ _ _ _ _ _ _ _ _ _ _ _ _ _ _ _ _ _ _ _ _ _ _ _ _ _ _ _ _ _ _ _ _ _ _ _ _ _ 

self = <playwright._impl._connection.Connection object at 0x78f3c2093800>
cb = <function Channel.send.<locals>.<lambda> at 0x78f3c105ad40>
is_internal = False, title = None

    async def wrap_api_call(
        self, cb: Callable[[], Any], is_internal: bool = False, title: str = None
    ) -> Any:
        if self._api_zone.get():
            return await cb()
        task = asyncio.current_task(self._loop)
        st: List[inspect.FrameInfo] = getattr(
            task, "__pw_stack__", None
        ) or inspect.stack(0)
    
        parsed_st = _extract_stack_trace_information_from_stack(st, is_internal, title)
        self._api_zone.set(parsed_st)
        try:
            return await cb()
        except Exception as error:
>           raise rewrite_error(error, f"{parsed_st['apiName']}: {error}") from None
E           playwright._impl._errors.Error: APIRequestContext.get: connect ECONNREFUSED 127.0.0.1:3099
E           Call log:
E             - → GET http://localhost:3099/api/sessions/profiles
E               - user-agent: Mozilla/5.0 (X11; Linux x86_64) AppleWebKit/537.36 (KHTML, like Gecko) HeadlessChrome/140.0.7339.16 Safari/537.36
E               - accept: */*
E               - accept-encoding: gzip,deflate,br

/usr/local/lib/python3.12/dist-packages/playwright/_impl/_connection.py:558: Error
_____________ TestSessionProfiles.test_profile_has_required_fields _____________

self = <test_session_api.TestSessionProfiles object at 0x78f3c16ae000>
page = <Page url='about:blank'>, base_url = 'http://localhost:3099'

    def test_profile_has_required_fields(self, page, base_url):
        """Each profile has name, type, provider, and ui fields."""
>       resp = page.request.get(f"{base_url}/api/sessions/profiles")
               ^^^^^^^^^^^^^^^^^^^^^^^^^^^^^^^^^^^^^^^^^^^^^^^^^^^^^

tests/playwright/test_session_api.py:31: 
_ _ _ _ _ _ _ _ _ _ _ _ _ _ _ _ _ _ _ _ _ _ _ _ _ _ _ _ _ _ _ _ _ _ _ _ _ _ _ _ 
/usr/local/lib/python3.12/dist-packages/playwright/sync_api/_generated.py:18446: in get
    self._sync(
/usr/local/lib/python3.12/dist-packages/playwright/_impl/_fetch.py:193: in get
    return await self.fetch(
/usr/local/lib/python3.12/dist-packages/playwright/_impl/_fetch.py:319: in fetch
    return await self._inner_fetch(
/usr/local/lib/python3.12/dist-packages/playwright/_impl/_fetch.py:410: in _inner_fetch
    response = await self._channel.send(
/usr/local/lib/python3.12/dist-packages/playwright/_impl/_connection.py:69: in send
    return await self._connection.wrap_api_call(
_ _ _ _ _ _ _ _ _ _ _ _ _ _ _ _ _ _ _ _ _ _ _ _ _ _ _ _ _ _ _ _ _ _ _ _ _ _ _ _ 

self = <playwright._impl._connection.Connection object at 0x78f3c2093800>
cb = <function Channel.send.<locals>.<lambda> at 0x78f3c149f6a0>
is_internal = False, title = None

    async def wrap_api_call(
        self, cb: Callable[[], Any], is_internal: bool = False, title: str = None
    ) -> Any:
        if self._api_zone.get():
            return await cb()
        task = asyncio.current_task(self._loop)
        st: List[inspect.FrameInfo] = getattr(
            task, "__pw_stack__", None
        ) or inspect.stack(0)
    
        parsed_st = _extract_stack_trace_information_from_stack(st, is_internal, title)
        self._api_zone.set(parsed_st)
        try:
            return await cb()
        except Exception as error:
>           raise rewrite_error(error, f"{parsed_st['apiName']}: {error}") from None
E           playwright._impl._errors.Error: APIRequestContext.get: connect ECONNREFUSED 127.0.0.1:3099
E           Call log:
E             - → GET http://localhost:3099/api/sessions/profiles
E               - user-agent: Mozilla/5.0 (X11; Linux x86_64) AppleWebKit/537.36 (KHTML, like Gecko) HeadlessChrome/140.0.7339.16 Safari/537.36
E               - accept: */*
E               - accept-encoding: gzip,deflate,br

/usr/local/lib/python3.12/dist-packages/playwright/_impl/_connection.py:558: Error
______________ TestSessionProfiles.test_profile_provider_has_name ______________

self = <test_session_api.TestSessionProfiles object at 0x78f3c16aee70>
page = <Page url='about:blank'>, base_url = 'http://localhost:3099'

    def test_profile_provider_has_name(self, page, base_url):
        """Each profile's provider has a name field."""
>       resp = page.request.get(f"{base_url}/api/sessions/profiles")
               ^^^^^^^^^^^^^^^^^^^^^^^^^^^^^^^^^^^^^^^^^^^^^^^^^^^^^

tests/playwright/test_session_api.py:41: 
_ _ _ _ _ _ _ _ _ _ _ _ _ _ _ _ _ _ _ _ _ _ _ _ _ _ _ _ _ _ _ _ _ _ _ _ _ _ _ _ 
/usr/local/lib/python3.12/dist-packages/playwright/sync_api/_generated.py:18446: in get
    self._sync(
/usr/local/lib/python3.12/dist-packages/playwright/_impl/_fetch.py:193: in get
    return await self.fetch(
/usr/local/lib/python3.12/dist-packages/playwright/_impl/_fetch.py:319: in fetch
    return await self._inner_fetch(
/usr/local/lib/python3.12/dist-packages/playwright/_impl/_fetch.py:410: in _inner_fetch
    response = await self._channel.send(
/usr/local/lib/python3.12/dist-packages/playwright/_impl/_connection.py:69: in send
    return await self._connection.wrap_api_call(
_ _ _ _ _ _ _ _ _ _ _ _ _ _ _ _ _ _ _ _ _ _ _ _ _ _ _ _ _ _ _ _ _ _ _ _ _ _ _ _ 

self = <playwright._impl._connection.Connection object at 0x78f3c2093800>
cb = <function Channel.send.<locals>.<lambda> at 0x78f3c149fce0>
is_internal = False, title = None

    async def wrap_api_call(
        self, cb: Callable[[], Any], is_internal: bool = False, title: str = None
    ) -> Any:
        if self._api_zone.get():
            return await cb()
        task = asyncio.current_task(self._loop)
        st: List[inspect.FrameInfo] = getattr(
            task, "__pw_stack__", None
        ) or inspect.stack(0)
    
        parsed_st = _extract_stack_trace_information_from_stack(st, is_internal, title)
        self._api_zone.set(parsed_st)
        try:
            return await cb()
        except Exception as error:
>           raise rewrite_error(error, f"{parsed_st['apiName']}: {error}") from None
E           playwright._impl._errors.Error: APIRequestContext.get: connect ECONNREFUSED 127.0.0.1:3099
E           Call log:
E             - → GET http://localhost:3099/api/sessions/profiles
E               - user-agent: Mozilla/5.0 (X11; Linux x86_64) AppleWebKit/537.36 (KHTML, like Gecko) HeadlessChrome/140.0.7339.16 Safari/537.36
E               - accept: */*
E               - accept-encoding: gzip,deflate,br

/usr/local/lib/python3.12/dist-packages/playwright/_impl/_connection.py:558: Error
__________________ TestSessionList.test_sessions_returns_list __________________

self = <test_session_api.TestSessionList object at 0x78f3c16d5910>
page = <Page url='about:blank'>, base_url = 'http://localhost:3099'

    def test_sessions_returns_list(self, page, base_url):
        """Sessions endpoint returns a JSON array."""
>       resp = page.request.get(f"{base_url}/api/sessions")
               ^^^^^^^^^^^^^^^^^^^^^^^^^^^^^^^^^^^^^^^^^^^^

tests/playwright/test_session_api.py:52: 
_ _ _ _ _ _ _ _ _ _ _ _ _ _ _ _ _ _ _ _ _ _ _ _ _ _ _ _ _ _ _ _ _ _ _ _ _ _ _ _ 
/usr/local/lib/python3.12/dist-packages/playwright/sync_api/_generated.py:18446: in get
    self._sync(
/usr/local/lib/python3.12/dist-packages/playwright/_impl/_fetch.py:193: in get
    return await self.fetch(
/usr/local/lib/python3.12/dist-packages/playwright/_impl/_fetch.py:319: in fetch
    return await self._inner_fetch(
/usr/local/lib/python3.12/dist-packages/playwright/_impl/_fetch.py:410: in _inner_fetch
    response = await self._channel.send(
/usr/local/lib/python3.12/dist-packages/playwright/_impl/_connection.py:69: in send
    return await self._connection.wrap_api_call(
_ _ _ _ _ _ _ _ _ _ _ _ _ _ _ _ _ _ _ _ _ _ _ _ _ _ _ _ _ _ _ _ _ _ _ _ _ _ _ _ 

self = <playwright._impl._connection.Connection object at 0x78f3c2093800>
cb = <function Channel.send.<locals>.<lambda> at 0x78f3c0f53a60>
is_internal = False, title = None

    async def wrap_api_call(
        self, cb: Callable[[], Any], is_internal: bool = False, title: str = None
    ) -> Any:
        if self._api_zone.get():
            return await cb()
        task = asyncio.current_task(self._loop)
        st: List[inspect.FrameInfo] = getattr(
            task, "__pw_stack__", None
        ) or inspect.stack(0)
    
        parsed_st = _extract_stack_trace_information_from_stack(st, is_internal, title)
        self._api_zone.set(parsed_st)
        try:
            return await cb()
        except Exception as error:
>           raise rewrite_error(error, f"{parsed_st['apiName']}: {error}") from None
E           playwright._impl._errors.Error: APIRequestContext.get: connect ECONNREFUSED 127.0.0.1:3099
E           Call log:
E             - → GET http://localhost:3099/api/sessions
E               - user-agent: Mozilla/5.0 (X11; Linux x86_64) AppleWebKit/537.36 (KHTML, like Gecko) HeadlessChrome/140.0.7339.16 Safari/537.36
E               - accept: */*
E               - accept-encoding: gzip,deflate,br

/usr/local/lib/python3.12/dist-packages/playwright/_impl/_connection.py:558: Error
_____________ TestSessionList.test_sessions_filterable_by_provider _____________

self = <test_session_api.TestSessionList object at 0x78f3c16d49b0>
page = <Page url='about:blank'>, base_url = 'http://localhost:3099'

    def test_sessions_filterable_by_provider(self, page, base_url):
        """Sessions can be filtered by provider query param."""
>       resp = page.request.get(f"{base_url}/api/sessions?provider=local")
               ^^^^^^^^^^^^^^^^^^^^^^^^^^^^^^^^^^^^^^^^^^^^^^^^^^^^^^^^^^^

tests/playwright/test_session_api.py:59: 
_ _ _ _ _ _ _ _ _ _ _ _ _ _ _ _ _ _ _ _ _ _ _ _ _ _ _ _ _ _ _ _ _ _ _ _ _ _ _ _ 
/usr/local/lib/python3.12/dist-packages/playwright/sync_api/_generated.py:18446: in get
    self._sync(
/usr/local/lib/python3.12/dist-packages/playwright/_impl/_fetch.py:193: in get
    return await self.fetch(
/usr/local/lib/python3.12/dist-packages/playwright/_impl/_fetch.py:319: in fetch
    return await self._inner_fetch(
/usr/local/lib/python3.12/dist-packages/playwright/_impl/_fetch.py:410: in _inner_fetch
    response = await self._channel.send(
/usr/local/lib/python3.12/dist-packages/playwright/_impl/_connection.py:69: in send
    return await self._connection.wrap_api_call(
_ _ _ _ _ _ _ _ _ _ _ _ _ _ _ _ _ _ _ _ _ _ _ _ _ _ _ _ _ _ _ _ _ _ _ _ _ _ _ _ 

self = <playwright._impl._connection.Connection object at 0x78f3c2093800>
cb = <function Channel.send.<locals>.<lambda> at 0x78f3c1101440>
is_internal = False, title = None

    async def wrap_api_call(
        self, cb: Callable[[], Any], is_internal: bool = False, title: str = None
    ) -> Any:
        if self._api_zone.get():
            return await cb()
        task = asyncio.current_task(self._loop)
        st: List[inspect.FrameInfo] = getattr(
            task, "__pw_stack__", None
        ) or inspect.stack(0)
    
        parsed_st = _extract_stack_trace_information_from_stack(st, is_internal, title)
        self._api_zone.set(parsed_st)
        try:
            return await cb()
        except Exception as error:
>           raise rewrite_error(error, f"{parsed_st['apiName']}: {error}") from None
E           playwright._impl._errors.Error: APIRequestContext.get: connect ECONNREFUSED 127.0.0.1:3099
E           Call log:
E             - → GET http://localhost:3099/api/sessions?provider=local
E               - user-agent: Mozilla/5.0 (X11; Linux x86_64) AppleWebKit/537.36 (KHTML, like Gecko) HeadlessChrome/140.0.7339.16 Safari/537.36
E               - accept: */*
E               - accept-encoding: gzip,deflate,br

/usr/local/lib/python3.12/dist-packages/playwright/_impl/_connection.py:558: Error
______________ TestSessionList.test_sessions_filterable_by_status ______________

self = <test_session_api.TestSessionList object at 0x78f3c16d5b80>
page = <Page url='about:blank'>, base_url = 'http://localhost:3099'

    def test_sessions_filterable_by_status(self, page, base_url):
        """Sessions can be filtered by status query param."""
>       resp = page.request.get(f"{base_url}/api/sessions?status=active")
               ^^^^^^^^^^^^^^^^^^^^^^^^^^^^^^^^^^^^^^^^^^^^^^^^^^^^^^^^^^

tests/playwright/test_session_api.py:66: 
_ _ _ _ _ _ _ _ _ _ _ _ _ _ _ _ _ _ _ _ _ _ _ _ _ _ _ _ _ _ _ _ _ _ _ _ _ _ _ _ 
/usr/local/lib/python3.12/dist-packages/playwright/sync_api/_generated.py:18446: in get
    self._sync(
/usr/local/lib/python3.12/dist-packages/playwright/_impl/_fetch.py:193: in get
    return await self.fetch(
/usr/local/lib/python3.12/dist-packages/playwright/_impl/_fetch.py:319: in fetch
    return await self._inner_fetch(
/usr/local/lib/python3.12/dist-packages/playwright/_impl/_fetch.py:410: in _inner_fetch
    response = await self._channel.send(
/usr/local/lib/python3.12/dist-packages/playwright/_impl/_connection.py:69: in send
    return await self._connection.wrap_api_call(
_ _ _ _ _ _ _ _ _ _ _ _ _ _ _ _ _ _ _ _ _ _ _ _ _ _ _ _ _ _ _ _ _ _ _ _ _ _ _ _ 

self = <playwright._impl._connection.Connection object at 0x78f3c2093800>
cb = <function Channel.send.<locals>.<lambda> at 0x78f3c117a700>
is_internal = False, title = None

    async def wrap_api_call(
        self, cb: Callable[[], Any], is_internal: bool = False, title: str = None
    ) -> Any:
        if self._api_zone.get():
            return await cb()
        task = asyncio.current_task(self._loop)
        st: List[inspect.FrameInfo] = getattr(
            task, "__pw_stack__", None
        ) or inspect.stack(0)
    
        parsed_st = _extract_stack_trace_information_from_stack(st, is_internal, title)
        self._api_zone.set(parsed_st)
        try:
            return await cb()
        except Exception as error:
>           raise rewrite_error(error, f"{parsed_st['apiName']}: {error}") from None
E           playwright._impl._errors.Error: APIRequestContext.get: connect ECONNREFUSED 127.0.0.1:3099
E           Call log:
E             - → GET http://localhost:3099/api/sessions?status=active
E               - user-agent: Mozilla/5.0 (X11; Linux x86_64) AppleWebKit/537.36 (KHTML, like Gecko) HeadlessChrome/140.0.7339.16 Safari/537.36
E               - accept: */*
E               - accept-encoding: gzip,deflate,br

/usr/local/lib/python3.12/dist-packages/playwright/_impl/_connection.py:558: Error
_______________ TestSessionCRUD.test_create_session_returns_201 ________________

self = <test_session_api.TestSessionCRUD object at 0x78f3c16d5f10>
page = <Page url='about:blank'>, base_url = 'http://localhost:3099'

    def test_create_session_returns_201(self, page, base_url):
        """Creating a session returns 201 with session data."""
>       resp = page.request.post(
            f"{base_url}/api/sessions",
            data=json.dumps({"profile": "local-bash"}),
            headers={"Content-Type": "application/json"},
        )

tests/playwright/test_session_api.py:77: 
_ _ _ _ _ _ _ _ _ _ _ _ _ _ _ _ _ _ _ _ _ _ _ _ _ _ _ _ _ _ _ _ _ _ _ _ _ _ _ _ 
/usr/local/lib/python3.12/dist-packages/playwright/sync_api/_generated.py:18726: in post
    self._sync(
/usr/local/lib/python3.12/dist-packages/playwright/_impl/_fetch.py:280: in post
    return await self.fetch(
/usr/local/lib/python3.12/dist-packages/playwright/_impl/_fetch.py:319: in fetch
    return await self._inner_fetch(
/usr/local/lib/python3.12/dist-packages/playwright/_impl/_fetch.py:410: in _inner_fetch
    response = await self._channel.send(
/usr/local/lib/python3.12/dist-packages/playwright/_impl/_connection.py:69: in send
    return await self._connection.wrap_api_call(
_ _ _ _ _ _ _ _ _ _ _ _ _ _ _ _ _ _ _ _ _ _ _ _ _ _ _ _ _ _ _ _ _ _ _ _ _ _ _ _ 

self = <playwright._impl._connection.Connection object at 0x78f3c2093800>
cb = <function Channel.send.<locals>.<lambda> at 0x78f3c1491d00>
is_internal = False, title = None

    async def wrap_api_call(
        self, cb: Callable[[], Any], is_internal: bool = False, title: str = None
    ) -> Any:
        if self._api_zone.get():
            return await cb()
        task = asyncio.current_task(self._loop)
        st: List[inspect.FrameInfo] = getattr(
            task, "__pw_stack__", None
        ) or inspect.stack(0)
    
        parsed_st = _extract_stack_trace_information_from_stack(st, is_internal, title)
        self._api_zone.set(parsed_st)
        try:
            return await cb()
        except Exception as error:
>           raise rewrite_error(error, f"{parsed_st['apiName']}: {error}") from None
E           playwright._impl._errors.Error: APIRequestContext.post: connect ECONNREFUSED 127.0.0.1:3099
E           Call log:
E             - → POST http://localhost:3099/api/sessions
E               - user-agent: Mozilla/5.0 (X11; Linux x86_64) AppleWebKit/537.36 (KHTML, like Gecko) HeadlessChrome/140.0.7339.16 Safari/537.36
E               - accept: */*
E               - accept-encoding: gzip,deflate,br
E               - Content-Type: application/json
E               - content-length: 25

/usr/local/lib/python3.12/dist-packages/playwright/_impl/_connection.py:558: Error
____________________ TestSessionCRUD.test_get_session_by_id ____________________

self = <test_session_api.TestSessionCRUD object at 0x78f3c16d62a0>
page = <Page url='about:blank'>, base_url = 'http://localhost:3099'

    def test_get_session_by_id(self, page, base_url):
        """Can retrieve a created session by ID."""
        # Create
>       resp = page.request.post(
            f"{base_url}/api/sessions",
            data=json.dumps({"profile": "local-bash"}),
            headers={"Content-Type": "application/json"},
        )

tests/playwright/test_session_api.py:95: 
_ _ _ _ _ _ _ _ _ _ _ _ _ _ _ _ _ _ _ _ _ _ _ _ _ _ _ _ _ _ _ _ _ _ _ _ _ _ _ _ 
/usr/local/lib/python3.12/dist-packages/playwright/sync_api/_generated.py:18726: in post
    self._sync(
/usr/local/lib/python3.12/dist-packages/playwright/_impl/_fetch.py:280: in post
    return await self.fetch(
/usr/local/lib/python3.12/dist-packages/playwright/_impl/_fetch.py:319: in fetch
    return await self._inner_fetch(
/usr/local/lib/python3.12/dist-packages/playwright/_impl/_fetch.py:410: in _inner_fetch
    response = await self._channel.send(
/usr/local/lib/python3.12/dist-packages/playwright/_impl/_connection.py:69: in send
    return await self._connection.wrap_api_call(
_ _ _ _ _ _ _ _ _ _ _ _ _ _ _ _ _ _ _ _ _ _ _ _ _ _ _ _ _ _ _ _ _ _ _ _ _ _ _ _ 

self = <playwright._impl._connection.Connection object at 0x78f3c2093800>
cb = <function Channel.send.<locals>.<lambda> at 0x78f3c1491da0>
is_internal = False, title = None

    async def wrap_api_call(
        self, cb: Callable[[], Any], is_internal: bool = False, title: str = None
    ) -> Any:
        if self._api_zone.get():
            return await cb()
        task = asyncio.current_task(self._loop)
        st: List[inspect.FrameInfo] = getattr(
            task, "__pw_stack__", None
        ) or inspect.stack(0)
    
        parsed_st = _extract_stack_trace_information_from_stack(st, is_internal, title)
        self._api_zone.set(parsed_st)
        try:
            return await cb()
        except Exception as error:
>           raise rewrite_error(error, f"{parsed_st['apiName']}: {error}") from None
E           playwright._impl._errors.Error: APIRequestContext.post: connect ECONNREFUSED 127.0.0.1:3099
E           Call log:
E             - → POST http://localhost:3099/api/sessions
E               - user-agent: Mozilla/5.0 (X11; Linux x86_64) AppleWebKit/537.36 (KHTML, like Gecko) HeadlessChrome/140.0.7339.16 Safari/537.36
E               - accept: */*
E               - accept-encoding: gzip,deflate,br
E               - Content-Type: application/json
E               - content-length: 25

/usr/local/lib/python3.12/dist-packages/playwright/_impl/_connection.py:558: Error
_____________________ TestSessionCRUD.test_delete_session ______________________

self = <test_session_api.TestSessionCRUD object at 0x78f3c16d6630>
page = <Page url='about:blank'>, base_url = 'http://localhost:3099'

    def test_delete_session(self, page, base_url):
        """Deleting a session kills and removes it."""
        # Create
>       resp = page.request.post(
            f"{base_url}/api/sessions",
            data=json.dumps({"profile": "local-bash"}),
            headers={"Content-Type": "application/json"},
        )

tests/playwright/test_session_api.py:114: 
_ _ _ _ _ _ _ _ _ _ _ _ _ _ _ _ _ _ _ _ _ _ _ _ _ _ _ _ _ _ _ _ _ _ _ _ _ _ _ _ 
/usr/local/lib/python3.12/dist-packages/playwright/sync_api/_generated.py:18726: in post
    self._sync(
/usr/local/lib/python3.12/dist-packages/playwright/_impl/_fetch.py:280: in post
    return await self.fetch(
/usr/local/lib/python3.12/dist-packages/playwright/_impl/_fetch.py:319: in fetch
    return await self._inner_fetch(
/usr/local/lib/python3.12/dist-packages/playwright/_impl/_fetch.py:410: in _inner_fetch
    response = await self._channel.send(
/usr/local/lib/python3.12/dist-packages/playwright/_impl/_connection.py:69: in send
    return await self._connection.wrap_api_call(
_ _ _ _ _ _ _ _ _ _ _ _ _ _ _ _ _ _ _ _ _ _ _ _ _ _ _ _ _ _ _ _ _ _ _ _ _ _ _ _ 

self = <playwright._impl._connection.Connection object at 0x78f3c2093800>
cb = <function Channel.send.<locals>.<lambda> at 0x78f3c133bec0>
is_internal = False, title = None

    async def wrap_api_call(
        self, cb: Callable[[], Any], is_internal: bool = False, title: str = None
    ) -> Any:
        if self._api_zone.get():
            return await cb()
        task = asyncio.current_task(self._loop)
        st: List[inspect.FrameInfo] = getattr(
            task, "__pw_stack__", None
        ) or inspect.stack(0)
    
        parsed_st = _extract_stack_trace_information_from_stack(st, is_internal, title)
        self._api_zone.set(parsed_st)
        try:
            return await cb()
        except Exception as error:
>           raise rewrite_error(error, f"{parsed_st['apiName']}: {error}") from None
E           playwright._impl._errors.Error: APIRequestContext.post: connect ECONNREFUSED 127.0.0.1:3099
E           Call log:
E             - → POST http://localhost:3099/api/sessions
E               - user-agent: Mozilla/5.0 (X11; Linux x86_64) AppleWebKit/537.36 (KHTML, like Gecko) HeadlessChrome/140.0.7339.16 Safari/537.36
E               - accept: */*
E               - accept-encoding: gzip,deflate,br
E               - Content-Type: application/json
E               - content-length: 25

/usr/local/lib/python3.12/dist-packages/playwright/_impl/_connection.py:558: Error
_______________ TestSessionCRUD.test_get_nonexistent_returns_404 _______________

self = <test_session_api.TestSessionCRUD object at 0x78f3c16d69c0>
page = <Page url='about:blank'>, base_url = 'http://localhost:3099'

    def test_get_nonexistent_returns_404(self, page, base_url):
        """Getting a non-existent session returns 404."""
>       resp = page.request.get(f"{base_url}/api/sessions/S-0000-0000-xxxx")
               ^^^^^^^^^^^^^^^^^^^^^^^^^^^^^^^^^^^^^^^^^^^^^^^^^^^^^^^^^^^^^

tests/playwright/test_session_api.py:133: 
_ _ _ _ _ _ _ _ _ _ _ _ _ _ _ _ _ _ _ _ _ _ _ _ _ _ _ _ _ _ _ _ _ _ _ _ _ _ _ _ 
/usr/local/lib/python3.12/dist-packages/playwright/sync_api/_generated.py:18446: in get
    self._sync(
/usr/local/lib/python3.12/dist-packages/playwright/_impl/_fetch.py:193: in get
    return await self.fetch(
/usr/local/lib/python3.12/dist-packages/playwright/_impl/_fetch.py:319: in fetch
    return await self._inner_fetch(
/usr/local/lib/python3.12/dist-packages/playwright/_impl/_fetch.py:410: in _inner_fetch
    response = await self._channel.send(
/usr/local/lib/python3.12/dist-packages/playwright/_impl/_connection.py:69: in send
    return await self._connection.wrap_api_call(
_ _ _ _ _ _ _ _ _ _ _ _ _ _ _ _ _ _ _ _ _ _ _ _ _ _ _ _ _ _ _ _ _ _ _ _ _ _ _ _ 

self = <playwright._impl._connection.Connection object at 0x78f3c2093800>
cb = <function Channel.send.<locals>.<lambda> at 0x78f3c12447c0>
is_internal = False, title = None

    async def wrap_api_call(
        self, cb: Callable[[], Any], is_internal: bool = False, title: str = None
    ) -> Any:
        if self._api_zone.get():
            return await cb()
        task = asyncio.current_task(self._loop)
        st: List[inspect.FrameInfo] = getattr(
            task, "__pw_stack__", None
        ) or inspect.stack(0)
    
        parsed_st = _extract_stack_trace_information_from_stack(st, is_internal, title)
        self._api_zone.set(parsed_st)
        try:
            return await cb()
        except Exception as error:
>           raise rewrite_error(error, f"{parsed_st['apiName']}: {error}") from None
E           playwright._impl._errors.Error: APIRequestContext.get: connect ECONNREFUSED 127.0.0.1:3099
E           Call log:
E             - → GET http://localhost:3099/api/sessions/S-0000-0000-xxxx
E               - user-agent: Mozilla/5.0 (X11; Linux x86_64) AppleWebKit/537.36 (KHTML, like Gecko) HeadlessChrome/140.0.7339.16 Safari/537.36
E               - accept: */*
E               - accept-encoding: gzip,deflate,br

/usr/local/lib/python3.12/dist-packages/playwright/_impl/_connection.py:558: Error
_________________ TestSessionCRUD.test_session_appears_in_list _________________

self = <test_session_api.TestSessionCRUD object at 0x78f3c16d6d50>
page = <Page url='about:blank'>, base_url = 'http://localhost:3099'

    def test_session_appears_in_list(self, page, base_url):
        """Created session appears in the sessions list."""
        # Create
>       resp = page.request.post(
            f"{base_url}/api/sessions",
            data=json.dumps({"profile": "local-bash"}),
            headers={"Content-Type": "application/json"},
        )

tests/playwright/test_session_api.py:139: 
_ _ _ _ _ _ _ _ _ _ _ _ _ _ _ _ _ _ _ _ _ _ _ _ _ _ _ _ _ _ _ _ _ _ _ _ _ _ _ _ 
/usr/local/lib/python3.12/dist-packages/playwright/sync_api/_generated.py:18726: in post
    self._sync(
/usr/local/lib/python3.12/dist-packages/playwright/_impl/_fetch.py:280: in post
    return await self.fetch(
/usr/local/lib/python3.12/dist-packages/playwright/_impl/_fetch.py:319: in fetch
    return await self._inner_fetch(
/usr/local/lib/python3.12/dist-packages/playwright/_impl/_fetch.py:410: in _inner_fetch
    response = await self._channel.send(
/usr/local/lib/python3.12/dist-packages/playwright/_impl/_connection.py:69: in send
    return await self._connection.wrap_api_call(
_ _ _ _ _ _ _ _ _ _ _ _ _ _ _ _ _ _ _ _ _ _ _ _ _ _ _ _ _ _ _ _ _ _ _ _ _ _ _ _ 

self = <playwright._impl._connection.Connection object at 0x78f3c2093800>
cb = <function Channel.send.<locals>.<lambda> at 0x78f3c11d31a0>
is_internal = False, title = None

    async def wrap_api_call(
        self, cb: Callable[[], Any], is_internal: bool = False, title: str = None
    ) -> Any:
        if self._api_zone.get():
            return await cb()
        task = asyncio.current_task(self._loop)
        st: List[inspect.FrameInfo] = getattr(
            task, "__pw_stack__", None
        ) or inspect.stack(0)
    
        parsed_st = _extract_stack_trace_information_from_stack(st, is_internal, title)
        self._api_zone.set(parsed_st)
        try:
            return await cb()
        except Exception as error:
>           raise rewrite_error(error, f"{parsed_st['apiName']}: {error}") from None
E           playwright._impl._errors.Error: APIRequestContext.post: connect ECONNREFUSED 127.0.0.1:3099
E           Call log:
E             - → POST http://localhost:3099/api/sessions
E               - user-agent: Mozilla/5.0 (X11; Linux x86_64) AppleWebKit/537.36 (KHTML, like Gecko) HeadlessChrome/140.0.7339.16 Safari/537.36
E               - accept: */*
E               - accept-encoding: gzip,deflate,br
E               - Content-Type: application/json
E               - content-length: 25

/usr/local/lib/python3.12/dist-packages/playwright/_impl/_connection.py:558: Error
__________________ TestSessionsPage.test_sessions_page_loads ___________________

self = <test_sessions.TestSessionsPage object at 0x78f3c16d7560>
page = <Page url='chrome-error://chromewebdata/'>

    def test_sessions_page_loads(self, page: Page):
>       resp = page.goto(_url("/sessions"))
               ^^^^^^^^^^^^^^^^^^^^^^^^^^^^

tests/playwright/test_sessions.py:18: 
_ _ _ _ _ _ _ _ _ _ _ _ _ _ _ _ _ _ _ _ _ _ _ _ _ _ _ _ _ _ _ _ _ _ _ _ _ _ _ _ 
/usr/local/lib/python3.12/dist-packages/playwright/sync_api/_generated.py:9019: in goto
    self._sync(
/usr/local/lib/python3.12/dist-packages/playwright/_impl/_page.py:556: in goto
    return await self._main_frame.goto(**locals_to_params(locals()))
           ^^^^^^^^^^^^^^^^^^^^^^^^^^^^^^^^^^^^^^^^^^^^^^^^^^^^^^^^^
/usr/local/lib/python3.12/dist-packages/playwright/_impl/_frame.py:153: in goto
    await self._channel.send(
/usr/local/lib/python3.12/dist-packages/playwright/_impl/_connection.py:69: in send
    return await self._connection.wrap_api_call(
_ _ _ _ _ _ _ _ _ _ _ _ _ _ _ _ _ _ _ _ _ _ _ _ _ _ _ _ _ _ _ _ _ _ _ _ _ _ _ _ 

self = <playwright._impl._connection.Connection object at 0x78f3c2093800>
cb = <function Channel.send.<locals>.<lambda> at 0x78f3c133c7c0>
is_internal = False, title = None

    async def wrap_api_call(
        self, cb: Callable[[], Any], is_internal: bool = False, title: str = None
    ) -> Any:
        if self._api_zone.get():
            return await cb()
        task = asyncio.current_task(self._loop)
        st: List[inspect.FrameInfo] = getattr(
            task, "__pw_stack__", None
        ) or inspect.stack(0)
    
        parsed_st = _extract_stack_trace_information_from_stack(st, is_internal, title)
        self._api_zone.set(parsed_st)
        try:
            return await cb()
        except Exception as error:
>           raise rewrite_error(error, f"{parsed_st['apiName']}: {error}") from None
E           playwright._impl._errors.Error: Page.goto: net::ERR_CONNECTION_REFUSED at http://localhost:3099/sessions
E           Call log:
E             - navigating to "http://localhost:3099/sessions", waiting until "load"

/usr/local/lib/python3.12/dist-packages/playwright/_impl/_connection.py:558: Error
__________________ TestSessionsPage.test_sessions_has_heading __________________

self = <test_sessions.TestSessionsPage object at 0x78f3c16d78c0>
page = <Page url='chrome-error://chromewebdata/'>

    def test_sessions_has_heading(self, page: Page):
>       page.goto(_url("/sessions"))

tests/playwright/test_sessions.py:22: 
_ _ _ _ _ _ _ _ _ _ _ _ _ _ _ _ _ _ _ _ _ _ _ _ _ _ _ _ _ _ _ _ _ _ _ _ _ _ _ _ 
/usr/local/lib/python3.12/dist-packages/playwright/sync_api/_generated.py:9019: in goto
    self._sync(
/usr/local/lib/python3.12/dist-packages/playwright/_impl/_page.py:556: in goto
    return await self._main_frame.goto(**locals_to_params(locals()))
           ^^^^^^^^^^^^^^^^^^^^^^^^^^^^^^^^^^^^^^^^^^^^^^^^^^^^^^^^^
/usr/local/lib/python3.12/dist-packages/playwright/_impl/_frame.py:153: in goto
    await self._channel.send(
/usr/local/lib/python3.12/dist-packages/playwright/_impl/_connection.py:69: in send
    return await self._connection.wrap_api_call(
_ _ _ _ _ _ _ _ _ _ _ _ _ _ _ _ _ _ _ _ _ _ _ _ _ _ _ _ _ _ _ _ _ _ _ _ _ _ _ _ 

self = <playwright._impl._connection.Connection object at 0x78f3c2093800>
cb = <function Channel.send.<locals>.<lambda> at 0x78f3c133c2c0>
is_internal = False, title = None

    async def wrap_api_call(
        self, cb: Callable[[], Any], is_internal: bool = False, title: str = None
    ) -> Any:
        if self._api_zone.get():
            return await cb()
        task = asyncio.current_task(self._loop)
        st: List[inspect.FrameInfo] = getattr(
            task, "__pw_stack__", None
        ) or inspect.stack(0)
    
        parsed_st = _extract_stack_trace_information_from_stack(st, is_internal, title)
        self._api_zone.set(parsed_st)
        try:
            return await cb()
        except Exception as error:
>           raise rewrite_error(error, f"{parsed_st['apiName']}: {error}") from None
E           playwright._impl._errors.Error: Page.goto: net::ERR_CONNECTION_REFUSED at http://localhost:3099/sessions
E           Call log:
E             - navigating to "http://localhost:3099/sessions", waiting until "load"

/usr/local/lib/python3.12/dist-packages/playwright/_impl/_connection.py:558: Error
________________ TestSessionsPage.test_sessions_has_summary_bar ________________

self = <test_sessions.TestSessionsPage object at 0x78f3c16d7c50>
page = <Page url='chrome-error://chromewebdata/'>

    def test_sessions_has_summary_bar(self, page: Page):
        """Sessions page should show active/total counts."""
>       page.goto(_url("/sessions"))

tests/playwright/test_sessions.py:30: 
_ _ _ _ _ _ _ _ _ _ _ _ _ _ _ _ _ _ _ _ _ _ _ _ _ _ _ _ _ _ _ _ _ _ _ _ _ _ _ _ 
/usr/local/lib/python3.12/dist-packages/playwright/sync_api/_generated.py:9019: in goto
    self._sync(
/usr/local/lib/python3.12/dist-packages/playwright/_impl/_page.py:556: in goto
    return await self._main_frame.goto(**locals_to_params(locals()))
           ^^^^^^^^^^^^^^^^^^^^^^^^^^^^^^^^^^^^^^^^^^^^^^^^^^^^^^^^^
/usr/local/lib/python3.12/dist-packages/playwright/_impl/_frame.py:153: in goto
    await self._channel.send(
/usr/local/lib/python3.12/dist-packages/playwright/_impl/_connection.py:69: in send
    return await self._connection.wrap_api_call(
_ _ _ _ _ _ _ _ _ _ _ _ _ _ _ _ _ _ _ _ _ _ _ _ _ _ _ _ _ _ _ _ _ _ _ _ _ _ _ _ 

self = <playwright._impl._connection.Connection object at 0x78f3c2093800>
cb = <function Channel.send.<locals>.<lambda> at 0x78f3c059de40>
is_internal = False, title = None

    async def wrap_api_call(
        self, cb: Callable[[], Any], is_internal: bool = False, title: str = None
    ) -> Any:
        if self._api_zone.get():
            return await cb()
        task = asyncio.current_task(self._loop)
        st: List[inspect.FrameInfo] = getattr(
            task, "__pw_stack__", None
        ) or inspect.stack(0)
    
        parsed_st = _extract_stack_trace_information_from_stack(st, is_internal, title)
        self._api_zone.set(parsed_st)
        try:
            return await cb()
        except Exception as error:
>           raise rewrite_error(error, f"{parsed_st['apiName']}: {error}") from None
E           playwright._impl._errors.Error: Page.goto: net::ERR_CONNECTION_REFUSED at http://localhost:3099/sessions
E           Call log:
E             - navigating to "http://localhost:3099/sessions", waiting until "load"

/usr/local/lib/python3.12/dist-packages/playwright/_impl/_connection.py:558: Error
_______________ TestSessionsPage.test_sessions_has_terminal_link _______________

self = <test_sessions.TestSessionsPage object at 0x78f3c16adfa0>
page = <Page url='chrome-error://chromewebdata/'>

    def test_sessions_has_terminal_link(self, page: Page):
        """Sessions page should link to /terminal."""
>       page.goto(_url("/sessions"))

tests/playwright/test_sessions.py:38: 
_ _ _ _ _ _ _ _ _ _ _ _ _ _ _ _ _ _ _ _ _ _ _ _ _ _ _ _ _ _ _ _ _ _ _ _ _ _ _ _ 
/usr/local/lib/python3.12/dist-packages/playwright/sync_api/_generated.py:9019: in goto
    self._sync(
/usr/local/lib/python3.12/dist-packages/playwright/_impl/_page.py:556: in goto
    return await self._main_frame.goto(**locals_to_params(locals()))
           ^^^^^^^^^^^^^^^^^^^^^^^^^^^^^^^^^^^^^^^^^^^^^^^^^^^^^^^^^
/usr/local/lib/python3.12/dist-packages/playwright/_impl/_frame.py:153: in goto
    await self._channel.send(
/usr/local/lib/python3.12/dist-packages/playwright/_impl/_connection.py:69: in send
    return await self._connection.wrap_api_call(
_ _ _ _ _ _ _ _ _ _ _ _ _ _ _ _ _ _ _ _ _ _ _ _ _ _ _ _ _ _ _ _ _ _ _ _ _ _ _ _ 

self = <playwright._impl._connection.Connection object at 0x78f3c2093800>
cb = <function Channel.send.<locals>.<lambda> at 0x78f3c133fe20>
is_internal = False, title = None

    async def wrap_api_call(
        self, cb: Callable[[], Any], is_internal: bool = False, title: str = None
    ) -> Any:
        if self._api_zone.get():
            return await cb()
        task = asyncio.current_task(self._loop)
        st: List[inspect.FrameInfo] = getattr(
            task, "__pw_stack__", None
        ) or inspect.stack(0)
    
        parsed_st = _extract_stack_trace_information_from_stack(st, is_internal, title)
        self._api_zone.set(parsed_st)
        try:
            return await cb()
        except Exception as error:
>           raise rewrite_error(error, f"{parsed_st['apiName']}: {error}") from None
E           playwright._impl._errors.Error: Page.goto: net::ERR_CONNECTION_REFUSED at http://localhost:3099/sessions
E           Call log:
E             - navigating to "http://localhost:3099/sessions", waiting until "load"

/usr/local/lib/python3.12/dist-packages/playwright/_impl/_connection.py:558: Error
__________________ TestSettingsPage.test_settings_page_loads ___________________

self = <test_settings.TestSettingsPage object at 0x78f3c16d7350>
page = <Page url='chrome-error://chromewebdata/'>

    def test_settings_page_loads(self, page: Page):
>       resp = page.goto(_url("/settings/"), timeout=self.TIMEOUT)
               ^^^^^^^^^^^^^^^^^^^^^^^^^^^^^^^^^^^^^^^^^^^^^^^^^^^

tests/playwright/test_settings.py:20: 
_ _ _ _ _ _ _ _ _ _ _ _ _ _ _ _ _ _ _ _ _ _ _ _ _ _ _ _ _ _ _ _ _ _ _ _ _ _ _ _ 
/usr/local/lib/python3.12/dist-packages/playwright/sync_api/_generated.py:9019: in goto
    self._sync(
/usr/local/lib/python3.12/dist-packages/playwright/_impl/_page.py:556: in goto
    return await self._main_frame.goto(**locals_to_params(locals()))
           ^^^^^^^^^^^^^^^^^^^^^^^^^^^^^^^^^^^^^^^^^^^^^^^^^^^^^^^^^
/usr/local/lib/python3.12/dist-packages/playwright/_impl/_frame.py:153: in goto
    await self._channel.send(
/usr/local/lib/python3.12/dist-packages/playwright/_impl/_connection.py:69: in send
    return await self._connection.wrap_api_call(
_ _ _ _ _ _ _ _ _ _ _ _ _ _ _ _ _ _ _ _ _ _ _ _ _ _ _ _ _ _ _ _ _ _ _ _ _ _ _ _ 

self = <playwright._impl._connection.Connection object at 0x78f3c2093800>
cb = <function Channel.send.<locals>.<lambda> at 0x78f3c0e56480>
is_internal = False, title = None

    async def wrap_api_call(
        self, cb: Callable[[], Any], is_internal: bool = False, title: str = None
    ) -> Any:
        if self._api_zone.get():
            return await cb()
        task = asyncio.current_task(self._loop)
        st: List[inspect.FrameInfo] = getattr(
            task, "__pw_stack__", None
        ) or inspect.stack(0)
    
        parsed_st = _extract_stack_trace_information_from_stack(st, is_internal, title)
        self._api_zone.set(parsed_st)
        try:
            return await cb()
        except Exception as error:
>           raise rewrite_error(error, f"{parsed_st['apiName']}: {error}") from None
E           playwright._impl._errors.Error: Page.goto: net::ERR_CONNECTION_REFUSED at http://localhost:3099/settings/
E           Call log:
E             - navigating to "http://localhost:3099/settings/", waiting until "load"

/usr/local/lib/python3.12/dist-packages/playwright/_impl/_connection.py:558: Error
__________________ TestSettingsPage.test_settings_has_heading __________________

self = <test_settings.TestSettingsPage object at 0x78f3c16d6810>
page = <Page url='chrome-error://chromewebdata/'>

    def test_settings_has_heading(self, page: Page):
>       page.goto(_url("/settings/"), timeout=self.TIMEOUT)

tests/playwright/test_settings.py:24: 
_ _ _ _ _ _ _ _ _ _ _ _ _ _ _ _ _ _ _ _ _ _ _ _ _ _ _ _ _ _ _ _ _ _ _ _ _ _ _ _ 
/usr/local/lib/python3.12/dist-packages/playwright/sync_api/_generated.py:9019: in goto
    self._sync(
/usr/local/lib/python3.12/dist-packages/playwright/_impl/_page.py:556: in goto
    return await self._main_frame.goto(**locals_to_params(locals()))
           ^^^^^^^^^^^^^^^^^^^^^^^^^^^^^^^^^^^^^^^^^^^^^^^^^^^^^^^^^
/usr/local/lib/python3.12/dist-packages/playwright/_impl/_frame.py:153: in goto
    await self._channel.send(
/usr/local/lib/python3.12/dist-packages/playwright/_impl/_connection.py:69: in send
    return await self._connection.wrap_api_call(
_ _ _ _ _ _ _ _ _ _ _ _ _ _ _ _ _ _ _ _ _ _ _ _ _ _ _ _ _ _ _ _ _ _ _ _ _ _ _ _ 

self = <playwright._impl._connection.Connection object at 0x78f3c2093800>
cb = <function Channel.send.<locals>.<lambda> at 0x78f3c0e55120>
is_internal = False, title = None

    async def wrap_api_call(
        self, cb: Callable[[], Any], is_internal: bool = False, title: str = None
    ) -> Any:
        if self._api_zone.get():
            return await cb()
        task = asyncio.current_task(self._loop)
        st: List[inspect.FrameInfo] = getattr(
            task, "__pw_stack__", None
        ) or inspect.stack(0)
    
        parsed_st = _extract_stack_trace_information_from_stack(st, is_internal, title)
        self._api_zone.set(parsed_st)
        try:
            return await cb()
        except Exception as error:
>           raise rewrite_error(error, f"{parsed_st['apiName']}: {error}") from None
E           playwright._impl._errors.Error: Page.goto: net::ERR_CONNECTION_REFUSED at http://localhost:3099/settings/
E           Call log:
E             - navigating to "http://localhost:3099/settings/", waiting until "load"

/usr/local/lib/python3.12/dist-packages/playwright/_impl/_connection.py:558: Error
______________ TestSettingsPage.test_settings_has_config_sections ______________

self = <test_settings.TestSettingsPage object at 0x78f3c16d60c0>
page = <Page url='chrome-error://chromewebdata/'>

    def test_settings_has_config_sections(self, page: Page):
        """Settings page should show configuration options."""
>       page.goto(_url("/settings/"), timeout=self.TIMEOUT)

tests/playwright/test_settings.py:32: 
_ _ _ _ _ _ _ _ _ _ _ _ _ _ _ _ _ _ _ _ _ _ _ _ _ _ _ _ _ _ _ _ _ _ _ _ _ _ _ _ 
/usr/local/lib/python3.12/dist-packages/playwright/sync_api/_generated.py:9019: in goto
    self._sync(
/usr/local/lib/python3.12/dist-packages/playwright/_impl/_page.py:556: in goto
    return await self._main_frame.goto(**locals_to_params(locals()))
           ^^^^^^^^^^^^^^^^^^^^^^^^^^^^^^^^^^^^^^^^^^^^^^^^^^^^^^^^^
/usr/local/lib/python3.12/dist-packages/playwright/_impl/_frame.py:153: in goto
    await self._channel.send(
/usr/local/lib/python3.12/dist-packages/playwright/_impl/_connection.py:69: in send
    return await self._connection.wrap_api_call(
_ _ _ _ _ _ _ _ _ _ _ _ _ _ _ _ _ _ _ _ _ _ _ _ _ _ _ _ _ _ _ _ _ _ _ _ _ _ _ _ 

self = <playwright._impl._connection.Connection object at 0x78f3c2093800>
cb = <function Channel.send.<locals>.<lambda> at 0x78f3c0f01080>
is_internal = False, title = None

    async def wrap_api_call(
        self, cb: Callable[[], Any], is_internal: bool = False, title: str = None
    ) -> Any:
        if self._api_zone.get():
            return await cb()
        task = asyncio.current_task(self._loop)
        st: List[inspect.FrameInfo] = getattr(
            task, "__pw_stack__", None
        ) or inspect.stack(0)
    
        parsed_st = _extract_stack_trace_information_from_stack(st, is_internal, title)
        self._api_zone.set(parsed_st)
        try:
            return await cb()
        except Exception as error:
>           raise rewrite_error(error, f"{parsed_st['apiName']}: {error}") from None
E           playwright._impl._errors.Error: Page.goto: net::ERR_CONNECTION_REFUSED at http://localhost:3099/settings/
E           Call log:
E             - navigating to "http://localhost:3099/settings/", waiting until "load"

/usr/local/lib/python3.12/dist-packages/playwright/_impl/_connection.py:558: Error
______________ TestSettingsPage.test_settings_has_ollama_section _______________

self = <test_settings.TestSettingsPage object at 0x78f3c16d4740>
page = <Page url='chrome-error://chromewebdata/'>

    def test_settings_has_ollama_section(self, page: Page):
        """Settings page should show Ollama configuration."""
>       page.goto(_url("/settings/"), timeout=self.TIMEOUT)

tests/playwright/test_settings.py:39: 
_ _ _ _ _ _ _ _ _ _ _ _ _ _ _ _ _ _ _ _ _ _ _ _ _ _ _ _ _ _ _ _ _ _ _ _ _ _ _ _ 
/usr/local/lib/python3.12/dist-packages/playwright/sync_api/_generated.py:9019: in goto
    self._sync(
/usr/local/lib/python3.12/dist-packages/playwright/_impl/_page.py:556: in goto
    return await self._main_frame.goto(**locals_to_params(locals()))
           ^^^^^^^^^^^^^^^^^^^^^^^^^^^^^^^^^^^^^^^^^^^^^^^^^^^^^^^^^
/usr/local/lib/python3.12/dist-packages/playwright/_impl/_frame.py:153: in goto
    await self._channel.send(
/usr/local/lib/python3.12/dist-packages/playwright/_impl/_connection.py:69: in send
    return await self._connection.wrap_api_call(
_ _ _ _ _ _ _ _ _ _ _ _ _ _ _ _ _ _ _ _ _ _ _ _ _ _ _ _ _ _ _ _ _ _ _ _ _ _ _ _ 

self = <playwright._impl._connection.Connection object at 0x78f3c2093800>
cb = <function Channel.send.<locals>.<lambda> at 0x78f3c0f032e0>
is_internal = False, title = None

    async def wrap_api_call(
        self, cb: Callable[[], Any], is_internal: bool = False, title: str = None
    ) -> Any:
        if self._api_zone.get():
            return await cb()
        task = asyncio.current_task(self._loop)
        st: List[inspect.FrameInfo] = getattr(
            task, "__pw_stack__", None
        ) or inspect.stack(0)
    
        parsed_st = _extract_stack_trace_information_from_stack(st, is_internal, title)
        self._api_zone.set(parsed_st)
        try:
            return await cb()
        except Exception as error:
>           raise rewrite_error(error, f"{parsed_st['apiName']}: {error}") from None
E           playwright._impl._errors.Error: Page.goto: net::ERR_CONNECTION_REFUSED at http://localhost:3099/settings/
E           Call log:
E             - navigating to "http://localhost:3099/settings/", waiting until "load"

/usr/local/lib/python3.12/dist-packages/playwright/_impl/_connection.py:558: Error
___________ TestSettingsModels.test_settings_models_returns_response ___________

self = <test_settings_models.TestSettingsModels object at 0x78f3c16d7f50>
page = <Page url='about:blank'>, base_url = 'http://localhost:3099'

    def test_settings_models_returns_response(self, page, base_url):
        """Models endpoint returns 200."""
>       resp = page.request.get(f"{base_url}/settings/models")
               ^^^^^^^^^^^^^^^^^^^^^^^^^^^^^^^^^^^^^^^^^^^^^^^

tests/playwright/test_settings_models.py:13: 
_ _ _ _ _ _ _ _ _ _ _ _ _ _ _ _ _ _ _ _ _ _ _ _ _ _ _ _ _ _ _ _ _ _ _ _ _ _ _ _ 
/usr/local/lib/python3.12/dist-packages/playwright/sync_api/_generated.py:18446: in get
    self._sync(
/usr/local/lib/python3.12/dist-packages/playwright/_impl/_fetch.py:193: in get
    return await self.fetch(
/usr/local/lib/python3.12/dist-packages/playwright/_impl/_fetch.py:319: in fetch
    return await self._inner_fetch(
/usr/local/lib/python3.12/dist-packages/playwright/_impl/_fetch.py:410: in _inner_fetch
    response = await self._channel.send(
/usr/local/lib/python3.12/dist-packages/playwright/_impl/_connection.py:69: in send
    return await self._connection.wrap_api_call(
_ _ _ _ _ _ _ _ _ _ _ _ _ _ _ _ _ _ _ _ _ _ _ _ _ _ _ _ _ _ _ _ _ _ _ _ _ _ _ _ 

self = <playwright._impl._connection.Connection object at 0x78f3c2093800>
cb = <function Channel.send.<locals>.<lambda> at 0x78f3c113af20>
is_internal = False, title = None

    async def wrap_api_call(
        self, cb: Callable[[], Any], is_internal: bool = False, title: str = None
    ) -> Any:
        if self._api_zone.get():
            return await cb()
        task = asyncio.current_task(self._loop)
        st: List[inspect.FrameInfo] = getattr(
            task, "__pw_stack__", None
        ) or inspect.stack(0)
    
        parsed_st = _extract_stack_trace_information_from_stack(st, is_internal, title)
        self._api_zone.set(parsed_st)
        try:
            return await cb()
        except Exception as error:
>           raise rewrite_error(error, f"{parsed_st['apiName']}: {error}") from None
E           playwright._impl._errors.Error: APIRequestContext.get: connect ECONNREFUSED 127.0.0.1:3099
E           Call log:
E             - → GET http://localhost:3099/settings/models
E               - user-agent: Mozilla/5.0 (X11; Linux x86_64) AppleWebKit/537.36 (KHTML, like Gecko) HeadlessChrome/140.0.7339.16 Safari/537.36
E               - accept: */*
E               - accept-encoding: gzip,deflate,br

/usr/local/lib/python3.12/dist-packages/playwright/_impl/_connection.py:558: Error
_______________ TestSettingsNavLink.test_gear_visible_in_topbar ________________

self = <test_settings_nav_link.TestSettingsNavLink object at 0x78f3c1700680>
page = <Page url='chrome-error://chromewebdata/'>

    def test_gear_visible_in_topbar(self, page: Page):
>       page.goto(f"{TEST_URL}/", timeout=60000)

tests/playwright/test_settings_nav_link.py:23: 
_ _ _ _ _ _ _ _ _ _ _ _ _ _ _ _ _ _ _ _ _ _ _ _ _ _ _ _ _ _ _ _ _ _ _ _ _ _ _ _ 
/usr/local/lib/python3.12/dist-packages/playwright/sync_api/_generated.py:9019: in goto
    self._sync(
/usr/local/lib/python3.12/dist-packages/playwright/_impl/_page.py:556: in goto
    return await self._main_frame.goto(**locals_to_params(locals()))
           ^^^^^^^^^^^^^^^^^^^^^^^^^^^^^^^^^^^^^^^^^^^^^^^^^^^^^^^^^
/usr/local/lib/python3.12/dist-packages/playwright/_impl/_frame.py:153: in goto
    await self._channel.send(
/usr/local/lib/python3.12/dist-packages/playwright/_impl/_connection.py:69: in send
    return await self._connection.wrap_api_call(
_ _ _ _ _ _ _ _ _ _ _ _ _ _ _ _ _ _ _ _ _ _ _ _ _ _ _ _ _ _ _ _ _ _ _ _ _ _ _ _ 

self = <playwright._impl._connection.Connection object at 0x78f3c2093800>
cb = <function Channel.send.<locals>.<lambda> at 0x78f3c0f03880>
is_internal = False, title = None

    async def wrap_api_call(
        self, cb: Callable[[], Any], is_internal: bool = False, title: str = None
    ) -> Any:
        if self._api_zone.get():
            return await cb()
        task = asyncio.current_task(self._loop)
        st: List[inspect.FrameInfo] = getattr(
            task, "__pw_stack__", None
        ) or inspect.stack(0)
    
        parsed_st = _extract_stack_trace_information_from_stack(st, is_internal, title)
        self._api_zone.set(parsed_st)
        try:
            return await cb()
        except Exception as error:
>           raise rewrite_error(error, f"{parsed_st['apiName']}: {error}") from None
E           playwright._impl._errors.Error: Page.goto: net::ERR_CONNECTION_REFUSED at http://localhost:3099/
E           Call log:
E             - navigating to "http://localhost:3099/", waiting until "load"

/usr/local/lib/python3.12/dist-packages/playwright/_impl/_connection.py:558: Error
____________ TestSettingsNavLink.test_gear_navigates_to_appearance _____________

self = <test_settings_nav_link.TestSettingsNavLink object at 0x78f3c17009e0>
page = <Page url='chrome-error://chromewebdata/'>

    def test_gear_navigates_to_appearance(self, page: Page):
        # The body is hx-boost="true" — nav is an AJAX swap + history push, not a full
        # page load — so wait for the URL to change rather than for domcontentloaded.
>       page.goto(f"{TEST_URL}/", timeout=60000)

tests/playwright/test_settings_nav_link.py:33: 
_ _ _ _ _ _ _ _ _ _ _ _ _ _ _ _ _ _ _ _ _ _ _ _ _ _ _ _ _ _ _ _ _ _ _ _ _ _ _ _ 
/usr/local/lib/python3.12/dist-packages/playwright/sync_api/_generated.py:9019: in goto
    self._sync(
/usr/local/lib/python3.12/dist-packages/playwright/_impl/_page.py:556: in goto
    return await self._main_frame.goto(**locals_to_params(locals()))
           ^^^^^^^^^^^^^^^^^^^^^^^^^^^^^^^^^^^^^^^^^^^^^^^^^^^^^^^^^
/usr/local/lib/python3.12/dist-packages/playwright/_impl/_frame.py:153: in goto
    await self._channel.send(
/usr/local/lib/python3.12/dist-packages/playwright/_impl/_connection.py:69: in send
    return await self._connection.wrap_api_call(
_ _ _ _ _ _ _ _ _ _ _ _ _ _ _ _ _ _ _ _ _ _ _ _ _ _ _ _ _ _ _ _ _ _ _ _ _ _ _ _ 

self = <playwright._impl._connection.Connection object at 0x78f3c2093800>
cb = <function Channel.send.<locals>.<lambda> at 0x78f3c1179120>
is_internal = False, title = None

    async def wrap_api_call(
        self, cb: Callable[[], Any], is_internal: bool = False, title: str = None
    ) -> Any:
        if self._api_zone.get():
            return await cb()
        task = asyncio.current_task(self._loop)
        st: List[inspect.FrameInfo] = getattr(
            task, "__pw_stack__", None
        ) or inspect.stack(0)
    
        parsed_st = _extract_stack_trace_information_from_stack(st, is_internal, title)
        self._api_zone.set(parsed_st)
        try:
            return await cb()
        except Exception as error:
>           raise rewrite_error(error, f"{parsed_st['apiName']}: {error}") from None
E           playwright._impl._errors.Error: Page.goto: net::ERR_CONNECTION_REFUSED at http://localhost:3099/
E           Call log:
E             - navigating to "http://localhost:3099/", waiting until "load"

/usr/local/lib/python3.12/dist-packages/playwright/_impl/_connection.py:558: Error
_________ TestSettingsNavLink.test_gear_contrasts_bar_on_light_palette _________

self = <test_settings_nav_link.TestSettingsNavLink object at 0x78f3c1700d70>
page = <Page url='chrome-error://chromewebdata/'>

    def test_gear_contrasts_bar_on_light_palette(self, page: Page):
        # T-2031 regression class: nav-chrome icon must not be same-colour as its background.
>       page.goto(f"{TEST_URL}/", timeout=60000)

tests/playwright/test_settings_nav_link.py:41: 
_ _ _ _ _ _ _ _ _ _ _ _ _ _ _ _ _ _ _ _ _ _ _ _ _ _ _ _ _ _ _ _ _ _ _ _ _ _ _ _ 
/usr/local/lib/python3.12/dist-packages/playwright/sync_api/_generated.py:9019: in goto
    self._sync(
/usr/local/lib/python3.12/dist-packages/playwright/_impl/_page.py:556: in goto
    return await self._main_frame.goto(**locals_to_params(locals()))
           ^^^^^^^^^^^^^^^^^^^^^^^^^^^^^^^^^^^^^^^^^^^^^^^^^^^^^^^^^
/usr/local/lib/python3.12/dist-packages/playwright/_impl/_frame.py:153: in goto
    await self._channel.send(
/usr/local/lib/python3.12/dist-packages/playwright/_impl/_connection.py:69: in send
    return await self._connection.wrap_api_call(
_ _ _ _ _ _ _ _ _ _ _ _ _ _ _ _ _ _ _ _ _ _ _ _ _ _ _ _ _ _ _ _ _ _ _ _ _ _ _ _ 

self = <playwright._impl._connection.Connection object at 0x78f3c2093800>
cb = <function Channel.send.<locals>.<lambda> at 0x78f3c0f774c0>
is_internal = False, title = None

    async def wrap_api_call(
        self, cb: Callable[[], Any], is_internal: bool = False, title: str = None
    ) -> Any:
        if self._api_zone.get():
            return await cb()
        task = asyncio.current_task(self._loop)
        st: List[inspect.FrameInfo] = getattr(
            task, "__pw_stack__", None
        ) or inspect.stack(0)
    
        parsed_st = _extract_stack_trace_information_from_stack(st, is_internal, title)
        self._api_zone.set(parsed_st)
        try:
            return await cb()
        except Exception as error:
>           raise rewrite_error(error, f"{parsed_st['apiName']}: {error}") from None
E           playwright._impl._errors.Error: Page.goto: net::ERR_CONNECTION_REFUSED at http://localhost:3099/
E           Call log:
E             - navigating to "http://localhost:3099/", waiting until "load"

/usr/local/lib/python3.12/dist-packages/playwright/_impl/_connection.py:558: Error
_______________ TestSettingsNavLink.test_capture_review_artefact _______________

self = <test_settings_nav_link.TestSettingsNavLink object at 0x78f3c1701100>
page = <Page url='chrome-error://chromewebdata/'>

    def test_capture_review_artefact(self, page: Page):
        os.makedirs(ARTEFACT_DIR, exist_ok=True)
>       page.goto(f"{TEST_URL}/", timeout=60000)

tests/playwright/test_settings_nav_link.py:64: 
_ _ _ _ _ _ _ _ _ _ _ _ _ _ _ _ _ _ _ _ _ _ _ _ _ _ _ _ _ _ _ _ _ _ _ _ _ _ _ _ 
/usr/local/lib/python3.12/dist-packages/playwright/sync_api/_generated.py:9019: in goto
    self._sync(
/usr/local/lib/python3.12/dist-packages/playwright/_impl/_page.py:556: in goto
    return await self._main_frame.goto(**locals_to_params(locals()))
           ^^^^^^^^^^^^^^^^^^^^^^^^^^^^^^^^^^^^^^^^^^^^^^^^^^^^^^^^^
/usr/local/lib/python3.12/dist-packages/playwright/_impl/_frame.py:153: in goto
    await self._channel.send(
/usr/local/lib/python3.12/dist-packages/playwright/_impl/_connection.py:69: in send
    return await self._connection.wrap_api_call(
_ _ _ _ _ _ _ _ _ _ _ _ _ _ _ _ _ _ _ _ _ _ _ _ _ _ _ _ _ _ _ _ _ _ _ _ _ _ _ _ 

self = <playwright._impl._connection.Connection object at 0x78f3c2093800>
cb = <function Channel.send.<locals>.<lambda> at 0x78f3c0ec16c0>
is_internal = False, title = None

    async def wrap_api_call(
        self, cb: Callable[[], Any], is_internal: bool = False, title: str = None
    ) -> Any:
        if self._api_zone.get():
            return await cb()
        task = asyncio.current_task(self._loop)
        st: List[inspect.FrameInfo] = getattr(
            task, "__pw_stack__", None
        ) or inspect.stack(0)
    
        parsed_st = _extract_stack_trace_information_from_stack(st, is_internal, title)
        self._api_zone.set(parsed_st)
        try:
            return await cb()
        except Exception as error:
>           raise rewrite_error(error, f"{parsed_st['apiName']}: {error}") from None
E           playwright._impl._errors.Error: Page.goto: net::ERR_CONNECTION_REFUSED at http://localhost:3099/
E           Call log:
E             - navigating to "http://localhost:3099/", waiting until "load"

/usr/local/lib/python3.12/dist-packages/playwright/_impl/_connection.py:558: Error
__________________ TestShortcutsOverlay.test_open_close_fresh __________________

self = <test_shortcuts_overlay.TestShortcutsOverlay object at 0x78f3c1701910>
page = <Page url='chrome-error://chromewebdata/'>

    def test_open_close_fresh(self, page: Page):
>       _goto(page, "/tasks")

tests/playwright/test_shortcuts_overlay.py:40: 
_ _ _ _ _ _ _ _ _ _ _ _ _ _ _ _ _ _ _ _ _ _ _ _ _ _ _ _ _ _ _ _ _ _ _ _ _ _ _ _ 
tests/playwright/test_shortcuts_overlay.py:29: in _goto
    page.goto(f"{TEST_URL}{path}", timeout=60000)
/usr/local/lib/python3.12/dist-packages/playwright/sync_api/_generated.py:9019: in goto
    self._sync(
/usr/local/lib/python3.12/dist-packages/playwright/_impl/_page.py:556: in goto
    return await self._main_frame.goto(**locals_to_params(locals()))
           ^^^^^^^^^^^^^^^^^^^^^^^^^^^^^^^^^^^^^^^^^^^^^^^^^^^^^^^^^
/usr/local/lib/python3.12/dist-packages/playwright/_impl/_frame.py:153: in goto
    await self._channel.send(
/usr/local/lib/python3.12/dist-packages/playwright/_impl/_connection.py:69: in send
    return await self._connection.wrap_api_call(
_ _ _ _ _ _ _ _ _ _ _ _ _ _ _ _ _ _ _ _ _ _ _ _ _ _ _ _ _ _ _ _ _ _ _ _ _ _ _ _ 

self = <playwright._impl._connection.Connection object at 0x78f3c2093800>
cb = <function Channel.send.<locals>.<lambda> at 0x78f3c11d1440>
is_internal = False, title = None

    async def wrap_api_call(
        self, cb: Callable[[], Any], is_internal: bool = False, title: str = None
    ) -> Any:
        if self._api_zone.get():
            return await cb()
        task = asyncio.current_task(self._loop)
        st: List[inspect.FrameInfo] = getattr(
            task, "__pw_stack__", None
        ) or inspect.stack(0)
    
        parsed_st = _extract_stack_trace_information_from_stack(st, is_internal, title)
        self._api_zone.set(parsed_st)
        try:
            return await cb()
        except Exception as error:
>           raise rewrite_error(error, f"{parsed_st['apiName']}: {error}") from None
E           playwright._impl._errors.Error: Page.goto: net::ERR_CONNECTION_REFUSED at http://localhost:3099/tasks
E           Call log:
E             - navigating to "http://localhost:3099/tasks", waiting until "load"

/usr/local/lib/python3.12/dist-packages/playwright/_impl/_connection.py:558: Error
_____________ TestShortcutsOverlay.test_open_close_after_htmx_swap _____________

self = <test_shortcuts_overlay.TestShortcutsOverlay object at 0x78f3c1701c70>
page = <Page url='chrome-error://chromewebdata/'>

    def test_open_close_after_htmx_swap(self, page: Page):
>       _goto(page, "/tasks")

tests/playwright/test_shortcuts_overlay.py:47: 
_ _ _ _ _ _ _ _ _ _ _ _ _ _ _ _ _ _ _ _ _ _ _ _ _ _ _ _ _ _ _ _ _ _ _ _ _ _ _ _ 
tests/playwright/test_shortcuts_overlay.py:29: in _goto
    page.goto(f"{TEST_URL}{path}", timeout=60000)
/usr/local/lib/python3.12/dist-packages/playwright/sync_api/_generated.py:9019: in goto
    self._sync(
/usr/local/lib/python3.12/dist-packages/playwright/_impl/_page.py:556: in goto
    return await self._main_frame.goto(**locals_to_params(locals()))
           ^^^^^^^^^^^^^^^^^^^^^^^^^^^^^^^^^^^^^^^^^^^^^^^^^^^^^^^^^
/usr/local/lib/python3.12/dist-packages/playwright/_impl/_frame.py:153: in goto
    await self._channel.send(
/usr/local/lib/python3.12/dist-packages/playwright/_impl/_connection.py:69: in send
    return await self._connection.wrap_api_call(
_ _ _ _ _ _ _ _ _ _ _ _ _ _ _ _ _ _ _ _ _ _ _ _ _ _ _ _ _ _ _ _ _ _ _ _ _ _ _ _ 

self = <playwright._impl._connection.Connection object at 0x78f3c2093800>
cb = <function Channel.send.<locals>.<lambda> at 0x78f3c100e840>
is_internal = False, title = None

    async def wrap_api_call(
        self, cb: Callable[[], Any], is_internal: bool = False, title: str = None
    ) -> Any:
        if self._api_zone.get():
            return await cb()
        task = asyncio.current_task(self._loop)
        st: List[inspect.FrameInfo] = getattr(
            task, "__pw_stack__", None
        ) or inspect.stack(0)
    
        parsed_st = _extract_stack_trace_information_from_stack(st, is_internal, title)
        self._api_zone.set(parsed_st)
        try:
            return await cb()
        except Exception as error:
>           raise rewrite_error(error, f"{parsed_st['apiName']}: {error}") from None
E           playwright._impl._errors.Error: Page.goto: net::ERR_CONNECTION_REFUSED at http://localhost:3099/tasks
E           Call log:
E             - navigating to "http://localhost:3099/tasks", waiting until "load"

/usr/local/lib/python3.12/dist-packages/playwright/_impl/_connection.py:558: Error
________ TestShortcutsOverlay.test_question_mark_in_input_does_not_open ________

self = <test_shortcuts_overlay.TestShortcutsOverlay object at 0x78f3c16d5ca0>
page = <Page url='chrome-error://chromewebdata/'>

    def test_question_mark_in_input_does_not_open(self, page: Page):
>       _goto(page, "/tasks")

tests/playwright/test_shortcuts_overlay.py:55: 
_ _ _ _ _ _ _ _ _ _ _ _ _ _ _ _ _ _ _ _ _ _ _ _ _ _ _ _ _ _ _ _ _ _ _ _ _ _ _ _ 
tests/playwright/test_shortcuts_overlay.py:29: in _goto
    page.goto(f"{TEST_URL}{path}", timeout=60000)
/usr/local/lib/python3.12/dist-packages/playwright/sync_api/_generated.py:9019: in goto
    self._sync(
/usr/local/lib/python3.12/dist-packages/playwright/_impl/_page.py:556: in goto
    return await self._main_frame.goto(**locals_to_params(locals()))
           ^^^^^^^^^^^^^^^^^^^^^^^^^^^^^^^^^^^^^^^^^^^^^^^^^^^^^^^^^
/usr/local/lib/python3.12/dist-packages/playwright/_impl/_frame.py:153: in goto
    await self._channel.send(
/usr/local/lib/python3.12/dist-packages/playwright/_impl/_connection.py:69: in send
    return await self._connection.wrap_api_call(
_ _ _ _ _ _ _ _ _ _ _ _ _ _ _ _ _ _ _ _ _ _ _ _ _ _ _ _ _ _ _ _ _ _ _ _ _ _ _ _ 

self = <playwright._impl._connection.Connection object at 0x78f3c2093800>
cb = <function Channel.send.<locals>.<lambda> at 0x78f3c1255bc0>
is_internal = False, title = None

    async def wrap_api_call(
        self, cb: Callable[[], Any], is_internal: bool = False, title: str = None
    ) -> Any:
        if self._api_zone.get():
            return await cb()
        task = asyncio.current_task(self._loop)
        st: List[inspect.FrameInfo] = getattr(
            task, "__pw_stack__", None
        ) or inspect.stack(0)
    
        parsed_st = _extract_stack_trace_information_from_stack(st, is_internal, title)
        self._api_zone.set(parsed_st)
        try:
            return await cb()
        except Exception as error:
>           raise rewrite_error(error, f"{parsed_st['apiName']}: {error}") from None
E           playwright._impl._errors.Error: Page.goto: net::ERR_CONNECTION_REFUSED at http://localhost:3099/tasks
E           Call log:
E             - navigating to "http://localhost:3099/tasks", waiting until "load"

/usr/local/lib/python3.12/dist-packages/playwright/_impl/_connection.py:558: Error
____________ TestShortcutsOverlay.test_overlay_lists_live_shortcuts ____________

self = <test_shortcuts_overlay.TestShortcutsOverlay object at 0x78f3c16d6840>
page = <Page url='chrome-error://chromewebdata/'>

    def test_overlay_lists_live_shortcuts(self, page: Page):
>       _goto(page, "/tasks")

tests/playwright/test_shortcuts_overlay.py:65: 
_ _ _ _ _ _ _ _ _ _ _ _ _ _ _ _ _ _ _ _ _ _ _ _ _ _ _ _ _ _ _ _ _ _ _ _ _ _ _ _ 
tests/playwright/test_shortcuts_overlay.py:29: in _goto
    page.goto(f"{TEST_URL}{path}", timeout=60000)
/usr/local/lib/python3.12/dist-packages/playwright/sync_api/_generated.py:9019: in goto
    self._sync(
/usr/local/lib/python3.12/dist-packages/playwright/_impl/_page.py:556: in goto
    return await self._main_frame.goto(**locals_to_params(locals()))
           ^^^^^^^^^^^^^^^^^^^^^^^^^^^^^^^^^^^^^^^^^^^^^^^^^^^^^^^^^
/usr/local/lib/python3.12/dist-packages/playwright/_impl/_frame.py:153: in goto
    await self._channel.send(
/usr/local/lib/python3.12/dist-packages/playwright/_impl/_connection.py:69: in send
    return await self._connection.wrap_api_call(
_ _ _ _ _ _ _ _ _ _ _ _ _ _ _ _ _ _ _ _ _ _ _ _ _ _ _ _ _ _ _ _ _ _ _ _ _ _ _ _ 

self = <playwright._impl._connection.Connection object at 0x78f3c2093800>
cb = <function Channel.send.<locals>.<lambda> at 0x78f3c11011c0>
is_internal = False, title = None

    async def wrap_api_call(
        self, cb: Callable[[], Any], is_internal: bool = False, title: str = None
    ) -> Any:
        if self._api_zone.get():
            return await cb()
        task = asyncio.current_task(self._loop)
        st: List[inspect.FrameInfo] = getattr(
            task, "__pw_stack__", None
        ) or inspect.stack(0)
    
        parsed_st = _extract_stack_trace_information_from_stack(st, is_internal, title)
        self._api_zone.set(parsed_st)
        try:
            return await cb()
        except Exception as error:
>           raise rewrite_error(error, f"{parsed_st['apiName']}: {error}") from None
E           playwright._impl._errors.Error: Page.goto: net::ERR_CONNECTION_REFUSED at http://localhost:3099/tasks
E           Call log:
E             - navigating to "http://localhost:3099/tasks", waiting until "load"

/usr/local/lib/python3.12/dist-packages/playwright/_impl/_connection.py:558: Error
__________ TestShortcutsOverlay.test_palette_and_overlay_do_not_stack __________

self = <test_shortcuts_overlay.TestShortcutsOverlay object at 0x78f3c1701ac0>
page = <Page url='chrome-error://chromewebdata/'>

    def test_palette_and_overlay_do_not_stack(self, page: Page):
>       _goto(page, "/tasks")

tests/playwright/test_shortcuts_overlay.py:75: 
_ _ _ _ _ _ _ _ _ _ _ _ _ _ _ _ _ _ _ _ _ _ _ _ _ _ _ _ _ _ _ _ _ _ _ _ _ _ _ _ 
tests/playwright/test_shortcuts_overlay.py:29: in _goto
    page.goto(f"{TEST_URL}{path}", timeout=60000)
/usr/local/lib/python3.12/dist-packages/playwright/sync_api/_generated.py:9019: in goto
    self._sync(
/usr/local/lib/python3.12/dist-packages/playwright/_impl/_page.py:556: in goto
    return await self._main_frame.goto(**locals_to_params(locals()))
           ^^^^^^^^^^^^^^^^^^^^^^^^^^^^^^^^^^^^^^^^^^^^^^^^^^^^^^^^^
/usr/local/lib/python3.12/dist-packages/playwright/_impl/_frame.py:153: in goto
    await self._channel.send(
/usr/local/lib/python3.12/dist-packages/playwright/_impl/_connection.py:69: in send
    return await self._connection.wrap_api_call(
_ _ _ _ _ _ _ _ _ _ _ _ _ _ _ _ _ _ _ _ _ _ _ _ _ _ _ _ _ _ _ _ _ _ _ _ _ _ _ _ 

self = <playwright._impl._connection.Connection object at 0x78f3c2093800>
cb = <function Channel.send.<locals>.<lambda> at 0x78f3c1093a60>
is_internal = False, title = None

    async def wrap_api_call(
        self, cb: Callable[[], Any], is_internal: bool = False, title: str = None
    ) -> Any:
        if self._api_zone.get():
            return await cb()
        task = asyncio.current_task(self._loop)
        st: List[inspect.FrameInfo] = getattr(
            task, "__pw_stack__", None
        ) or inspect.stack(0)
    
        parsed_st = _extract_stack_trace_information_from_stack(st, is_internal, title)
        self._api_zone.set(parsed_st)
        try:
            return await cb()
        except Exception as error:
>           raise rewrite_error(error, f"{parsed_st['apiName']}: {error}") from None
E           playwright._impl._errors.Error: Page.goto: net::ERR_CONNECTION_REFUSED at http://localhost:3099/tasks
E           Call log:
E             - navigating to "http://localhost:3099/tasks", waiting until "load"

/usr/local/lib/python3.12/dist-packages/playwright/_impl/_connection.py:558: Error
______________ TestShortcutsOverlay.test_capture_review_artefact _______________

self = <test_shortcuts_overlay.TestShortcutsOverlay object at 0x78f3c1700ef0>
page = <Page url='chrome-error://chromewebdata/'>

    def test_capture_review_artefact(self, page: Page):
        os.makedirs(ARTEFACT_DIR, exist_ok=True)
>       _goto(page, "/tasks")

tests/playwright/test_shortcuts_overlay.py:84: 
_ _ _ _ _ _ _ _ _ _ _ _ _ _ _ _ _ _ _ _ _ _ _ _ _ _ _ _ _ _ _ _ _ _ _ _ _ _ _ _ 
tests/playwright/test_shortcuts_overlay.py:29: in _goto
    page.goto(f"{TEST_URL}{path}", timeout=60000)
/usr/local/lib/python3.12/dist-packages/playwright/sync_api/_generated.py:9019: in goto
    self._sync(
/usr/local/lib/python3.12/dist-packages/playwright/_impl/_page.py:556: in goto
    return await self._main_frame.goto(**locals_to_params(locals()))
           ^^^^^^^^^^^^^^^^^^^^^^^^^^^^^^^^^^^^^^^^^^^^^^^^^^^^^^^^^
/usr/local/lib/python3.12/dist-packages/playwright/_impl/_frame.py:153: in goto
    await self._channel.send(
/usr/local/lib/python3.12/dist-packages/playwright/_impl/_connection.py:69: in send
    return await self._connection.wrap_api_call(
_ _ _ _ _ _ _ _ _ _ _ _ _ _ _ _ _ _ _ _ _ _ _ _ _ _ _ _ _ _ _ _ _ _ _ _ _ _ _ _ 

self = <playwright._impl._connection.Connection object at 0x78f3c2093800>
cb = <function Channel.send.<locals>.<lambda> at 0x78f3c10911c0>
is_internal = False, title = None

    async def wrap_api_call(
        self, cb: Callable[[], Any], is_internal: bool = False, title: str = None
    ) -> Any:
        if self._api_zone.get():
            return await cb()
        task = asyncio.current_task(self._loop)
        st: List[inspect.FrameInfo] = getattr(
            task, "__pw_stack__", None
        ) or inspect.stack(0)
    
        parsed_st = _extract_stack_trace_information_from_stack(st, is_internal, title)
        self._api_zone.set(parsed_st)
        try:
            return await cb()
        except Exception as error:
>           raise rewrite_error(error, f"{parsed_st['apiName']}: {error}") from None
E           playwright._impl._errors.Error: Page.goto: net::ERR_CONNECTION_REFUSED at http://localhost:3099/tasks
E           Call log:
E             - navigating to "http://localhost:3099/tasks", waiting until "load"

/usr/local/lib/python3.12/dist-packages/playwright/_impl/_connection.py:558: Error
_______________________ TestHomepage.test_homepage_loads _______________________

self = <test_smoke.TestHomepage object at 0x78f3c1702120>
page = <Page url='chrome-error://chromewebdata/'>

    def test_homepage_loads(self, page: Page):
>       page.goto(_url("/"))

tests/playwright/test_smoke.py:24: 
_ _ _ _ _ _ _ _ _ _ _ _ _ _ _ _ _ _ _ _ _ _ _ _ _ _ _ _ _ _ _ _ _ _ _ _ _ _ _ _ 
/usr/local/lib/python3.12/dist-packages/playwright/sync_api/_generated.py:9019: in goto
    self._sync(
/usr/local/lib/python3.12/dist-packages/playwright/_impl/_page.py:556: in goto
    return await self._main_frame.goto(**locals_to_params(locals()))
           ^^^^^^^^^^^^^^^^^^^^^^^^^^^^^^^^^^^^^^^^^^^^^^^^^^^^^^^^^
/usr/local/lib/python3.12/dist-packages/playwright/_impl/_frame.py:153: in goto
    await self._channel.send(
/usr/local/lib/python3.12/dist-packages/playwright/_impl/_connection.py:69: in send
    return await self._connection.wrap_api_call(
_ _ _ _ _ _ _ _ _ _ _ _ _ _ _ _ _ _ _ _ _ _ _ _ _ _ _ _ _ _ _ _ _ _ _ _ _ _ _ _ 

self = <playwright._impl._connection.Connection object at 0x78f3c2093800>
cb = <function Channel.send.<locals>.<lambda> at 0x78f3c115ae80>
is_internal = False, title = None

    async def wrap_api_call(
        self, cb: Callable[[], Any], is_internal: bool = False, title: str = None
    ) -> Any:
        if self._api_zone.get():
            return await cb()
        task = asyncio.current_task(self._loop)
        st: List[inspect.FrameInfo] = getattr(
            task, "__pw_stack__", None
        ) or inspect.stack(0)
    
        parsed_st = _extract_stack_trace_information_from_stack(st, is_internal, title)
        self._api_zone.set(parsed_st)
        try:
            return await cb()
        except Exception as error:
>           raise rewrite_error(error, f"{parsed_st['apiName']}: {error}") from None
E           playwright._impl._errors.Error: Page.goto: net::ERR_CONNECTION_REFUSED at http://localhost:3099/
E           Call log:
E             - navigating to "http://localhost:3099/", waiting until "load"

/usr/local/lib/python3.12/dist-packages/playwright/_impl/_connection.py:558: Error
______________________ TestHomepage.test_homepage_has_nav ______________________

self = <test_smoke.TestHomepage object at 0x78f3c17024b0>
page = <Page url='chrome-error://chromewebdata/'>

    def test_homepage_has_nav(self, page: Page):
>       page.goto(_url("/"))

tests/playwright/test_smoke.py:28: 
_ _ _ _ _ _ _ _ _ _ _ _ _ _ _ _ _ _ _ _ _ _ _ _ _ _ _ _ _ _ _ _ _ _ _ _ _ _ _ _ 
/usr/local/lib/python3.12/dist-packages/playwright/sync_api/_generated.py:9019: in goto
    self._sync(
/usr/local/lib/python3.12/dist-packages/playwright/_impl/_page.py:556: in goto
    return await self._main_frame.goto(**locals_to_params(locals()))
           ^^^^^^^^^^^^^^^^^^^^^^^^^^^^^^^^^^^^^^^^^^^^^^^^^^^^^^^^^
/usr/local/lib/python3.12/dist-packages/playwright/_impl/_frame.py:153: in goto
    await self._channel.send(
/usr/local/lib/python3.12/dist-packages/playwright/_impl/_connection.py:69: in send
    return await self._connection.wrap_api_call(
_ _ _ _ _ _ _ _ _ _ _ _ _ _ _ _ _ _ _ _ _ _ _ _ _ _ _ _ _ _ _ _ _ _ _ _ _ _ _ _ 

self = <playwright._impl._connection.Connection object at 0x78f3c2093800>
cb = <function Channel.send.<locals>.<lambda> at 0x78f3c1058fe0>
is_internal = False, title = None

    async def wrap_api_call(
        self, cb: Callable[[], Any], is_internal: bool = False, title: str = None
    ) -> Any:
        if self._api_zone.get():
            return await cb()
        task = asyncio.current_task(self._loop)
        st: List[inspect.FrameInfo] = getattr(
            task, "__pw_stack__", None
        ) or inspect.stack(0)
    
        parsed_st = _extract_stack_trace_information_from_stack(st, is_internal, title)
        self._api_zone.set(parsed_st)
        try:
            return await cb()
        except Exception as error:
>           raise rewrite_error(error, f"{parsed_st['apiName']}: {error}") from None
E           playwright._impl._errors.Error: Page.goto: net::ERR_CONNECTION_REFUSED at http://localhost:3099/
E           Call log:
E             - navigating to "http://localhost:3099/", waiting until "load"

/usr/local/lib/python3.12/dist-packages/playwright/_impl/_connection.py:558: Error
_____________________ TestHomepage.test_homepage_no_errors _____________________

self = <test_smoke.TestHomepage object at 0x78f3c1702840>
page = <Page url='chrome-error://chromewebdata/'>

    def test_homepage_no_errors(self, page: Page):
        errors = []
        page.on("pageerror", lambda err: errors.append(str(err)))
>       page.goto(_url("/"))

tests/playwright/test_smoke.py:35: 
_ _ _ _ _ _ _ _ _ _ _ _ _ _ _ _ _ _ _ _ _ _ _ _ _ _ _ _ _ _ _ _ _ _ _ _ _ _ _ _ 
/usr/local/lib/python3.12/dist-packages/playwright/sync_api/_generated.py:9019: in goto
    self._sync(
/usr/local/lib/python3.12/dist-packages/playwright/_impl/_page.py:556: in goto
    return await self._main_frame.goto(**locals_to_params(locals()))
           ^^^^^^^^^^^^^^^^^^^^^^^^^^^^^^^^^^^^^^^^^^^^^^^^^^^^^^^^^
/usr/local/lib/python3.12/dist-packages/playwright/_impl/_frame.py:153: in goto
    await self._channel.send(
/usr/local/lib/python3.12/dist-packages/playwright/_impl/_connection.py:69: in send
    return await self._connection.wrap_api_call(
_ _ _ _ _ _ _ _ _ _ _ _ _ _ _ _ _ _ _ _ _ _ _ _ _ _ _ _ _ _ _ _ _ _ _ _ _ _ _ _ 

self = <playwright._impl._connection.Connection object at 0x78f3c2093800>
cb = <function Channel.send.<locals>.<lambda> at 0x78f3c1092200>
is_internal = False, title = None

    async def wrap_api_call(
        self, cb: Callable[[], Any], is_internal: bool = False, title: str = None
    ) -> Any:
        if self._api_zone.get():
            return await cb()
        task = asyncio.current_task(self._loop)
        st: List[inspect.FrameInfo] = getattr(
            task, "__pw_stack__", None
        ) or inspect.stack(0)
    
        parsed_st = _extract_stack_trace_information_from_stack(st, is_internal, title)
        self._api_zone.set(parsed_st)
        try:
            return await cb()
        except Exception as error:
>           raise rewrite_error(error, f"{parsed_st['apiName']}: {error}") from None
E           playwright._impl._errors.Error: Page.goto: net::ERR_CONNECTION_REFUSED at http://localhost:3099/
E           Call log:
E             - navigating to "http://localhost:3099/", waiting until "load"

/usr/local/lib/python3.12/dist-packages/playwright/_impl/_connection.py:558: Error
_________________ TestCorePages.test_page_loads[/tasks-Tasks] __________________

self = <test_smoke.TestCorePages object at 0x78f3c1702d50>
page = <Page url='chrome-error://chromewebdata/'>, path = '/tasks'
content_marker = 'Tasks'

    @pytest.mark.parametrize(
        "path,content_marker",
        [
            ("/tasks", "Tasks"),
            ("/fabric", "Fabric"),
            ("/inception", "Inception"),
            ("/timeline", "Timeline"),
            ("/config", "Config"),
            ("/health", "ok"),
        ],
    )
    def test_page_loads(self, page: Page, path: str, content_marker: str):
>       resp = page.goto(_url(path))
               ^^^^^^^^^^^^^^^^^^^^^

tests/playwright/test_smoke.py:57: 
_ _ _ _ _ _ _ _ _ _ _ _ _ _ _ _ _ _ _ _ _ _ _ _ _ _ _ _ _ _ _ _ _ _ _ _ _ _ _ _ 
/usr/local/lib/python3.12/dist-packages/playwright/sync_api/_generated.py:9019: in goto
    self._sync(
/usr/local/lib/python3.12/dist-packages/playwright/_impl/_page.py:556: in goto
    return await self._main_frame.goto(**locals_to_params(locals()))
           ^^^^^^^^^^^^^^^^^^^^^^^^^^^^^^^^^^^^^^^^^^^^^^^^^^^^^^^^^
/usr/local/lib/python3.12/dist-packages/playwright/_impl/_frame.py:153: in goto
    await self._channel.send(
/usr/local/lib/python3.12/dist-packages/playwright/_impl/_connection.py:69: in send
    return await self._connection.wrap_api_call(
_ _ _ _ _ _ _ _ _ _ _ _ _ _ _ _ _ _ _ _ _ _ _ _ _ _ _ _ _ _ _ _ _ _ _ _ _ _ _ _ 

self = <playwright._impl._connection.Connection object at 0x78f3c2093800>
cb = <function Channel.send.<locals>.<lambda> at 0x78f3c1091580>
is_internal = False, title = None

    async def wrap_api_call(
        self, cb: Callable[[], Any], is_internal: bool = False, title: str = None
    ) -> Any:
        if self._api_zone.get():
            return await cb()
        task = asyncio.current_task(self._loop)
        st: List[inspect.FrameInfo] = getattr(
            task, "__pw_stack__", None
        ) or inspect.stack(0)
    
        parsed_st = _extract_stack_trace_information_from_stack(st, is_internal, title)
        self._api_zone.set(parsed_st)
        try:
            return await cb()
        except Exception as error:
>           raise rewrite_error(error, f"{parsed_st['apiName']}: {error}") from None
E           playwright._impl._errors.Error: Page.goto: net::ERR_CONNECTION_REFUSED at http://localhost:3099/tasks
E           Call log:
E             - navigating to "http://localhost:3099/tasks", waiting until "load"

/usr/local/lib/python3.12/dist-packages/playwright/_impl/_connection.py:558: Error
________________ TestCorePages.test_page_loads[/fabric-Fabric] _________________

self = <test_smoke.TestCorePages object at 0x78f3c1702f90>
page = <Page url='chrome-error://chromewebdata/'>, path = '/fabric'
content_marker = 'Fabric'

    @pytest.mark.parametrize(
        "path,content_marker",
        [
            ("/tasks", "Tasks"),
            ("/fabric", "Fabric"),
            ("/inception", "Inception"),
            ("/timeline", "Timeline"),
            ("/config", "Config"),
            ("/health", "ok"),
        ],
    )
    def test_page_loads(self, page: Page, path: str, content_marker: str):
>       resp = page.goto(_url(path))
               ^^^^^^^^^^^^^^^^^^^^^

tests/playwright/test_smoke.py:57: 
_ _ _ _ _ _ _ _ _ _ _ _ _ _ _ _ _ _ _ _ _ _ _ _ _ _ _ _ _ _ _ _ _ _ _ _ _ _ _ _ 
/usr/local/lib/python3.12/dist-packages/playwright/sync_api/_generated.py:9019: in goto
    self._sync(
/usr/local/lib/python3.12/dist-packages/playwright/_impl/_page.py:556: in goto
    return await self._main_frame.goto(**locals_to_params(locals()))
           ^^^^^^^^^^^^^^^^^^^^^^^^^^^^^^^^^^^^^^^^^^^^^^^^^^^^^^^^^
/usr/local/lib/python3.12/dist-packages/playwright/_impl/_frame.py:153: in goto
    await self._channel.send(
/usr/local/lib/python3.12/dist-packages/playwright/_impl/_connection.py:69: in send
    return await self._connection.wrap_api_call(
_ _ _ _ _ _ _ _ _ _ _ _ _ _ _ _ _ _ _ _ _ _ _ _ _ _ _ _ _ _ _ _ _ _ _ _ _ _ _ _ 

self = <playwright._impl._connection.Connection object at 0x78f3c2093800>
cb = <function Channel.send.<locals>.<lambda> at 0x78f3c1100180>
is_internal = False, title = None

    async def wrap_api_call(
        self, cb: Callable[[], Any], is_internal: bool = False, title: str = None
    ) -> Any:
        if self._api_zone.get():
            return await cb()
        task = asyncio.current_task(self._loop)
        st: List[inspect.FrameInfo] = getattr(
            task, "__pw_stack__", None
        ) or inspect.stack(0)
    
        parsed_st = _extract_stack_trace_information_from_stack(st, is_internal, title)
        self._api_zone.set(parsed_st)
        try:
            return await cb()
        except Exception as error:
>           raise rewrite_error(error, f"{parsed_st['apiName']}: {error}") from None
E           playwright._impl._errors.Error: Page.goto: net::ERR_CONNECTION_REFUSED at http://localhost:3099/fabric
E           Call log:
E             - navigating to "http://localhost:3099/fabric", waiting until "load"

/usr/local/lib/python3.12/dist-packages/playwright/_impl/_connection.py:558: Error
_____________ TestCorePages.test_page_loads[/inception-Inception] ______________

self = <test_smoke.TestCorePages object at 0x78f3c1703050>
page = <Page url='chrome-error://chromewebdata/'>, path = '/inception'
content_marker = 'Inception'

    @pytest.mark.parametrize(
        "path,content_marker",
        [
            ("/tasks", "Tasks"),
            ("/fabric", "Fabric"),
            ("/inception", "Inception"),
            ("/timeline", "Timeline"),
            ("/config", "Config"),
            ("/health", "ok"),
        ],
    )
    def test_page_loads(self, page: Page, path: str, content_marker: str):
>       resp = page.goto(_url(path))
               ^^^^^^^^^^^^^^^^^^^^^

tests/playwright/test_smoke.py:57: 
_ _ _ _ _ _ _ _ _ _ _ _ _ _ _ _ _ _ _ _ _ _ _ _ _ _ _ _ _ _ _ _ _ _ _ _ _ _ _ _ 
/usr/local/lib/python3.12/dist-packages/playwright/sync_api/_generated.py:9019: in goto
    self._sync(
/usr/local/lib/python3.12/dist-packages/playwright/_impl/_page.py:556: in goto
    return await self._main_frame.goto(**locals_to_params(locals()))
           ^^^^^^^^^^^^^^^^^^^^^^^^^^^^^^^^^^^^^^^^^^^^^^^^^^^^^^^^^
/usr/local/lib/python3.12/dist-packages/playwright/_impl/_frame.py:153: in goto
    await self._channel.send(
/usr/local/lib/python3.12/dist-packages/playwright/_impl/_connection.py:69: in send
    return await self._connection.wrap_api_call(
_ _ _ _ _ _ _ _ _ _ _ _ _ _ _ _ _ _ _ _ _ _ _ _ _ _ _ _ _ _ _ _ _ _ _ _ _ _ _ _ 

self = <playwright._impl._connection.Connection object at 0x78f3c2093800>
cb = <function Channel.send.<locals>.<lambda> at 0x78f3c105a520>
is_internal = False, title = None

    async def wrap_api_call(
        self, cb: Callable[[], Any], is_internal: bool = False, title: str = None
    ) -> Any:
        if self._api_zone.get():
            return await cb()
        task = asyncio.current_task(self._loop)
        st: List[inspect.FrameInfo] = getattr(
            task, "__pw_stack__", None
        ) or inspect.stack(0)
    
        parsed_st = _extract_stack_trace_information_from_stack(st, is_internal, title)
        self._api_zone.set(parsed_st)
        try:
            return await cb()
        except Exception as error:
>           raise rewrite_error(error, f"{parsed_st['apiName']}: {error}") from None
E           playwright._impl._errors.Error: Page.goto: net::ERR_CONNECTION_REFUSED at http://localhost:3099/inception
E           Call log:
E             - navigating to "http://localhost:3099/inception", waiting until "load"

/usr/local/lib/python3.12/dist-packages/playwright/_impl/_connection.py:558: Error
______________ TestCorePages.test_page_loads[/timeline-Timeline] _______________

self = <test_smoke.TestCorePages object at 0x78f3c1703110>
page = <Page url='chrome-error://chromewebdata/'>, path = '/timeline'
content_marker = 'Timeline'

    @pytest.mark.parametrize(
        "path,content_marker",
        [
            ("/tasks", "Tasks"),
            ("/fabric", "Fabric"),
            ("/inception", "Inception"),
            ("/timeline", "Timeline"),
            ("/config", "Config"),
            ("/health", "ok"),
        ],
    )
    def test_page_loads(self, page: Page, path: str, content_marker: str):
>       resp = page.goto(_url(path))
               ^^^^^^^^^^^^^^^^^^^^^

tests/playwright/test_smoke.py:57: 
_ _ _ _ _ _ _ _ _ _ _ _ _ _ _ _ _ _ _ _ _ _ _ _ _ _ _ _ _ _ _ _ _ _ _ _ _ _ _ _ 
/usr/local/lib/python3.12/dist-packages/playwright/sync_api/_generated.py:9019: in goto
    self._sync(
/usr/local/lib/python3.12/dist-packages/playwright/_impl/_page.py:556: in goto
    return await self._main_frame.goto(**locals_to_params(locals()))
           ^^^^^^^^^^^^^^^^^^^^^^^^^^^^^^^^^^^^^^^^^^^^^^^^^^^^^^^^^
/usr/local/lib/python3.12/dist-packages/playwright/_impl/_frame.py:153: in goto
    await self._channel.send(
/usr/local/lib/python3.12/dist-packages/playwright/_impl/_connection.py:69: in send
    return await self._connection.wrap_api_call(
_ _ _ _ _ _ _ _ _ _ _ _ _ _ _ _ _ _ _ _ _ _ _ _ _ _ _ _ _ _ _ _ _ _ _ _ _ _ _ _ 

self = <playwright._impl._connection.Connection object at 0x78f3c2093800>
cb = <function Channel.send.<locals>.<lambda> at 0x78f3c1058cc0>
is_internal = False, title = None

    async def wrap_api_call(
        self, cb: Callable[[], Any], is_internal: bool = False, title: str = None
    ) -> Any:
        if self._api_zone.get():
            return await cb()
        task = asyncio.current_task(self._loop)
        st: List[inspect.FrameInfo] = getattr(
            task, "__pw_stack__", None
        ) or inspect.stack(0)
    
        parsed_st = _extract_stack_trace_information_from_stack(st, is_internal, title)
        self._api_zone.set(parsed_st)
        try:
            return await cb()
        except Exception as error:
>           raise rewrite_error(error, f"{parsed_st['apiName']}: {error}") from None
E           playwright._impl._errors.Error: Page.goto: net::ERR_CONNECTION_REFUSED at http://localhost:3099/timeline
E           Call log:
E             - navigating to "http://localhost:3099/timeline", waiting until "load"

/usr/local/lib/python3.12/dist-packages/playwright/_impl/_connection.py:558: Error
________________ TestCorePages.test_page_loads[/config-Config] _________________

self = <test_smoke.TestCorePages object at 0x78f3c17031d0>
page = <Page url='chrome-error://chromewebdata/'>, path = '/config'
content_marker = 'Config'

    @pytest.mark.parametrize(
        "path,content_marker",
        [
            ("/tasks", "Tasks"),
            ("/fabric", "Fabric"),
            ("/inception", "Inception"),
            ("/timeline", "Timeline"),
            ("/config", "Config"),
            ("/health", "ok"),
        ],
    )
    def test_page_loads(self, page: Page, path: str, content_marker: str):
>       resp = page.goto(_url(path))
               ^^^^^^^^^^^^^^^^^^^^^

tests/playwright/test_smoke.py:57: 
_ _ _ _ _ _ _ _ _ _ _ _ _ _ _ _ _ _ _ _ _ _ _ _ _ _ _ _ _ _ _ _ _ _ _ _ _ _ _ _ 
/usr/local/lib/python3.12/dist-packages/playwright/sync_api/_generated.py:9019: in goto
    self._sync(
/usr/local/lib/python3.12/dist-packages/playwright/_impl/_page.py:556: in goto
    return await self._main_frame.goto(**locals_to_params(locals()))
           ^^^^^^^^^^^^^^^^^^^^^^^^^^^^^^^^^^^^^^^^^^^^^^^^^^^^^^^^^
/usr/local/lib/python3.12/dist-packages/playwright/_impl/_frame.py:153: in goto
    await self._channel.send(
/usr/local/lib/python3.12/dist-packages/playwright/_impl/_connection.py:69: in send
    return await self._connection.wrap_api_call(
_ _ _ _ _ _ _ _ _ _ _ _ _ _ _ _ _ _ _ _ _ _ _ _ _ _ _ _ _ _ _ _ _ _ _ _ _ _ _ _ 

self = <playwright._impl._connection.Connection object at 0x78f3c2093800>
cb = <function Channel.send.<locals>.<lambda> at 0x78f3c10911c0>
is_internal = False, title = None

    async def wrap_api_call(
        self, cb: Callable[[], Any], is_internal: bool = False, title: str = None
    ) -> Any:
        if self._api_zone.get():
            return await cb()
        task = asyncio.current_task(self._loop)
        st: List[inspect.FrameInfo] = getattr(
            task, "__pw_stack__", None
        ) or inspect.stack(0)
    
        parsed_st = _extract_stack_trace_information_from_stack(st, is_internal, title)
        self._api_zone.set(parsed_st)
        try:
            return await cb()
        except Exception as error:
>           raise rewrite_error(error, f"{parsed_st['apiName']}: {error}") from None
E           playwright._impl._errors.Error: Page.goto: net::ERR_CONNECTION_REFUSED at http://localhost:3099/config
E           Call log:
E             - navigating to "http://localhost:3099/config", waiting until "load"

/usr/local/lib/python3.12/dist-packages/playwright/_impl/_connection.py:558: Error
__________________ TestCorePages.test_page_loads[/health-ok] ___________________

self = <test_smoke.TestCorePages object at 0x78f3c1703290>
page = <Page url='chrome-error://chromewebdata/'>, path = '/health'
content_marker = 'ok'

    @pytest.mark.parametrize(
        "path,content_marker",
        [
            ("/tasks", "Tasks"),
            ("/fabric", "Fabric"),
            ("/inception", "Inception"),
            ("/timeline", "Timeline"),
            ("/config", "Config"),
            ("/health", "ok"),
        ],
    )
    def test_page_loads(self, page: Page, path: str, content_marker: str):
>       resp = page.goto(_url(path))
               ^^^^^^^^^^^^^^^^^^^^^

tests/playwright/test_smoke.py:57: 
_ _ _ _ _ _ _ _ _ _ _ _ _ _ _ _ _ _ _ _ _ _ _ _ _ _ _ _ _ _ _ _ _ _ _ _ _ _ _ _ 
/usr/local/lib/python3.12/dist-packages/playwright/sync_api/_generated.py:9019: in goto
    self._sync(
/usr/local/lib/python3.12/dist-packages/playwright/_impl/_page.py:556: in goto
    return await self._main_frame.goto(**locals_to_params(locals()))
           ^^^^^^^^^^^^^^^^^^^^^^^^^^^^^^^^^^^^^^^^^^^^^^^^^^^^^^^^^
/usr/local/lib/python3.12/dist-packages/playwright/_impl/_frame.py:153: in goto
    await self._channel.send(
/usr/local/lib/python3.12/dist-packages/playwright/_impl/_connection.py:69: in send
    return await self._connection.wrap_api_call(
_ _ _ _ _ _ _ _ _ _ _ _ _ _ _ _ _ _ _ _ _ _ _ _ _ _ _ _ _ _ _ _ _ _ _ _ _ _ _ _ 

self = <playwright._impl._connection.Connection object at 0x78f3c2093800>
cb = <function Channel.send.<locals>.<lambda> at 0x78f3c1058e00>
is_internal = False, title = None

    async def wrap_api_call(
        self, cb: Callable[[], Any], is_internal: bool = False, title: str = None
    ) -> Any:
        if self._api_zone.get():
            return await cb()
        task = asyncio.current_task(self._loop)
        st: List[inspect.FrameInfo] = getattr(
            task, "__pw_stack__", None
        ) or inspect.stack(0)
    
        parsed_st = _extract_stack_trace_information_from_stack(st, is_internal, title)
        self._api_zone.set(parsed_st)
        try:
            return await cb()
        except Exception as error:
>           raise rewrite_error(error, f"{parsed_st['apiName']}: {error}") from None
E           playwright._impl._errors.Error: Page.goto: net::ERR_CONNECTION_REFUSED at http://localhost:3099/health
E           Call log:
E             - navigating to "http://localhost:3099/health", waiting until "load"

/usr/local/lib/python3.12/dist-packages/playwright/_impl/_connection.py:558: Error
____________________ TestNavigation.test_navigate_to_tasks _____________________

self = <test_smoke.TestNavigation object at 0x78f3c17035f0>
page = <Page url='chrome-error://chromewebdata/'>

    def test_navigate_to_tasks(self, page: Page):
>       page.goto(_url("/tasks"))

tests/playwright/test_smoke.py:69: 
_ _ _ _ _ _ _ _ _ _ _ _ _ _ _ _ _ _ _ _ _ _ _ _ _ _ _ _ _ _ _ _ _ _ _ _ _ _ _ _ 
/usr/local/lib/python3.12/dist-packages/playwright/sync_api/_generated.py:9019: in goto
    self._sync(
/usr/local/lib/python3.12/dist-packages/playwright/_impl/_page.py:556: in goto
    return await self._main_frame.goto(**locals_to_params(locals()))
           ^^^^^^^^^^^^^^^^^^^^^^^^^^^^^^^^^^^^^^^^^^^^^^^^^^^^^^^^^
/usr/local/lib/python3.12/dist-packages/playwright/_impl/_frame.py:153: in goto
    await self._channel.send(
/usr/local/lib/python3.12/dist-packages/playwright/_impl/_connection.py:69: in send
    return await self._connection.wrap_api_call(
_ _ _ _ _ _ _ _ _ _ _ _ _ _ _ _ _ _ _ _ _ _ _ _ _ _ _ _ _ _ _ _ _ _ _ _ _ _ _ _ 

self = <playwright._impl._connection.Connection object at 0x78f3c2093800>
cb = <function Channel.send.<locals>.<lambda> at 0x78f3c1255a80>
is_internal = False, title = None

    async def wrap_api_call(
        self, cb: Callable[[], Any], is_internal: bool = False, title: str = None
    ) -> Any:
        if self._api_zone.get():
            return await cb()
        task = asyncio.current_task(self._loop)
        st: List[inspect.FrameInfo] = getattr(
            task, "__pw_stack__", None
        ) or inspect.stack(0)
    
        parsed_st = _extract_stack_trace_information_from_stack(st, is_internal, title)
        self._api_zone.set(parsed_st)
        try:
            return await cb()
        except Exception as error:
>           raise rewrite_error(error, f"{parsed_st['apiName']}: {error}") from None
E           playwright._impl._errors.Error: Page.goto: net::ERR_CONNECTION_REFUSED at http://localhost:3099/tasks
E           Call log:
E             - navigating to "http://localhost:3099/tasks", waiting until "load"

/usr/local/lib/python3.12/dist-packages/playwright/_impl/_connection.py:558: Error
____________________ TestNavigation.test_navigate_to_fabric ____________________

self = <test_smoke.TestNavigation object at 0x78f3c1703980>
page = <Page url='chrome-error://chromewebdata/'>

    def test_navigate_to_fabric(self, page: Page):
>       page.goto(_url("/fabric"))

tests/playwright/test_smoke.py:74: 
_ _ _ _ _ _ _ _ _ _ _ _ _ _ _ _ _ _ _ _ _ _ _ _ _ _ _ _ _ _ _ _ _ _ _ _ _ _ _ _ 
/usr/local/lib/python3.12/dist-packages/playwright/sync_api/_generated.py:9019: in goto
    self._sync(
/usr/local/lib/python3.12/dist-packages/playwright/_impl/_page.py:556: in goto
    return await self._main_frame.goto(**locals_to_params(locals()))
           ^^^^^^^^^^^^^^^^^^^^^^^^^^^^^^^^^^^^^^^^^^^^^^^^^^^^^^^^^
/usr/local/lib/python3.12/dist-packages/playwright/_impl/_frame.py:153: in goto
    await self._channel.send(
/usr/local/lib/python3.12/dist-packages/playwright/_impl/_connection.py:69: in send
    return await self._connection.wrap_api_call(
_ _ _ _ _ _ _ _ _ _ _ _ _ _ _ _ _ _ _ _ _ _ _ _ _ _ _ _ _ _ _ _ _ _ _ _ _ _ _ _ 

self = <playwright._impl._connection.Connection object at 0x78f3c2093800>
cb = <function Channel.send.<locals>.<lambda> at 0x78f3c0587920>
is_internal = False, title = None

    async def wrap_api_call(
        self, cb: Callable[[], Any], is_internal: bool = False, title: str = None
    ) -> Any:
        if self._api_zone.get():
            return await cb()
        task = asyncio.current_task(self._loop)
        st: List[inspect.FrameInfo] = getattr(
            task, "__pw_stack__", None
        ) or inspect.stack(0)
    
        parsed_st = _extract_stack_trace_information_from_stack(st, is_internal, title)
        self._api_zone.set(parsed_st)
        try:
            return await cb()
        except Exception as error:
>           raise rewrite_error(error, f"{parsed_st['apiName']}: {error}") from None
E           playwright._impl._errors.Error: Page.goto: net::ERR_CONNECTION_REFUSED at http://localhost:3099/fabric
E           Call log:
E             - navigating to "http://localhost:3099/fabric", waiting until "load"

/usr/local/lib/python3.12/dist-packages/playwright/_impl/_connection.py:558: Error
__________________ TestNavigation.test_navigate_to_inception ___________________

self = <test_smoke.TestNavigation object at 0x78f3c1703d10>
page = <Page url='chrome-error://chromewebdata/'>

    def test_navigate_to_inception(self, page: Page):
>       page.goto(_url("/inception"))

tests/playwright/test_smoke.py:79: 
_ _ _ _ _ _ _ _ _ _ _ _ _ _ _ _ _ _ _ _ _ _ _ _ _ _ _ _ _ _ _ _ _ _ _ _ _ _ _ _ 
/usr/local/lib/python3.12/dist-packages/playwright/sync_api/_generated.py:9019: in goto
    self._sync(
/usr/local/lib/python3.12/dist-packages/playwright/_impl/_page.py:556: in goto
    return await self._main_frame.goto(**locals_to_params(locals()))
           ^^^^^^^^^^^^^^^^^^^^^^^^^^^^^^^^^^^^^^^^^^^^^^^^^^^^^^^^^
/usr/local/lib/python3.12/dist-packages/playwright/_impl/_frame.py:153: in goto
    await self._channel.send(
/usr/local/lib/python3.12/dist-packages/playwright/_impl/_connection.py:69: in send
    return await self._connection.wrap_api_call(
_ _ _ _ _ _ _ _ _ _ _ _ _ _ _ _ _ _ _ _ _ _ _ _ _ _ _ _ _ _ _ _ _ _ _ _ _ _ _ _ 

self = <playwright._impl._connection.Connection object at 0x78f3c2093800>
cb = <function Channel.send.<locals>.<lambda> at 0x78f3c1092e80>
is_internal = False, title = None

    async def wrap_api_call(
        self, cb: Callable[[], Any], is_internal: bool = False, title: str = None
    ) -> Any:
        if self._api_zone.get():
            return await cb()
        task = asyncio.current_task(self._loop)
        st: List[inspect.FrameInfo] = getattr(
            task, "__pw_stack__", None
        ) or inspect.stack(0)
    
        parsed_st = _extract_stack_trace_information_from_stack(st, is_internal, title)
        self._api_zone.set(parsed_st)
        try:
            return await cb()
        except Exception as error:
>           raise rewrite_error(error, f"{parsed_st['apiName']}: {error}") from None
E           playwright._impl._errors.Error: Page.goto: net::ERR_CONNECTION_REFUSED at http://localhost:3099/inception
E           Call log:
E             - navigating to "http://localhost:3099/inception", waiting until "load"

/usr/local/lib/python3.12/dist-packages/playwright/_impl/_connection.py:558: Error
____________________ TestTaskDetail.test_task_detail_loads _____________________

self = <test_task_detail.TestTaskDetail object at 0x78f3c17036e0>
page = <Page url='chrome-error://chromewebdata/'>

    def test_task_detail_loads(self, page: Page):
>       task_id = _find_task_id(page)
                  ^^^^^^^^^^^^^^^^^^^

tests/playwright/test_task_detail.py:28: 
_ _ _ _ _ _ _ _ _ _ _ _ _ _ _ _ _ _ _ _ _ _ _ _ _ _ _ _ _ _ _ _ _ _ _ _ _ _ _ _ 
tests/playwright/test_task_detail.py:16: in _find_task_id
    page.goto(_url("/tasks"))
/usr/local/lib/python3.12/dist-packages/playwright/sync_api/_generated.py:9019: in goto
    self._sync(
/usr/local/lib/python3.12/dist-packages/playwright/_impl/_page.py:556: in goto
    return await self._main_frame.goto(**locals_to_params(locals()))
           ^^^^^^^^^^^^^^^^^^^^^^^^^^^^^^^^^^^^^^^^^^^^^^^^^^^^^^^^^
/usr/local/lib/python3.12/dist-packages/playwright/_impl/_frame.py:153: in goto
    await self._channel.send(
/usr/local/lib/python3.12/dist-packages/playwright/_impl/_connection.py:69: in send
    return await self._connection.wrap_api_call(
_ _ _ _ _ _ _ _ _ _ _ _ _ _ _ _ _ _ _ _ _ _ _ _ _ _ _ _ _ _ _ _ _ _ _ _ _ _ _ _ 

self = <playwright._impl._connection.Connection object at 0x78f3c2093800>
cb = <function Channel.send.<locals>.<lambda> at 0x78f3c0f74680>
is_internal = False, title = None

    async def wrap_api_call(
        self, cb: Callable[[], Any], is_internal: bool = False, title: str = None
    ) -> Any:
        if self._api_zone.get():
            return await cb()
        task = asyncio.current_task(self._loop)
        st: List[inspect.FrameInfo] = getattr(
            task, "__pw_stack__", None
        ) or inspect.stack(0)
    
        parsed_st = _extract_stack_trace_information_from_stack(st, is_internal, title)
        self._api_zone.set(parsed_st)
        try:
            return await cb()
        except Exception as error:
>           raise rewrite_error(error, f"{parsed_st['apiName']}: {error}") from None
E           playwright._impl._errors.Error: Page.goto: net::ERR_CONNECTION_REFUSED at http://localhost:3099/tasks
E           Call log:
E             - navigating to "http://localhost:3099/tasks", waiting until "load"

/usr/local/lib/python3.12/dist-packages/playwright/_impl/_connection.py:558: Error
_________________ TestTaskDetail.test_task_detail_has_heading __________________

self = <test_task_detail.TestTaskDetail object at 0x78f3c1702a20>
page = <Page url='chrome-error://chromewebdata/'>

    def test_task_detail_has_heading(self, page: Page):
>       task_id = _find_task_id(page)
                  ^^^^^^^^^^^^^^^^^^^

tests/playwright/test_task_detail.py:33: 
_ _ _ _ _ _ _ _ _ _ _ _ _ _ _ _ _ _ _ _ _ _ _ _ _ _ _ _ _ _ _ _ _ _ _ _ _ _ _ _ 
tests/playwright/test_task_detail.py:16: in _find_task_id
    page.goto(_url("/tasks"))
/usr/local/lib/python3.12/dist-packages/playwright/sync_api/_generated.py:9019: in goto
    self._sync(
/usr/local/lib/python3.12/dist-packages/playwright/_impl/_page.py:556: in goto
    return await self._main_frame.goto(**locals_to_params(locals()))
           ^^^^^^^^^^^^^^^^^^^^^^^^^^^^^^^^^^^^^^^^^^^^^^^^^^^^^^^^^
/usr/local/lib/python3.12/dist-packages/playwright/_impl/_frame.py:153: in goto
    await self._channel.send(
/usr/local/lib/python3.12/dist-packages/playwright/_impl/_connection.py:69: in send
    return await self._connection.wrap_api_call(
_ _ _ _ _ _ _ _ _ _ _ _ _ _ _ _ _ _ _ _ _ _ _ _ _ _ _ _ _ _ _ _ _ _ _ _ _ _ _ _ 

self = <playwright._impl._connection.Connection object at 0x78f3c2093800>
cb = <function Channel.send.<locals>.<lambda> at 0x78f3c0f75f80>
is_internal = False, title = None

    async def wrap_api_call(
        self, cb: Callable[[], Any], is_internal: bool = False, title: str = None
    ) -> Any:
        if self._api_zone.get():
            return await cb()
        task = asyncio.current_task(self._loop)
        st: List[inspect.FrameInfo] = getattr(
            task, "__pw_stack__", None
        ) or inspect.stack(0)
    
        parsed_st = _extract_stack_trace_information_from_stack(st, is_internal, title)
        self._api_zone.set(parsed_st)
        try:
            return await cb()
        except Exception as error:
>           raise rewrite_error(error, f"{parsed_st['apiName']}: {error}") from None
E           playwright._impl._errors.Error: Page.goto: net::ERR_CONNECTION_REFUSED at http://localhost:3099/tasks
E           Call log:
E             - navigating to "http://localhost:3099/tasks", waiting until "load"

/usr/local/lib/python3.12/dist-packages/playwright/_impl/_connection.py:558: Error
__________________ TestTaskDetail.test_task_detail_has_status __________________

self = <test_task_detail.TestTaskDetail object at 0x78f3c1702270>
page = <Page url='chrome-error://chromewebdata/'>

    def test_task_detail_has_status(self, page: Page):
        """Task detail should show task status."""
>       task_id = _find_task_id(page)
                  ^^^^^^^^^^^^^^^^^^^

tests/playwright/test_task_detail.py:42: 
_ _ _ _ _ _ _ _ _ _ _ _ _ _ _ _ _ _ _ _ _ _ _ _ _ _ _ _ _ _ _ _ _ _ _ _ _ _ _ _ 
tests/playwright/test_task_detail.py:16: in _find_task_id
    page.goto(_url("/tasks"))
/usr/local/lib/python3.12/dist-packages/playwright/sync_api/_generated.py:9019: in goto
    self._sync(
/usr/local/lib/python3.12/dist-packages/playwright/_impl/_page.py:556: in goto
    return await self._main_frame.goto(**locals_to_params(locals()))
           ^^^^^^^^^^^^^^^^^^^^^^^^^^^^^^^^^^^^^^^^^^^^^^^^^^^^^^^^^
/usr/local/lib/python3.12/dist-packages/playwright/_impl/_frame.py:153: in goto
    await self._channel.send(
/usr/local/lib/python3.12/dist-packages/playwright/_impl/_connection.py:69: in send
    return await self._connection.wrap_api_call(
_ _ _ _ _ _ _ _ _ _ _ _ _ _ _ _ _ _ _ _ _ _ _ _ _ _ _ _ _ _ _ _ _ _ _ _ _ _ _ _ 

self = <playwright._impl._connection.Connection object at 0x78f3c2093800>
cb = <function Channel.send.<locals>.<lambda> at 0x78f3c0dc0680>
is_internal = False, title = None

    async def wrap_api_call(
        self, cb: Callable[[], Any], is_internal: bool = False, title: str = None
    ) -> Any:
        if self._api_zone.get():
            return await cb()
        task = asyncio.current_task(self._loop)
        st: List[inspect.FrameInfo] = getattr(
            task, "__pw_stack__", None
        ) or inspect.stack(0)
    
        parsed_st = _extract_stack_trace_information_from_stack(st, is_internal, title)
        self._api_zone.set(parsed_st)
        try:
            return await cb()
        except Exception as error:
>           raise rewrite_error(error, f"{parsed_st['apiName']}: {error}") from None
E           playwright._impl._errors.Error: Page.goto: net::ERR_CONNECTION_REFUSED at http://localhost:3099/tasks
E           Call log:
E             - navigating to "http://localhost:3099/tasks", waiting until "load"

/usr/local/lib/python3.12/dist-packages/playwright/_impl/_connection.py:558: Error
__________ TestTaskDetail.test_task_detail_nonexistent_returns_error ___________

self = <test_task_detail.TestTaskDetail object at 0x78f3c1701be0>
page = <Page url='chrome-error://chromewebdata/'>

    def test_task_detail_nonexistent_returns_error(self, page: Page):
        """Nonexistent task should return 404 or error message."""
>       resp = page.goto(_url("/tasks/T-99999"))
               ^^^^^^^^^^^^^^^^^^^^^^^^^^^^^^^^^

tests/playwright/test_task_detail.py:50: 
_ _ _ _ _ _ _ _ _ _ _ _ _ _ _ _ _ _ _ _ _ _ _ _ _ _ _ _ _ _ _ _ _ _ _ _ _ _ _ _ 
/usr/local/lib/python3.12/dist-packages/playwright/sync_api/_generated.py:9019: in goto
    self._sync(
/usr/local/lib/python3.12/dist-packages/playwright/_impl/_page.py:556: in goto
    return await self._main_frame.goto(**locals_to_params(locals()))
           ^^^^^^^^^^^^^^^^^^^^^^^^^^^^^^^^^^^^^^^^^^^^^^^^^^^^^^^^^
/usr/local/lib/python3.12/dist-packages/playwright/_impl/_frame.py:153: in goto
    await self._channel.send(
/usr/local/lib/python3.12/dist-packages/playwright/_impl/_connection.py:69: in send
    return await self._connection.wrap_api_call(
_ _ _ _ _ _ _ _ _ _ _ _ _ _ _ _ _ _ _ _ _ _ _ _ _ _ _ _ _ _ _ _ _ _ _ _ _ _ _ _ 

self = <playwright._impl._connection.Connection object at 0x78f3c2093800>
cb = <function Channel.send.<locals>.<lambda> at 0x78f3c0dc0180>
is_internal = False, title = None

    async def wrap_api_call(
        self, cb: Callable[[], Any], is_internal: bool = False, title: str = None
    ) -> Any:
        if self._api_zone.get():
            return await cb()
        task = asyncio.current_task(self._loop)
        st: List[inspect.FrameInfo] = getattr(
            task, "__pw_stack__", None
        ) or inspect.stack(0)
    
        parsed_st = _extract_stack_trace_information_from_stack(st, is_internal, title)
        self._api_zone.set(parsed_st)
        try:
            return await cb()
        except Exception as error:
>           raise rewrite_error(error, f"{parsed_st['apiName']}: {error}") from None
E           playwright._impl._errors.Error: Page.goto: net::ERR_CONNECTION_REFUSED at http://localhost:3099/tasks/T-99999
E           Call log:
E             - navigating to "http://localhost:3099/tasks/T-99999", waiting until "load"

/usr/local/lib/python3.12/dist-packages/playwright/_impl/_connection.py:558: Error
______________________ test_task_detail_renders_bvp_block ______________________

page = <Page url='chrome-error://chromewebdata/'>
base_url = 'http://localhost:3099'

    def test_task_detail_renders_bvp_block(page, base_url):
>       page.goto(f"{base_url}/tasks/{_PROPOSED_TASK}", wait_until="domcontentloaded")

tests/playwright/test_task_detail_bvp.py:22: 
_ _ _ _ _ _ _ _ _ _ _ _ _ _ _ _ _ _ _ _ _ _ _ _ _ _ _ _ _ _ _ _ _ _ _ _ _ _ _ _ 
/usr/local/lib/python3.12/dist-packages/playwright/sync_api/_generated.py:9019: in goto
    self._sync(
/usr/local/lib/python3.12/dist-packages/playwright/_impl/_page.py:556: in goto
    return await self._main_frame.goto(**locals_to_params(locals()))
           ^^^^^^^^^^^^^^^^^^^^^^^^^^^^^^^^^^^^^^^^^^^^^^^^^^^^^^^^^
/usr/local/lib/python3.12/dist-packages/playwright/_impl/_frame.py:153: in goto
    await self._channel.send(
/usr/local/lib/python3.12/dist-packages/playwright/_impl/_connection.py:69: in send
    return await self._connection.wrap_api_call(
_ _ _ _ _ _ _ _ _ _ _ _ _ _ _ _ _ _ _ _ _ _ _ _ _ _ _ _ _ _ _ _ _ _ _ _ _ _ _ _ 

self = <playwright._impl._connection.Connection object at 0x78f3c2093800>
cb = <function Channel.send.<locals>.<lambda> at 0x78f3c0dc2980>
is_internal = False, title = None

    async def wrap_api_call(
        self, cb: Callable[[], Any], is_internal: bool = False, title: str = None
    ) -> Any:
        if self._api_zone.get():
            return await cb()
        task = asyncio.current_task(self._loop)
        st: List[inspect.FrameInfo] = getattr(
            task, "__pw_stack__", None
        ) or inspect.stack(0)
    
        parsed_st = _extract_stack_trace_information_from_stack(st, is_internal, title)
        self._api_zone.set(parsed_st)
        try:
            return await cb()
        except Exception as error:
>           raise rewrite_error(error, f"{parsed_st['apiName']}: {error}") from None
E           playwright._impl._errors.Error: Page.goto: net::ERR_CONNECTION_REFUSED at http://localhost:3099/tasks/T-1978
E           Call log:
E             - navigating to "http://localhost:3099/tasks/T-1978", waiting until "domcontentloaded"

/usr/local/lib/python3.12/dist-packages/playwright/_impl/_connection.py:558: Error
__________________ test_task_detail_bvp_block_has_h3_heading ___________________

page = <Page url='chrome-error://chromewebdata/'>
base_url = 'http://localhost:3099'

    def test_task_detail_bvp_block_has_h3_heading(page, base_url):
>       page.goto(f"{base_url}/tasks/{_PROPOSED_TASK}", wait_until="domcontentloaded")

tests/playwright/test_task_detail_bvp.py:28: 
_ _ _ _ _ _ _ _ _ _ _ _ _ _ _ _ _ _ _ _ _ _ _ _ _ _ _ _ _ _ _ _ _ _ _ _ _ _ _ _ 
/usr/local/lib/python3.12/dist-packages/playwright/sync_api/_generated.py:9019: in goto
    self._sync(
/usr/local/lib/python3.12/dist-packages/playwright/_impl/_page.py:556: in goto
    return await self._main_frame.goto(**locals_to_params(locals()))
           ^^^^^^^^^^^^^^^^^^^^^^^^^^^^^^^^^^^^^^^^^^^^^^^^^^^^^^^^^
/usr/local/lib/python3.12/dist-packages/playwright/_impl/_frame.py:153: in goto
    await self._channel.send(
/usr/local/lib/python3.12/dist-packages/playwright/_impl/_connection.py:69: in send
    return await self._connection.wrap_api_call(
_ _ _ _ _ _ _ _ _ _ _ _ _ _ _ _ _ _ _ _ _ _ _ _ _ _ _ _ _ _ _ _ _ _ _ _ _ _ _ _ 

self = <playwright._impl._connection.Connection object at 0x78f3c2093800>
cb = <function Channel.send.<locals>.<lambda> at 0x78f3c0587e20>
is_internal = False, title = None

    async def wrap_api_call(
        self, cb: Callable[[], Any], is_internal: bool = False, title: str = None
    ) -> Any:
        if self._api_zone.get():
            return await cb()
        task = asyncio.current_task(self._loop)
        st: List[inspect.FrameInfo] = getattr(
            task, "__pw_stack__", None
        ) or inspect.stack(0)
    
        parsed_st = _extract_stack_trace_information_from_stack(st, is_internal, title)
        self._api_zone.set(parsed_st)
        try:
            return await cb()
        except Exception as error:
>           raise rewrite_error(error, f"{parsed_st['apiName']}: {error}") from None
E           playwright._impl._errors.Error: Page.goto: net::ERR_CONNECTION_REFUSED at http://localhost:3099/tasks/T-1978
E           Call log:
E             - navigating to "http://localhost:3099/tasks/T-1978", waiting until "domcontentloaded"

/usr/local/lib/python3.12/dist-packages/playwright/_impl/_connection.py:558: Error
________________ test_task_detail_bvp_block_has_mode_attribute _________________

page = <Page url='chrome-error://chromewebdata/'>
base_url = 'http://localhost:3099'

    def test_task_detail_bvp_block_has_mode_attribute(page, base_url):
        """data-bvp-mode is the structural pin for the three render modes."""
>       page.goto(f"{base_url}/tasks/{_PROPOSED_TASK}", wait_until="domcontentloaded")

tests/playwright/test_task_detail_bvp.py:34: 
_ _ _ _ _ _ _ _ _ _ _ _ _ _ _ _ _ _ _ _ _ _ _ _ _ _ _ _ _ _ _ _ _ _ _ _ _ _ _ _ 
/usr/local/lib/python3.12/dist-packages/playwright/sync_api/_generated.py:9019: in goto
    self._sync(
/usr/local/lib/python3.12/dist-packages/playwright/_impl/_page.py:556: in goto
    return await self._main_frame.goto(**locals_to_params(locals()))
           ^^^^^^^^^^^^^^^^^^^^^^^^^^^^^^^^^^^^^^^^^^^^^^^^^^^^^^^^^
/usr/local/lib/python3.12/dist-packages/playwright/_impl/_frame.py:153: in goto
    await self._channel.send(
/usr/local/lib/python3.12/dist-packages/playwright/_impl/_connection.py:69: in send
    return await self._connection.wrap_api_call(
_ _ _ _ _ _ _ _ _ _ _ _ _ _ _ _ _ _ _ _ _ _ _ _ _ _ _ _ _ _ _ _ _ _ _ _ _ _ _ _ 

self = <playwright._impl._connection.Connection object at 0x78f3c2093800>
cb = <function Channel.send.<locals>.<lambda> at 0x78f3c1102fc0>
is_internal = False, title = None

    async def wrap_api_call(
        self, cb: Callable[[], Any], is_internal: bool = False, title: str = None
    ) -> Any:
        if self._api_zone.get():
            return await cb()
        task = asyncio.current_task(self._loop)
        st: List[inspect.FrameInfo] = getattr(
            task, "__pw_stack__", None
        ) or inspect.stack(0)
    
        parsed_st = _extract_stack_trace_information_from_stack(st, is_internal, title)
        self._api_zone.set(parsed_st)
        try:
            return await cb()
        except Exception as error:
>           raise rewrite_error(error, f"{parsed_st['apiName']}: {error}") from None
E           playwright._impl._errors.Error: Page.goto: net::ERR_CONNECTION_REFUSED at http://localhost:3099/tasks/T-1978
E           Call log:
E             - navigating to "http://localhost:3099/tasks/T-1978", waiting until "domcontentloaded"

/usr/local/lib/python3.12/dist-packages/playwright/_impl/_connection.py:558: Error
______________ test_task_detail_bvp_block_shows_norm_when_scored _______________

page = <Page url='chrome-error://chromewebdata/'>
base_url = 'http://localhost:3099'

    def test_task_detail_bvp_block_shows_norm_when_scored(page, base_url):
        """Scored tasks render BVP_norm with a 3-decimal number."""
>       page.goto(f"{base_url}/tasks/{_PROPOSED_TASK}", wait_until="domcontentloaded")

tests/playwright/test_task_detail_bvp.py:42: 
_ _ _ _ _ _ _ _ _ _ _ _ _ _ _ _ _ _ _ _ _ _ _ _ _ _ _ _ _ _ _ _ _ _ _ _ _ _ _ _ 
/usr/local/lib/python3.12/dist-packages/playwright/sync_api/_generated.py:9019: in goto
    self._sync(
/usr/local/lib/python3.12/dist-packages/playwright/_impl/_page.py:556: in goto
    return await self._main_frame.goto(**locals_to_params(locals()))
           ^^^^^^^^^^^^^^^^^^^^^^^^^^^^^^^^^^^^^^^^^^^^^^^^^^^^^^^^^
/usr/local/lib/python3.12/dist-packages/playwright/_impl/_frame.py:153: in goto
    await self._channel.send(
/usr/local/lib/python3.12/dist-packages/playwright/_impl/_connection.py:69: in send
    return await self._connection.wrap_api_call(
_ _ _ _ _ _ _ _ _ _ _ _ _ _ _ _ _ _ _ _ _ _ _ _ _ _ _ _ _ _ _ _ _ _ _ _ _ _ _ _ 

self = <playwright._impl._connection.Connection object at 0x78f3c2093800>
cb = <function Channel.send.<locals>.<lambda> at 0x78f3c1093740>
is_internal = False, title = None

    async def wrap_api_call(
        self, cb: Callable[[], Any], is_internal: bool = False, title: str = None
    ) -> Any:
        if self._api_zone.get():
            return await cb()
        task = asyncio.current_task(self._loop)
        st: List[inspect.FrameInfo] = getattr(
            task, "__pw_stack__", None
        ) or inspect.stack(0)
    
        parsed_st = _extract_stack_trace_information_from_stack(st, is_internal, title)
        self._api_zone.set(parsed_st)
        try:
            return await cb()
        except Exception as error:
>           raise rewrite_error(error, f"{parsed_st['apiName']}: {error}") from None
E           playwright._impl._errors.Error: Page.goto: net::ERR_CONNECTION_REFUSED at http://localhost:3099/tasks/T-1978
E           Call log:
E             - navigating to "http://localhost:3099/tasks/T-1978", waiting until "domcontentloaded"

/usr/local/lib/python3.12/dist-packages/playwright/_impl/_connection.py:558: Error
_________________ test_task_detail_bvp_block_links_to_bvp_page _________________

page = <Page url='chrome-error://chromewebdata/'>
base_url = 'http://localhost:3099'

    def test_task_detail_bvp_block_links_to_bvp_page(page, base_url):
        """The 'View on /bvp →' link must be present for cross-surface navigation."""
>       page.goto(f"{base_url}/tasks/{_PROPOSED_TASK}", wait_until="domcontentloaded")

tests/playwright/test_task_detail_bvp.py:59: 
_ _ _ _ _ _ _ _ _ _ _ _ _ _ _ _ _ _ _ _ _ _ _ _ _ _ _ _ _ _ _ _ _ _ _ _ _ _ _ _ 
/usr/local/lib/python3.12/dist-packages/playwright/sync_api/_generated.py:9019: in goto
    self._sync(
/usr/local/lib/python3.12/dist-packages/playwright/_impl/_page.py:556: in goto
    return await self._main_frame.goto(**locals_to_params(locals()))
           ^^^^^^^^^^^^^^^^^^^^^^^^^^^^^^^^^^^^^^^^^^^^^^^^^^^^^^^^^
/usr/local/lib/python3.12/dist-packages/playwright/_impl/_frame.py:153: in goto
    await self._channel.send(
/usr/local/lib/python3.12/dist-packages/playwright/_impl/_connection.py:69: in send
    return await self._connection.wrap_api_call(
_ _ _ _ _ _ _ _ _ _ _ _ _ _ _ _ _ _ _ _ _ _ _ _ _ _ _ _ _ _ _ _ _ _ _ _ _ _ _ _ 

self = <playwright._impl._connection.Connection object at 0x78f3c2093800>
cb = <function Channel.send.<locals>.<lambda> at 0x78f3c10911c0>
is_internal = False, title = None

    async def wrap_api_call(
        self, cb: Callable[[], Any], is_internal: bool = False, title: str = None
    ) -> Any:
        if self._api_zone.get():
            return await cb()
        task = asyncio.current_task(self._loop)
        st: List[inspect.FrameInfo] = getattr(
            task, "__pw_stack__", None
        ) or inspect.stack(0)
    
        parsed_st = _extract_stack_trace_information_from_stack(st, is_internal, title)
        self._api_zone.set(parsed_st)
        try:
            return await cb()
        except Exception as error:
>           raise rewrite_error(error, f"{parsed_st['apiName']}: {error}") from None
E           playwright._impl._errors.Error: Page.goto: net::ERR_CONNECTION_REFUSED at http://localhost:3099/tasks/T-1978
E           Call log:
E             - navigating to "http://localhost:3099/tasks/T-1978", waiting until "domcontentloaded"

/usr/local/lib/python3.12/dist-packages/playwright/_impl/_connection.py:558: Error
______________ TestTaskDetailEnhanced.test_task_detail_has_title _______________

self = <test_task_detail_enhanced.TestTaskDetailEnhanced object at 0x78f3c1715a00>
page = <Page url='chrome-error://chromewebdata/'>
base_url = 'http://localhost:3099'

    def test_task_detail_has_title(self, page, base_url):
        """Task detail page shows task title."""
        task_id = self._find_active_task_id()
        if not task_id:
            return
>       page.goto(f"{base_url}/tasks/{task_id}")

tests/playwright/test_task_detail_enhanced.py:30: 
_ _ _ _ _ _ _ _ _ _ _ _ _ _ _ _ _ _ _ _ _ _ _ _ _ _ _ _ _ _ _ _ _ _ _ _ _ _ _ _ 
/usr/local/lib/python3.12/dist-packages/playwright/sync_api/_generated.py:9019: in goto
    self._sync(
/usr/local/lib/python3.12/dist-packages/playwright/_impl/_page.py:556: in goto
    return await self._main_frame.goto(**locals_to_params(locals()))
           ^^^^^^^^^^^^^^^^^^^^^^^^^^^^^^^^^^^^^^^^^^^^^^^^^^^^^^^^^
/usr/local/lib/python3.12/dist-packages/playwright/_impl/_frame.py:153: in goto
    await self._channel.send(
/usr/local/lib/python3.12/dist-packages/playwright/_impl/_connection.py:69: in send
    return await self._connection.wrap_api_call(
_ _ _ _ _ _ _ _ _ _ _ _ _ _ _ _ _ _ _ _ _ _ _ _ _ _ _ _ _ _ _ _ _ _ _ _ _ _ _ _ 

self = <playwright._impl._connection.Connection object at 0x78f3c2093800>
cb = <function Channel.send.<locals>.<lambda> at 0x78f3c1081580>
is_internal = False, title = None

    async def wrap_api_call(
        self, cb: Callable[[], Any], is_internal: bool = False, title: str = None
    ) -> Any:
        if self._api_zone.get():
            return await cb()
        task = asyncio.current_task(self._loop)
        st: List[inspect.FrameInfo] = getattr(
            task, "__pw_stack__", None
        ) or inspect.stack(0)
    
        parsed_st = _extract_stack_trace_information_from_stack(st, is_internal, title)
        self._api_zone.set(parsed_st)
        try:
            return await cb()
        except Exception as error:
>           raise rewrite_error(error, f"{parsed_st['apiName']}: {error}") from None
E           playwright._impl._errors.Error: Page.goto: net::ERR_CONNECTION_REFUSED at http://localhost:3099/tasks/T-1701
E           Call log:
E             - navigating to "http://localhost:3099/tasks/T-1701", waiting until "load"

/usr/local/lib/python3.12/dist-packages/playwright/_impl/_connection.py:558: Error
___________ TestTaskDetailEnhanced.test_task_detail_has_status_badge ___________

self = <test_task_detail_enhanced.TestTaskDetailEnhanced object at 0x78f3c1715d90>
page = <Page url='chrome-error://chromewebdata/'>
base_url = 'http://localhost:3099'

    def test_task_detail_has_status_badge(self, page, base_url):
        """Task detail page shows status information."""
        task_id = self._find_active_task_id()
        if not task_id:
            return
>       page.goto(f"{base_url}/tasks/{task_id}")

tests/playwright/test_task_detail_enhanced.py:40: 
_ _ _ _ _ _ _ _ _ _ _ _ _ _ _ _ _ _ _ _ _ _ _ _ _ _ _ _ _ _ _ _ _ _ _ _ _ _ _ _ 
/usr/local/lib/python3.12/dist-packages/playwright/sync_api/_generated.py:9019: in goto
    self._sync(
/usr/local/lib/python3.12/dist-packages/playwright/_impl/_page.py:556: in goto
    return await self._main_frame.goto(**locals_to_params(locals()))
           ^^^^^^^^^^^^^^^^^^^^^^^^^^^^^^^^^^^^^^^^^^^^^^^^^^^^^^^^^
/usr/local/lib/python3.12/dist-packages/playwright/_impl/_frame.py:153: in goto
    await self._channel.send(
/usr/local/lib/python3.12/dist-packages/playwright/_impl/_connection.py:69: in send
    return await self._connection.wrap_api_call(
_ _ _ _ _ _ _ _ _ _ _ _ _ _ _ _ _ _ _ _ _ _ _ _ _ _ _ _ _ _ _ _ _ _ _ _ _ _ _ _ 

self = <playwright._impl._connection.Connection object at 0x78f3c2093800>
cb = <function Channel.send.<locals>.<lambda> at 0x78f3c11d0680>
is_internal = False, title = None

    async def wrap_api_call(
        self, cb: Callable[[], Any], is_internal: bool = False, title: str = None
    ) -> Any:
        if self._api_zone.get():
            return await cb()
        task = asyncio.current_task(self._loop)
        st: List[inspect.FrameInfo] = getattr(
            task, "__pw_stack__", None
        ) or inspect.stack(0)
    
        parsed_st = _extract_stack_trace_information_from_stack(st, is_internal, title)
        self._api_zone.set(parsed_st)
        try:
            return await cb()
        except Exception as error:
>           raise rewrite_error(error, f"{parsed_st['apiName']}: {error}") from None
E           playwright._impl._errors.Error: Page.goto: net::ERR_CONNECTION_REFUSED at http://localhost:3099/tasks/T-1701
E           Call log:
E             - navigating to "http://localhost:3099/tasks/T-1701", waiting until "load"

/usr/local/lib/python3.12/dist-packages/playwright/_impl/_connection.py:558: Error
_____________ TestTaskDetailEnhanced.test_task_detail_has_metadata _____________

self = <test_task_detail_enhanced.TestTaskDetailEnhanced object at 0x78f3c1716120>
page = <Page url='chrome-error://chromewebdata/'>
base_url = 'http://localhost:3099'

    def test_task_detail_has_metadata(self, page, base_url):
        """Task detail page shows task metadata (owner, type, horizon)."""
        task_id = self._find_active_task_id()
        if not task_id:
            return
>       page.goto(f"{base_url}/tasks/{task_id}")

tests/playwright/test_task_detail_enhanced.py:54: 
_ _ _ _ _ _ _ _ _ _ _ _ _ _ _ _ _ _ _ _ _ _ _ _ _ _ _ _ _ _ _ _ _ _ _ _ _ _ _ _ 
/usr/local/lib/python3.12/dist-packages/playwright/sync_api/_generated.py:9019: in goto
    self._sync(
/usr/local/lib/python3.12/dist-packages/playwright/_impl/_page.py:556: in goto
    return await self._main_frame.goto(**locals_to_params(locals()))
           ^^^^^^^^^^^^^^^^^^^^^^^^^^^^^^^^^^^^^^^^^^^^^^^^^^^^^^^^^
/usr/local/lib/python3.12/dist-packages/playwright/_impl/_frame.py:153: in goto
    await self._channel.send(
/usr/local/lib/python3.12/dist-packages/playwright/_impl/_connection.py:69: in send
    return await self._connection.wrap_api_call(
_ _ _ _ _ _ _ _ _ _ _ _ _ _ _ _ _ _ _ _ _ _ _ _ _ _ _ _ _ _ _ _ _ _ _ _ _ _ _ _ 

self = <playwright._impl._connection.Connection object at 0x78f3c2093800>
cb = <function Channel.send.<locals>.<lambda> at 0x78f3c133efc0>
is_internal = False, title = None

    async def wrap_api_call(
        self, cb: Callable[[], Any], is_internal: bool = False, title: str = None
    ) -> Any:
        if self._api_zone.get():
            return await cb()
        task = asyncio.current_task(self._loop)
        st: List[inspect.FrameInfo] = getattr(
            task, "__pw_stack__", None
        ) or inspect.stack(0)
    
        parsed_st = _extract_stack_trace_information_from_stack(st, is_internal, title)
        self._api_zone.set(parsed_st)
        try:
            return await cb()
        except Exception as error:
>           raise rewrite_error(error, f"{parsed_st['apiName']}: {error}") from None
E           playwright._impl._errors.Error: Page.goto: net::ERR_CONNECTION_REFUSED at http://localhost:3099/tasks/T-1701
E           Call log:
E             - navigating to "http://localhost:3099/tasks/T-1701", waiting until "load"

/usr/local/lib/python3.12/dist-packages/playwright/_impl/_connection.py:558: Error
_______ TestTaskDetailEnhanced.test_task_detail_has_acceptance_criteria ________

self = <test_task_detail_enhanced.TestTaskDetailEnhanced object at 0x78f3c1701790>
page = <Page url='chrome-error://chromewebdata/'>
base_url = 'http://localhost:3099'

    def test_task_detail_has_acceptance_criteria(self, page, base_url):
        """Task detail page shows acceptance criteria section."""
        task_id = self._find_active_task_id()
        if not task_id:
            return
>       page.goto(f"{base_url}/tasks/{task_id}")

tests/playwright/test_task_detail_enhanced.py:65: 
_ _ _ _ _ _ _ _ _ _ _ _ _ _ _ _ _ _ _ _ _ _ _ _ _ _ _ _ _ _ _ _ _ _ _ _ _ _ _ _ 
/usr/local/lib/python3.12/dist-packages/playwright/sync_api/_generated.py:9019: in goto
    self._sync(
/usr/local/lib/python3.12/dist-packages/playwright/_impl/_page.py:556: in goto
    return await self._main_frame.goto(**locals_to_params(locals()))
           ^^^^^^^^^^^^^^^^^^^^^^^^^^^^^^^^^^^^^^^^^^^^^^^^^^^^^^^^^
/usr/local/lib/python3.12/dist-packages/playwright/_impl/_frame.py:153: in goto
    await self._channel.send(
/usr/local/lib/python3.12/dist-packages/playwright/_impl/_connection.py:69: in send
    return await self._connection.wrap_api_call(
_ _ _ _ _ _ _ _ _ _ _ _ _ _ _ _ _ _ _ _ _ _ _ _ _ _ _ _ _ _ _ _ _ _ _ _ _ _ _ _ 

self = <playwright._impl._connection.Connection object at 0x78f3c2093800>
cb = <function Channel.send.<locals>.<lambda> at 0x78f3c1244d60>
is_internal = False, title = None

    async def wrap_api_call(
        self, cb: Callable[[], Any], is_internal: bool = False, title: str = None
    ) -> Any:
        if self._api_zone.get():
            return await cb()
        task = asyncio.current_task(self._loop)
        st: List[inspect.FrameInfo] = getattr(
            task, "__pw_stack__", None
        ) or inspect.stack(0)
    
        parsed_st = _extract_stack_trace_information_from_stack(st, is_internal, title)
        self._api_zone.set(parsed_st)
        try:
            return await cb()
        except Exception as error:
>           raise rewrite_error(error, f"{parsed_st['apiName']}: {error}") from None
E           playwright._impl._errors.Error: Page.goto: net::ERR_CONNECTION_REFUSED at http://localhost:3099/tasks/T-1701
E           Call log:
E             - navigating to "http://localhost:3099/tasks/T-1701", waiting until "load"

/usr/local/lib/python3.12/dist-packages/playwright/_impl/_connection.py:558: Error
_____________ TestTaskDetailEnhanced.test_task_detail_nonexistent ______________

self = <test_task_detail_enhanced.TestTaskDetailEnhanced object at 0x78f3c17033b0>
page = <Page url='chrome-error://chromewebdata/'>
base_url = 'http://localhost:3099'

    def test_task_detail_nonexistent(self, page, base_url):
        """Nonexistent task returns 404."""
>       resp = page.goto(f"{base_url}/tasks/T-99999")
               ^^^^^^^^^^^^^^^^^^^^^^^^^^^^^^^^^^^^^^

tests/playwright/test_task_detail_enhanced.py:72: 
_ _ _ _ _ _ _ _ _ _ _ _ _ _ _ _ _ _ _ _ _ _ _ _ _ _ _ _ _ _ _ _ _ _ _ _ _ _ _ _ 
/usr/local/lib/python3.12/dist-packages/playwright/sync_api/_generated.py:9019: in goto
    self._sync(
/usr/local/lib/python3.12/dist-packages/playwright/_impl/_page.py:556: in goto
    return await self._main_frame.goto(**locals_to_params(locals()))
           ^^^^^^^^^^^^^^^^^^^^^^^^^^^^^^^^^^^^^^^^^^^^^^^^^^^^^^^^^
/usr/local/lib/python3.12/dist-packages/playwright/_impl/_frame.py:153: in goto
    await self._channel.send(
/usr/local/lib/python3.12/dist-packages/playwright/_impl/_connection.py:69: in send
    return await self._connection.wrap_api_call(
_ _ _ _ _ _ _ _ _ _ _ _ _ _ _ _ _ _ _ _ _ _ _ _ _ _ _ _ _ _ _ _ _ _ _ _ _ _ _ _ 

self = <playwright._impl._connection.Connection object at 0x78f3c2093800>
cb = <function Channel.send.<locals>.<lambda> at 0x78f3c1338e00>
is_internal = False, title = None

    async def wrap_api_call(
        self, cb: Callable[[], Any], is_internal: bool = False, title: str = None
    ) -> Any:
        if self._api_zone.get():
            return await cb()
        task = asyncio.current_task(self._loop)
        st: List[inspect.FrameInfo] = getattr(
            task, "__pw_stack__", None
        ) or inspect.stack(0)
    
        parsed_st = _extract_stack_trace_information_from_stack(st, is_internal, title)
        self._api_zone.set(parsed_st)
        try:
            return await cb()
        except Exception as error:
>           raise rewrite_error(error, f"{parsed_st['apiName']}: {error}") from None
E           playwright._impl._errors.Error: Page.goto: net::ERR_CONNECTION_REFUSED at http://localhost:3099/tasks/T-99999
E           Call log:
E             - navigating to "http://localhost:3099/tasks/T-99999", waiting until "load"

/usr/local/lib/python3.12/dist-packages/playwright/_impl/_connection.py:558: Error
______________ TestTaskDetailEnhanced.test_task_detail_page_size _______________

self = <test_task_detail_enhanced.TestTaskDetailEnhanced object at 0x78f3c1715f70>
page = <Page url='chrome-error://chromewebdata/'>
base_url = 'http://localhost:3099'

    def test_task_detail_page_size(self, page, base_url):
        """Task detail page has substantial content."""
        task_id = self._find_active_task_id()
        if not task_id:
            return
>       page.goto(f"{base_url}/tasks/{task_id}")

tests/playwright/test_task_detail_enhanced.py:80: 
_ _ _ _ _ _ _ _ _ _ _ _ _ _ _ _ _ _ _ _ _ _ _ _ _ _ _ _ _ _ _ _ _ _ _ _ _ _ _ _ 
/usr/local/lib/python3.12/dist-packages/playwright/sync_api/_generated.py:9019: in goto
    self._sync(
/usr/local/lib/python3.12/dist-packages/playwright/_impl/_page.py:556: in goto
    return await self._main_frame.goto(**locals_to_params(locals()))
           ^^^^^^^^^^^^^^^^^^^^^^^^^^^^^^^^^^^^^^^^^^^^^^^^^^^^^^^^^
/usr/local/lib/python3.12/dist-packages/playwright/_impl/_frame.py:153: in goto
    await self._channel.send(
/usr/local/lib/python3.12/dist-packages/playwright/_impl/_connection.py:69: in send
    return await self._connection.wrap_api_call(
_ _ _ _ _ _ _ _ _ _ _ _ _ _ _ _ _ _ _ _ _ _ _ _ _ _ _ _ _ _ _ _ _ _ _ _ _ _ _ _ 

self = <playwright._impl._connection.Connection object at 0x78f3c2093800>
cb = <function Channel.send.<locals>.<lambda> at 0x78f3c0f02840>
is_internal = False, title = None

    async def wrap_api_call(
        self, cb: Callable[[], Any], is_internal: bool = False, title: str = None
    ) -> Any:
        if self._api_zone.get():
            return await cb()
        task = asyncio.current_task(self._loop)
        st: List[inspect.FrameInfo] = getattr(
            task, "__pw_stack__", None
        ) or inspect.stack(0)
    
        parsed_st = _extract_stack_trace_information_from_stack(st, is_internal, title)
        self._api_zone.set(parsed_st)
        try:
            return await cb()
        except Exception as error:
>           raise rewrite_error(error, f"{parsed_st['apiName']}: {error}") from None
E           playwright._impl._errors.Error: Page.goto: net::ERR_CONNECTION_REFUSED at http://localhost:3099/tasks/T-1701
E           Call log:
E             - navigating to "http://localhost:3099/tasks/T-1701", waiting until "load"

/usr/local/lib/python3.12/dist-packages/playwright/_impl/_connection.py:558: Error
__________ TestTaskPanel.test_click_card_opens_panel_no_full_page_nav __________

self = <test_task_panel.TestTaskPanel object at 0x78f3c1714b00>
page = <Page url='chrome-error://chromewebdata/'>

    def test_click_card_opens_panel_no_full_page_nav(self, page: Page):
>       _goto_tasks(page)

tests/playwright/test_task_panel.py:45: 
_ _ _ _ _ _ _ _ _ _ _ _ _ _ _ _ _ _ _ _ _ _ _ _ _ _ _ _ _ _ _ _ _ _ _ _ _ _ _ _ 
tests/playwright/test_task_panel.py:31: in _goto_tasks
    page.goto(f"{TEST_URL}/tasks", timeout=60000)
/usr/local/lib/python3.12/dist-packages/playwright/sync_api/_generated.py:9019: in goto
    self._sync(
/usr/local/lib/python3.12/dist-packages/playwright/_impl/_page.py:556: in goto
    return await self._main_frame.goto(**locals_to_params(locals()))
           ^^^^^^^^^^^^^^^^^^^^^^^^^^^^^^^^^^^^^^^^^^^^^^^^^^^^^^^^^
/usr/local/lib/python3.12/dist-packages/playwright/_impl/_frame.py:153: in goto
    await self._channel.send(
/usr/local/lib/python3.12/dist-packages/playwright/_impl/_connection.py:69: in send
    return await self._connection.wrap_api_call(
_ _ _ _ _ _ _ _ _ _ _ _ _ _ _ _ _ _ _ _ _ _ _ _ _ _ _ _ _ _ _ _ _ _ _ _ _ _ _ _ 

self = <playwright._impl._connection.Connection object at 0x78f3c2093800>
cb = <function Channel.send.<locals>.<lambda> at 0x78f3c11d14e0>
is_internal = False, title = None

    async def wrap_api_call(
        self, cb: Callable[[], Any], is_internal: bool = False, title: str = None
    ) -> Any:
        if self._api_zone.get():
            return await cb()
        task = asyncio.current_task(self._loop)
        st: List[inspect.FrameInfo] = getattr(
            task, "__pw_stack__", None
        ) or inspect.stack(0)
    
        parsed_st = _extract_stack_trace_information_from_stack(st, is_internal, title)
        self._api_zone.set(parsed_st)
        try:
            return await cb()
        except Exception as error:
>           raise rewrite_error(error, f"{parsed_st['apiName']}: {error}") from None
E           playwright._impl._errors.Error: Page.goto: net::ERR_CONNECTION_REFUSED at http://localhost:3099/tasks
E           Call log:
E             - navigating to "http://localhost:3099/tasks", waiting until "load"

/usr/local/lib/python3.12/dist-packages/playwright/_impl/_connection.py:558: Error
_____________ TestTaskPanel.test_panel_opens_after_htmx_board_swap _____________

self = <test_task_panel.TestTaskPanel object at 0x78f3c1714710>
page = <Page url='chrome-error://chromewebdata/'>

    def test_panel_opens_after_htmx_board_swap(self, page: Page):
>       _goto_tasks(page)

tests/playwright/test_task_panel.py:54: 
_ _ _ _ _ _ _ _ _ _ _ _ _ _ _ _ _ _ _ _ _ _ _ _ _ _ _ _ _ _ _ _ _ _ _ _ _ _ _ _ 
tests/playwright/test_task_panel.py:31: in _goto_tasks
    page.goto(f"{TEST_URL}/tasks", timeout=60000)
/usr/local/lib/python3.12/dist-packages/playwright/sync_api/_generated.py:9019: in goto
    self._sync(
/usr/local/lib/python3.12/dist-packages/playwright/_impl/_page.py:556: in goto
    return await self._main_frame.goto(**locals_to_params(locals()))
           ^^^^^^^^^^^^^^^^^^^^^^^^^^^^^^^^^^^^^^^^^^^^^^^^^^^^^^^^^
/usr/local/lib/python3.12/dist-packages/playwright/_impl/_frame.py:153: in goto
    await self._channel.send(
/usr/local/lib/python3.12/dist-packages/playwright/_impl/_connection.py:69: in send
    return await self._connection.wrap_api_call(
_ _ _ _ _ _ _ _ _ _ _ _ _ _ _ _ _ _ _ _ _ _ _ _ _ _ _ _ _ _ _ _ _ _ _ _ _ _ _ _ 

self = <playwright._impl._connection.Connection object at 0x78f3c2093800>
cb = <function Channel.send.<locals>.<lambda> at 0x78f3c1492d40>
is_internal = False, title = None

    async def wrap_api_call(
        self, cb: Callable[[], Any], is_internal: bool = False, title: str = None
    ) -> Any:
        if self._api_zone.get():
            return await cb()
        task = asyncio.current_task(self._loop)
        st: List[inspect.FrameInfo] = getattr(
            task, "__pw_stack__", None
        ) or inspect.stack(0)
    
        parsed_st = _extract_stack_trace_information_from_stack(st, is_internal, title)
        self._api_zone.set(parsed_st)
        try:
            return await cb()
        except Exception as error:
>           raise rewrite_error(error, f"{parsed_st['apiName']}: {error}") from None
E           playwright._impl._errors.Error: Page.goto: net::ERR_CONNECTION_REFUSED at http://localhost:3099/tasks
E           Call log:
E             - navigating to "http://localhost:3099/tasks", waiting until "load"

/usr/local/lib/python3.12/dist-packages/playwright/_impl/_connection.py:558: Error
_____________ TestTaskPanel.test_dock_controls_switch_and_persist ______________

self = <test_task_panel.TestTaskPanel object at 0x78f3c17140b0>
page = <Page url='chrome-error://chromewebdata/'>

    def test_dock_controls_switch_and_persist(self, page: Page):
>       _goto_tasks(page)

tests/playwright/test_task_panel.py:65: 
_ _ _ _ _ _ _ _ _ _ _ _ _ _ _ _ _ _ _ _ _ _ _ _ _ _ _ _ _ _ _ _ _ _ _ _ _ _ _ _ 
tests/playwright/test_task_panel.py:31: in _goto_tasks
    page.goto(f"{TEST_URL}/tasks", timeout=60000)
/usr/local/lib/python3.12/dist-packages/playwright/sync_api/_generated.py:9019: in goto
    self._sync(
/usr/local/lib/python3.12/dist-packages/playwright/_impl/_page.py:556: in goto
    return await self._main_frame.goto(**locals_to_params(locals()))
           ^^^^^^^^^^^^^^^^^^^^^^^^^^^^^^^^^^^^^^^^^^^^^^^^^^^^^^^^^
/usr/local/lib/python3.12/dist-packages/playwright/_impl/_frame.py:153: in goto
    await self._channel.send(
/usr/local/lib/python3.12/dist-packages/playwright/_impl/_connection.py:69: in send
    return await self._connection.wrap_api_call(
_ _ _ _ _ _ _ _ _ _ _ _ _ _ _ _ _ _ _ _ _ _ _ _ _ _ _ _ _ _ _ _ _ _ _ _ _ _ _ _ 

self = <playwright._impl._connection.Connection object at 0x78f3c2093800>
cb = <function Channel.send.<locals>.<lambda> at 0x78f3c1490d60>
is_internal = False, title = None

    async def wrap_api_call(
        self, cb: Callable[[], Any], is_internal: bool = False, title: str = None
    ) -> Any:
        if self._api_zone.get():
            return await cb()
        task = asyncio.current_task(self._loop)
        st: List[inspect.FrameInfo] = getattr(
            task, "__pw_stack__", None
        ) or inspect.stack(0)
    
        parsed_st = _extract_stack_trace_information_from_stack(st, is_internal, title)
        self._api_zone.set(parsed_st)
        try:
            return await cb()
        except Exception as error:
>           raise rewrite_error(error, f"{parsed_st['apiName']}: {error}") from None
E           playwright._impl._errors.Error: Page.goto: net::ERR_CONNECTION_REFUSED at http://localhost:3099/tasks
E           Call log:
E             - navigating to "http://localhost:3099/tasks", waiting until "load"

/usr/local/lib/python3.12/dist-packages/playwright/_impl/_connection.py:558: Error
___________________ TestTaskPanel.test_palette_closes_panel ____________________

self = <test_task_panel.TestTaskPanel object at 0x78f3c17166f0>
page = <Page url='chrome-error://chromewebdata/'>

    def test_palette_closes_panel(self, page: Page):
>       _goto_tasks(page)

tests/playwright/test_task_panel.py:76: 
_ _ _ _ _ _ _ _ _ _ _ _ _ _ _ _ _ _ _ _ _ _ _ _ _ _ _ _ _ _ _ _ _ _ _ _ _ _ _ _ 
tests/playwright/test_task_panel.py:31: in _goto_tasks
    page.goto(f"{TEST_URL}/tasks", timeout=60000)
/usr/local/lib/python3.12/dist-packages/playwright/sync_api/_generated.py:9019: in goto
    self._sync(
/usr/local/lib/python3.12/dist-packages/playwright/_impl/_page.py:556: in goto
    return await self._main_frame.goto(**locals_to_params(locals()))
           ^^^^^^^^^^^^^^^^^^^^^^^^^^^^^^^^^^^^^^^^^^^^^^^^^^^^^^^^^
/usr/local/lib/python3.12/dist-packages/playwright/_impl/_frame.py:153: in goto
    await self._channel.send(
/usr/local/lib/python3.12/dist-packages/playwright/_impl/_connection.py:69: in send
    return await self._connection.wrap_api_call(
_ _ _ _ _ _ _ _ _ _ _ _ _ _ _ _ _ _ _ _ _ _ _ _ _ _ _ _ _ _ _ _ _ _ _ _ _ _ _ _ 

self = <playwright._impl._connection.Connection object at 0x78f3c2093800>
cb = <function Channel.send.<locals>.<lambda> at 0x78f3c1338e00>
is_internal = False, title = None

    async def wrap_api_call(
        self, cb: Callable[[], Any], is_internal: bool = False, title: str = None
    ) -> Any:
        if self._api_zone.get():
            return await cb()
        task = asyncio.current_task(self._loop)
        st: List[inspect.FrameInfo] = getattr(
            task, "__pw_stack__", None
        ) or inspect.stack(0)
    
        parsed_st = _extract_stack_trace_information_from_stack(st, is_internal, title)
        self._api_zone.set(parsed_st)
        try:
            return await cb()
        except Exception as error:
>           raise rewrite_error(error, f"{parsed_st['apiName']}: {error}") from None
E           playwright._impl._errors.Error: Page.goto: net::ERR_CONNECTION_REFUSED at http://localhost:3099/tasks
E           Call log:
E             - navigating to "http://localhost:3099/tasks", waiting until "load"

/usr/local/lib/python3.12/dist-packages/playwright/_impl/_connection.py:558: Error
__________________ TestTaskPanel.test_capture_review_artefact __________________

self = <test_task_panel.TestTaskPanel object at 0x78f3c1716a80>
page = <Page url='chrome-error://chromewebdata/'>

    def test_capture_review_artefact(self, page: Page):
        os.makedirs(ARTEFACT_DIR, exist_ok=True)
>       _goto_tasks(page)

tests/playwright/test_task_panel.py:84: 
_ _ _ _ _ _ _ _ _ _ _ _ _ _ _ _ _ _ _ _ _ _ _ _ _ _ _ _ _ _ _ _ _ _ _ _ _ _ _ _ 
tests/playwright/test_task_panel.py:31: in _goto_tasks
    page.goto(f"{TEST_URL}/tasks", timeout=60000)
/usr/local/lib/python3.12/dist-packages/playwright/sync_api/_generated.py:9019: in goto
    self._sync(
/usr/local/lib/python3.12/dist-packages/playwright/_impl/_page.py:556: in goto
    return await self._main_frame.goto(**locals_to_params(locals()))
           ^^^^^^^^^^^^^^^^^^^^^^^^^^^^^^^^^^^^^^^^^^^^^^^^^^^^^^^^^
/usr/local/lib/python3.12/dist-packages/playwright/_impl/_frame.py:153: in goto
    await self._channel.send(
/usr/local/lib/python3.12/dist-packages/playwright/_impl/_connection.py:69: in send
    return await self._connection.wrap_api_call(
_ _ _ _ _ _ _ _ _ _ _ _ _ _ _ _ _ _ _ _ _ _ _ _ _ _ _ _ _ _ _ _ _ _ _ _ _ _ _ _ 

self = <playwright._impl._connection.Connection object at 0x78f3c2093800>
cb = <function Channel.send.<locals>.<lambda> at 0x78f3c10928e0>
is_internal = False, title = None

    async def wrap_api_call(
        self, cb: Callable[[], Any], is_internal: bool = False, title: str = None
    ) -> Any:
        if self._api_zone.get():
            return await cb()
        task = asyncio.current_task(self._loop)
        st: List[inspect.FrameInfo] = getattr(
            task, "__pw_stack__", None
        ) or inspect.stack(0)
    
        parsed_st = _extract_stack_trace_information_from_stack(st, is_internal, title)
        self._api_zone.set(parsed_st)
        try:
            return await cb()
        except Exception as error:
>           raise rewrite_error(error, f"{parsed_st['apiName']}: {error}") from None
E           playwright._impl._errors.Error: Page.goto: net::ERR_CONNECTION_REFUSED at http://localhost:3099/tasks
E           Call log:
E             - navigating to "http://localhost:3099/tasks", waiting until "load"

/usr/local/lib/python3.12/dist-packages/playwright/_impl/_connection.py:558: Error
__________ TestTaskPanelEdit.test_active_panel_shows_editable_selects __________

self = <test_task_panel_edit.TestTaskPanelEdit object at 0x78f3c17171a0>
page = <Page url='chrome-error://chromewebdata/'>

    def test_active_panel_shows_editable_selects(self, page: Page):
>       _goto_tasks(page)

tests/playwright/test_task_panel_edit.py:46: 
_ _ _ _ _ _ _ _ _ _ _ _ _ _ _ _ _ _ _ _ _ _ _ _ _ _ _ _ _ _ _ _ _ _ _ _ _ _ _ _ 
tests/playwright/test_task_panel_edit.py:29: in _goto_tasks
    page.goto(f"{TEST_URL}/tasks", timeout=60000)
/usr/local/lib/python3.12/dist-packages/playwright/sync_api/_generated.py:9019: in goto
    self._sync(
/usr/local/lib/python3.12/dist-packages/playwright/_impl/_page.py:556: in goto
    return await self._main_frame.goto(**locals_to_params(locals()))
           ^^^^^^^^^^^^^^^^^^^^^^^^^^^^^^^^^^^^^^^^^^^^^^^^^^^^^^^^^
/usr/local/lib/python3.12/dist-packages/playwright/_impl/_frame.py:153: in goto
    await self._channel.send(
/usr/local/lib/python3.12/dist-packages/playwright/_impl/_connection.py:69: in send
    return await self._connection.wrap_api_call(
_ _ _ _ _ _ _ _ _ _ _ _ _ _ _ _ _ _ _ _ _ _ _ _ _ _ _ _ _ _ _ _ _ _ _ _ _ _ _ _ 

self = <playwright._impl._connection.Connection object at 0x78f3c2093800>
cb = <function Channel.send.<locals>.<lambda> at 0x78f3c1093ec0>
is_internal = False, title = None

    async def wrap_api_call(
        self, cb: Callable[[], Any], is_internal: bool = False, title: str = None
    ) -> Any:
        if self._api_zone.get():
            return await cb()
        task = asyncio.current_task(self._loop)
        st: List[inspect.FrameInfo] = getattr(
            task, "__pw_stack__", None
        ) or inspect.stack(0)
    
        parsed_st = _extract_stack_trace_information_from_stack(st, is_internal, title)
        self._api_zone.set(parsed_st)
        try:
            return await cb()
        except Exception as error:
>           raise rewrite_error(error, f"{parsed_st['apiName']}: {error}") from None
E           playwright._impl._errors.Error: Page.goto: net::ERR_CONNECTION_REFUSED at http://localhost:3099/tasks
E           Call log:
E             - navigating to "http://localhost:3099/tasks", waiting until "load"

/usr/local/lib/python3.12/dist-packages/playwright/_impl/_connection.py:558: Error
___________ TestTaskPanelEdit.test_change_type_confirms_and_persists ___________

self = <test_task_panel_edit.TestTaskPanelEdit object at 0x78f3c1717500>
page = <Page url='chrome-error://chromewebdata/'>

    def test_change_type_confirms_and_persists(self, page: Page):
        # Round-trip the workflow_type field: it has no cascading invariant (unlike
        # horizon's T-1068 demote) and no ownership protection (unlike owner's R-033),
        # so the change is net-zero on repo state once restored.
>       _goto_tasks(page)

tests/playwright/test_task_panel_edit.py:55: 
_ _ _ _ _ _ _ _ _ _ _ _ _ _ _ _ _ _ _ _ _ _ _ _ _ _ _ _ _ _ _ _ _ _ _ _ _ _ _ _ 
tests/playwright/test_task_panel_edit.py:29: in _goto_tasks
    page.goto(f"{TEST_URL}/tasks", timeout=60000)
/usr/local/lib/python3.12/dist-packages/playwright/sync_api/_generated.py:9019: in goto
    self._sync(
/usr/local/lib/python3.12/dist-packages/playwright/_impl/_page.py:556: in goto
    return await self._main_frame.goto(**locals_to_params(locals()))
           ^^^^^^^^^^^^^^^^^^^^^^^^^^^^^^^^^^^^^^^^^^^^^^^^^^^^^^^^^
/usr/local/lib/python3.12/dist-packages/playwright/_impl/_frame.py:153: in goto
    await self._channel.send(
/usr/local/lib/python3.12/dist-packages/playwright/_impl/_connection.py:69: in send
    return await self._connection.wrap_api_call(
_ _ _ _ _ _ _ _ _ _ _ _ _ _ _ _ _ _ _ _ _ _ _ _ _ _ _ _ _ _ _ _ _ _ _ _ _ _ _ _ 

self = <playwright._impl._connection.Connection object at 0x78f3c2093800>
cb = <function Channel.send.<locals>.<lambda> at 0x78f3c0e559e0>
is_internal = False, title = None

    async def wrap_api_call(
        self, cb: Callable[[], Any], is_internal: bool = False, title: str = None
    ) -> Any:
        if self._api_zone.get():
            return await cb()
        task = asyncio.current_task(self._loop)
        st: List[inspect.FrameInfo] = getattr(
            task, "__pw_stack__", None
        ) or inspect.stack(0)
    
        parsed_st = _extract_stack_trace_information_from_stack(st, is_internal, title)
        self._api_zone.set(parsed_st)
        try:
            return await cb()
        except Exception as error:
>           raise rewrite_error(error, f"{parsed_st['apiName']}: {error}") from None
E           playwright._impl._errors.Error: Page.goto: net::ERR_CONNECTION_REFUSED at http://localhost:3099/tasks
E           Call log:
E             - navigating to "http://localhost:3099/tasks", waiting until "load"

/usr/local/lib/python3.12/dist-packages/playwright/_impl/_connection.py:558: Error
________________ TestTaskPanelEdit.test_capture_review_artefact ________________

self = <test_task_panel_edit.TestTaskPanelEdit object at 0x78f3c1717890>
page = <Page url='chrome-error://chromewebdata/'>

    def test_capture_review_artefact(self, page: Page):
        os.makedirs(ARTEFACT_DIR, exist_ok=True)
>       _goto_tasks(page)

tests/playwright/test_task_panel_edit.py:82: 
_ _ _ _ _ _ _ _ _ _ _ _ _ _ _ _ _ _ _ _ _ _ _ _ _ _ _ _ _ _ _ _ _ _ _ _ _ _ _ _ 
tests/playwright/test_task_panel_edit.py:29: in _goto_tasks
    page.goto(f"{TEST_URL}/tasks", timeout=60000)
/usr/local/lib/python3.12/dist-packages/playwright/sync_api/_generated.py:9019: in goto
    self._sync(
/usr/local/lib/python3.12/dist-packages/playwright/_impl/_page.py:556: in goto
    return await self._main_frame.goto(**locals_to_params(locals()))
           ^^^^^^^^^^^^^^^^^^^^^^^^^^^^^^^^^^^^^^^^^^^^^^^^^^^^^^^^^
/usr/local/lib/python3.12/dist-packages/playwright/_impl/_frame.py:153: in goto
    await self._channel.send(
/usr/local/lib/python3.12/dist-packages/playwright/_impl/_connection.py:69: in send
    return await self._connection.wrap_api_call(
_ _ _ _ _ _ _ _ _ _ _ _ _ _ _ _ _ _ _ _ _ _ _ _ _ _ _ _ _ _ _ _ _ _ _ _ _ _ _ _ 

self = <playwright._impl._connection.Connection object at 0x78f3c2093800>
cb = <function Channel.send.<locals>.<lambda> at 0x78f3c0f50860>
is_internal = False, title = None

    async def wrap_api_call(
        self, cb: Callable[[], Any], is_internal: bool = False, title: str = None
    ) -> Any:
        if self._api_zone.get():
            return await cb()
        task = asyncio.current_task(self._loop)
        st: List[inspect.FrameInfo] = getattr(
            task, "__pw_stack__", None
        ) or inspect.stack(0)
    
        parsed_st = _extract_stack_trace_information_from_stack(st, is_internal, title)
        self._api_zone.set(parsed_st)
        try:
            return await cb()
        except Exception as error:
>           raise rewrite_error(error, f"{parsed_st['apiName']}: {error}") from None
E           playwright._impl._errors.Error: Page.goto: net::ERR_CONNECTION_REFUSED at http://localhost:3099/tasks
E           Call log:
E             - navigating to "http://localhost:3099/tasks", waiting until "load"

/usr/local/lib/python3.12/dist-packages/playwright/_impl/_connection.py:558: Error
______________________ TestTaskList.test_tasks_page_loads ______________________

self = <test_tasks.TestTaskList object at 0x78f3c1738230>
page = <Page url='chrome-error://chromewebdata/'>

    def test_tasks_page_loads(self, page: Page):
>       resp = page.goto(_url("/tasks"))
               ^^^^^^^^^^^^^^^^^^^^^^^^^

tests/playwright/test_tasks.py:19: 
_ _ _ _ _ _ _ _ _ _ _ _ _ _ _ _ _ _ _ _ _ _ _ _ _ _ _ _ _ _ _ _ _ _ _ _ _ _ _ _ 
/usr/local/lib/python3.12/dist-packages/playwright/sync_api/_generated.py:9019: in goto
    self._sync(
/usr/local/lib/python3.12/dist-packages/playwright/_impl/_page.py:556: in goto
    return await self._main_frame.goto(**locals_to_params(locals()))
           ^^^^^^^^^^^^^^^^^^^^^^^^^^^^^^^^^^^^^^^^^^^^^^^^^^^^^^^^^
/usr/local/lib/python3.12/dist-packages/playwright/_impl/_frame.py:153: in goto
    await self._channel.send(
/usr/local/lib/python3.12/dist-packages/playwright/_impl/_connection.py:69: in send
    return await self._connection.wrap_api_call(
_ _ _ _ _ _ _ _ _ _ _ _ _ _ _ _ _ _ _ _ _ _ _ _ _ _ _ _ _ _ _ _ _ _ _ _ _ _ _ _ 

self = <playwright._impl._connection.Connection object at 0x78f3c2093800>
cb = <function Channel.send.<locals>.<lambda> at 0x78f3c1081a80>
is_internal = False, title = None

    async def wrap_api_call(
        self, cb: Callable[[], Any], is_internal: bool = False, title: str = None
    ) -> Any:
        if self._api_zone.get():
            return await cb()
        task = asyncio.current_task(self._loop)
        st: List[inspect.FrameInfo] = getattr(
            task, "__pw_stack__", None
        ) or inspect.stack(0)
    
        parsed_st = _extract_stack_trace_information_from_stack(st, is_internal, title)
        self._api_zone.set(parsed_st)
        try:
            return await cb()
        except Exception as error:
>           raise rewrite_error(error, f"{parsed_st['apiName']}: {error}") from None
E           playwright._impl._errors.Error: Page.goto: net::ERR_CONNECTION_REFUSED at http://localhost:3099/tasks
E           Call log:
E             - navigating to "http://localhost:3099/tasks", waiting until "load"

/usr/local/lib/python3.12/dist-packages/playwright/_impl/_connection.py:558: Error
_____________________ TestTaskList.test_tasks_has_content ______________________

self = <test_tasks.TestTaskList object at 0x78f3c1717fe0>
page = <Page url='chrome-error://chromewebdata/'>

    def test_tasks_has_content(self, page: Page):
>       page.goto(_url("/tasks"))

tests/playwright/test_tasks.py:23: 
_ _ _ _ _ _ _ _ _ _ _ _ _ _ _ _ _ _ _ _ _ _ _ _ _ _ _ _ _ _ _ _ _ _ _ _ _ _ _ _ 
/usr/local/lib/python3.12/dist-packages/playwright/sync_api/_generated.py:9019: in goto
    self._sync(
/usr/local/lib/python3.12/dist-packages/playwright/_impl/_page.py:556: in goto
    return await self._main_frame.goto(**locals_to_params(locals()))
           ^^^^^^^^^^^^^^^^^^^^^^^^^^^^^^^^^^^^^^^^^^^^^^^^^^^^^^^^^
/usr/local/lib/python3.12/dist-packages/playwright/_impl/_frame.py:153: in goto
    await self._channel.send(
/usr/local/lib/python3.12/dist-packages/playwright/_impl/_connection.py:69: in send
    return await self._connection.wrap_api_call(
_ _ _ _ _ _ _ _ _ _ _ _ _ _ _ _ _ _ _ _ _ _ _ _ _ _ _ _ _ _ _ _ _ _ _ _ _ _ _ _ 

self = <playwright._impl._connection.Connection object at 0x78f3c2093800>
cb = <function Channel.send.<locals>.<lambda> at 0x78f3c113ade0>
is_internal = False, title = None

    async def wrap_api_call(
        self, cb: Callable[[], Any], is_internal: bool = False, title: str = None
    ) -> Any:
        if self._api_zone.get():
            return await cb()
        task = asyncio.current_task(self._loop)
        st: List[inspect.FrameInfo] = getattr(
            task, "__pw_stack__", None
        ) or inspect.stack(0)
    
        parsed_st = _extract_stack_trace_information_from_stack(st, is_internal, title)
        self._api_zone.set(parsed_st)
        try:
            return await cb()
        except Exception as error:
>           raise rewrite_error(error, f"{parsed_st['apiName']}: {error}") from None
E           playwright._impl._errors.Error: Page.goto: net::ERR_CONNECTION_REFUSED at http://localhost:3099/tasks
E           Call log:
E             - navigating to "http://localhost:3099/tasks", waiting until "load"

/usr/local/lib/python3.12/dist-packages/playwright/_impl/_connection.py:558: Error
__________________ TestTaskList.test_tasks_has_table_or_list ___________________

self = <test_tasks.TestTaskList object at 0x78f3c17172f0>
page = <Page url='chrome-error://chromewebdata/'>

    def test_tasks_has_table_or_list(self, page: Page):
>       page.goto(_url("/tasks"))

tests/playwright/test_tasks.py:28: 
_ _ _ _ _ _ _ _ _ _ _ _ _ _ _ _ _ _ _ _ _ _ _ _ _ _ _ _ _ _ _ _ _ _ _ _ _ _ _ _ 
/usr/local/lib/python3.12/dist-packages/playwright/sync_api/_generated.py:9019: in goto
    self._sync(
/usr/local/lib/python3.12/dist-packages/playwright/_impl/_page.py:556: in goto
    return await self._main_frame.goto(**locals_to_params(locals()))
           ^^^^^^^^^^^^^^^^^^^^^^^^^^^^^^^^^^^^^^^^^^^^^^^^^^^^^^^^^
/usr/local/lib/python3.12/dist-packages/playwright/_impl/_frame.py:153: in goto
    await self._channel.send(
/usr/local/lib/python3.12/dist-packages/playwright/_impl/_connection.py:69: in send
    return await self._connection.wrap_api_call(
_ _ _ _ _ _ _ _ _ _ _ _ _ _ _ _ _ _ _ _ _ _ _ _ _ _ _ _ _ _ _ _ _ _ _ _ _ _ _ _ 

self = <playwright._impl._connection.Connection object at 0x78f3c2093800>
cb = <function Channel.send.<locals>.<lambda> at 0x78f3c1058220>
is_internal = False, title = None

    async def wrap_api_call(
        self, cb: Callable[[], Any], is_internal: bool = False, title: str = None
    ) -> Any:
        if self._api_zone.get():
            return await cb()
        task = asyncio.current_task(self._loop)
        st: List[inspect.FrameInfo] = getattr(
            task, "__pw_stack__", None
        ) or inspect.stack(0)
    
        parsed_st = _extract_stack_trace_information_from_stack(st, is_internal, title)
        self._api_zone.set(parsed_st)
        try:
            return await cb()
        except Exception as error:
>           raise rewrite_error(error, f"{parsed_st['apiName']}: {error}") from None
E           playwright._impl._errors.Error: Page.goto: net::ERR_CONNECTION_REFUSED at http://localhost:3099/tasks
E           Call log:
E             - navigating to "http://localhost:3099/tasks", waiting until "load"

/usr/local/lib/python3.12/dist-packages/playwright/_impl/_connection.py:558: Error
____________________ TestTaskDetail.test_task_detail_loads _____________________

self = <test_tasks.TestTaskDetail object at 0x78f3c1716930>
page = <Page url='chrome-error://chromewebdata/'>

    def test_task_detail_loads(self, page: Page):
        # Navigate to tasks list first, then find a task link
>       page.goto(_url("/tasks"))

tests/playwright/test_tasks.py:40: 
_ _ _ _ _ _ _ _ _ _ _ _ _ _ _ _ _ _ _ _ _ _ _ _ _ _ _ _ _ _ _ _ _ _ _ _ _ _ _ _ 
/usr/local/lib/python3.12/dist-packages/playwright/sync_api/_generated.py:9019: in goto
    self._sync(
/usr/local/lib/python3.12/dist-packages/playwright/_impl/_page.py:556: in goto
    return await self._main_frame.goto(**locals_to_params(locals()))
           ^^^^^^^^^^^^^^^^^^^^^^^^^^^^^^^^^^^^^^^^^^^^^^^^^^^^^^^^^
/usr/local/lib/python3.12/dist-packages/playwright/_impl/_frame.py:153: in goto
    await self._channel.send(
/usr/local/lib/python3.12/dist-packages/playwright/_impl/_connection.py:69: in send
    return await self._connection.wrap_api_call(
_ _ _ _ _ _ _ _ _ _ _ _ _ _ _ _ _ _ _ _ _ _ _ _ _ _ _ _ _ _ _ _ _ _ _ _ _ _ _ _ 

self = <playwright._impl._connection.Connection object at 0x78f3c2093800>
cb = <function Channel.send.<locals>.<lambda> at 0x78f3c10928e0>
is_internal = False, title = None

    async def wrap_api_call(
        self, cb: Callable[[], Any], is_internal: bool = False, title: str = None
    ) -> Any:
        if self._api_zone.get():
            return await cb()
        task = asyncio.current_task(self._loop)
        st: List[inspect.FrameInfo] = getattr(
            task, "__pw_stack__", None
        ) or inspect.stack(0)
    
        parsed_st = _extract_stack_trace_information_from_stack(st, is_internal, title)
        self._api_zone.set(parsed_st)
        try:
            return await cb()
        except Exception as error:
>           raise rewrite_error(error, f"{parsed_st['apiName']}: {error}") from None
E           playwright._impl._errors.Error: Page.goto: net::ERR_CONNECTION_REFUSED at http://localhost:3099/tasks
E           Call log:
E             - navigating to "http://localhost:3099/tasks", waiting until "load"

/usr/local/lib/python3.12/dist-packages/playwright/_impl/_connection.py:558: Error
__________________ TestTaskDetail.test_task_detail_has_status __________________

self = <test_tasks.TestTaskDetail object at 0x78f3c17144d0>
page = <Page url='chrome-error://chromewebdata/'>

    def test_task_detail_has_status(self, page: Page):
>       page.goto(_url("/tasks"))

tests/playwright/test_tasks.py:50: 
_ _ _ _ _ _ _ _ _ _ _ _ _ _ _ _ _ _ _ _ _ _ _ _ _ _ _ _ _ _ _ _ _ _ _ _ _ _ _ _ 
/usr/local/lib/python3.12/dist-packages/playwright/sync_api/_generated.py:9019: in goto
    self._sync(
/usr/local/lib/python3.12/dist-packages/playwright/_impl/_page.py:556: in goto
    return await self._main_frame.goto(**locals_to_params(locals()))
           ^^^^^^^^^^^^^^^^^^^^^^^^^^^^^^^^^^^^^^^^^^^^^^^^^^^^^^^^^
/usr/local/lib/python3.12/dist-packages/playwright/_impl/_frame.py:153: in goto
    await self._channel.send(
/usr/local/lib/python3.12/dist-packages/playwright/_impl/_connection.py:69: in send
    return await self._connection.wrap_api_call(
_ _ _ _ _ _ _ _ _ _ _ _ _ _ _ _ _ _ _ _ _ _ _ _ _ _ _ _ _ _ _ _ _ _ _ _ _ _ _ _ 

self = <playwright._impl._connection.Connection object at 0x78f3c2093800>
cb = <function Channel.send.<locals>.<lambda> at 0x78f3c0f02a20>
is_internal = False, title = None

    async def wrap_api_call(
        self, cb: Callable[[], Any], is_internal: bool = False, title: str = None
    ) -> Any:
        if self._api_zone.get():
            return await cb()
        task = asyncio.current_task(self._loop)
        st: List[inspect.FrameInfo] = getattr(
            task, "__pw_stack__", None
        ) or inspect.stack(0)
    
        parsed_st = _extract_stack_trace_information_from_stack(st, is_internal, title)
        self._api_zone.set(parsed_st)
        try:
            return await cb()
        except Exception as error:
>           raise rewrite_error(error, f"{parsed_st['apiName']}: {error}") from None
E           playwright._impl._errors.Error: Page.goto: net::ERR_CONNECTION_REFUSED at http://localhost:3099/tasks
E           Call log:
E             - navigating to "http://localhost:3099/tasks", waiting until "load"

/usr/local/lib/python3.12/dist-packages/playwright/_impl/_connection.py:558: Error
___________________ test_tasks_list_view_renders_bvp_badges ____________________

page = <Page url='chrome-error://chromewebdata/'>
base_url = 'http://localhost:3099'

    def test_tasks_list_view_renders_bvp_badges(page, base_url):
        """List view must render at least one .bvp-badge — many tasks have proposed scores."""
>       page.goto(f"{base_url}/tasks?view=list", wait_until="domcontentloaded")

tests/playwright/test_tasks_listing_bvp.py:15: 
_ _ _ _ _ _ _ _ _ _ _ _ _ _ _ _ _ _ _ _ _ _ _ _ _ _ _ _ _ _ _ _ _ _ _ _ _ _ _ _ 
/usr/local/lib/python3.12/dist-packages/playwright/sync_api/_generated.py:9019: in goto
    self._sync(
/usr/local/lib/python3.12/dist-packages/playwright/_impl/_page.py:556: in goto
    return await self._main_frame.goto(**locals_to_params(locals()))
           ^^^^^^^^^^^^^^^^^^^^^^^^^^^^^^^^^^^^^^^^^^^^^^^^^^^^^^^^^
/usr/local/lib/python3.12/dist-packages/playwright/_impl/_frame.py:153: in goto
    await self._channel.send(
/usr/local/lib/python3.12/dist-packages/playwright/_impl/_connection.py:69: in send
    return await self._connection.wrap_api_call(
_ _ _ _ _ _ _ _ _ _ _ _ _ _ _ _ _ _ _ _ _ _ _ _ _ _ _ _ _ _ _ _ _ _ _ _ _ _ _ _ 

self = <playwright._impl._connection.Connection object at 0x78f3c2093800>
cb = <function Channel.send.<locals>.<lambda> at 0x78f3c11fb9c0>
is_internal = False, title = None

    async def wrap_api_call(
        self, cb: Callable[[], Any], is_internal: bool = False, title: str = None
    ) -> Any:
        if self._api_zone.get():
            return await cb()
        task = asyncio.current_task(self._loop)
        st: List[inspect.FrameInfo] = getattr(
            task, "__pw_stack__", None
        ) or inspect.stack(0)
    
        parsed_st = _extract_stack_trace_information_from_stack(st, is_internal, title)
        self._api_zone.set(parsed_st)
        try:
            return await cb()
        except Exception as error:
>           raise rewrite_error(error, f"{parsed_st['apiName']}: {error}") from None
E           playwright._impl._errors.Error: Page.goto: net::ERR_CONNECTION_REFUSED at http://localhost:3099/tasks?view=list
E           Call log:
E             - navigating to "http://localhost:3099/tasks?view=list", waiting until "domcontentloaded"

/usr/local/lib/python3.12/dist-packages/playwright/_impl/_connection.py:558: Error
__________________ test_tasks_kanban_view_renders_bvp_badges ___________________

page = <Page url='chrome-error://chromewebdata/'>
base_url = 'http://localhost:3099'

    def test_tasks_kanban_view_renders_bvp_badges(page, base_url):
        """Kanban view (default) must also render BVP badges on cards."""
>       page.goto(f"{base_url}/tasks", wait_until="domcontentloaded")

tests/playwright/test_tasks_listing_bvp.py:22: 
_ _ _ _ _ _ _ _ _ _ _ _ _ _ _ _ _ _ _ _ _ _ _ _ _ _ _ _ _ _ _ _ _ _ _ _ _ _ _ _ 
/usr/local/lib/python3.12/dist-packages/playwright/sync_api/_generated.py:9019: in goto
    self._sync(
/usr/local/lib/python3.12/dist-packages/playwright/_impl/_page.py:556: in goto
    return await self._main_frame.goto(**locals_to_params(locals()))
           ^^^^^^^^^^^^^^^^^^^^^^^^^^^^^^^^^^^^^^^^^^^^^^^^^^^^^^^^^
/usr/local/lib/python3.12/dist-packages/playwright/_impl/_frame.py:153: in goto
    await self._channel.send(
/usr/local/lib/python3.12/dist-packages/playwright/_impl/_connection.py:69: in send
    return await self._connection.wrap_api_call(
_ _ _ _ _ _ _ _ _ _ _ _ _ _ _ _ _ _ _ _ _ _ _ _ _ _ _ _ _ _ _ _ _ _ _ _ _ _ _ _ 

self = <playwright._impl._connection.Connection object at 0x78f3c2093800>
cb = <function Channel.send.<locals>.<lambda> at 0x78f3c1339ee0>
is_internal = False, title = None

    async def wrap_api_call(
        self, cb: Callable[[], Any], is_internal: bool = False, title: str = None
    ) -> Any:
        if self._api_zone.get():
            return await cb()
        task = asyncio.current_task(self._loop)
        st: List[inspect.FrameInfo] = getattr(
            task, "__pw_stack__", None
        ) or inspect.stack(0)
    
        parsed_st = _extract_stack_trace_information_from_stack(st, is_internal, title)
        self._api_zone.set(parsed_st)
        try:
            return await cb()
        except Exception as error:
>           raise rewrite_error(error, f"{parsed_st['apiName']}: {error}") from None
E           playwright._impl._errors.Error: Page.goto: net::ERR_CONNECTION_REFUSED at http://localhost:3099/tasks
E           Call log:
E             - navigating to "http://localhost:3099/tasks", waiting until "domcontentloaded"

/usr/local/lib/python3.12/dist-packages/playwright/_impl/_connection.py:558: Error
__________________ test_tasks_bvp_badge_links_to_detail_block __________________

page = <Page url='chrome-error://chromewebdata/'>
base_url = 'http://localhost:3099'

    def test_tasks_bvp_badge_links_to_detail_block(page, base_url):
        """Each BVP badge must link to /tasks/T-XXX#bvp-block (T-1980 surface)."""
>       page.goto(f"{base_url}/tasks?view=list", wait_until="domcontentloaded")

tests/playwright/test_tasks_listing_bvp.py:29: 
_ _ _ _ _ _ _ _ _ _ _ _ _ _ _ _ _ _ _ _ _ _ _ _ _ _ _ _ _ _ _ _ _ _ _ _ _ _ _ _ 
/usr/local/lib/python3.12/dist-packages/playwright/sync_api/_generated.py:9019: in goto
    self._sync(
/usr/local/lib/python3.12/dist-packages/playwright/_impl/_page.py:556: in goto
    return await self._main_frame.goto(**locals_to_params(locals()))
           ^^^^^^^^^^^^^^^^^^^^^^^^^^^^^^^^^^^^^^^^^^^^^^^^^^^^^^^^^
/usr/local/lib/python3.12/dist-packages/playwright/_impl/_frame.py:153: in goto
    await self._channel.send(
/usr/local/lib/python3.12/dist-packages/playwright/_impl/_connection.py:69: in send
    return await self._connection.wrap_api_call(
_ _ _ _ _ _ _ _ _ _ _ _ _ _ _ _ _ _ _ _ _ _ _ _ _ _ _ _ _ _ _ _ _ _ _ _ _ _ _ _ 

self = <playwright._impl._connection.Connection object at 0x78f3c2093800>
cb = <function Channel.send.<locals>.<lambda> at 0x78f3c105a3e0>
is_internal = False, title = None

    async def wrap_api_call(
        self, cb: Callable[[], Any], is_internal: bool = False, title: str = None
    ) -> Any:
        if self._api_zone.get():
            return await cb()
        task = asyncio.current_task(self._loop)
        st: List[inspect.FrameInfo] = getattr(
            task, "__pw_stack__", None
        ) or inspect.stack(0)
    
        parsed_st = _extract_stack_trace_information_from_stack(st, is_internal, title)
        self._api_zone.set(parsed_st)
        try:
            return await cb()
        except Exception as error:
>           raise rewrite_error(error, f"{parsed_st['apiName']}: {error}") from None
E           playwright._impl._errors.Error: Page.goto: net::ERR_CONNECTION_REFUSED at http://localhost:3099/tasks?view=list
E           Call log:
E             - navigating to "http://localhost:3099/tasks?view=list", waiting until "domcontentloaded"

/usr/local/lib/python3.12/dist-packages/playwright/_impl/_connection.py:558: Error
___________ test_tasks_bvp_badge_proposed_mode_uses_italic_asterisk ____________

page = <Page url='chrome-error://chromewebdata/'>
base_url = 'http://localhost:3099'

    def test_tasks_bvp_badge_proposed_mode_uses_italic_asterisk(page, base_url):
        """Estimator-proposed badges must render as italic + asterisk (T-1980 provenance signal)."""
>       page.goto(f"{base_url}/tasks?view=list", wait_until="domcontentloaded")

tests/playwright/test_tasks_listing_bvp.py:39: 
_ _ _ _ _ _ _ _ _ _ _ _ _ _ _ _ _ _ _ _ _ _ _ _ _ _ _ _ _ _ _ _ _ _ _ _ _ _ _ _ 
/usr/local/lib/python3.12/dist-packages/playwright/sync_api/_generated.py:9019: in goto
    self._sync(
/usr/local/lib/python3.12/dist-packages/playwright/_impl/_page.py:556: in goto
    return await self._main_frame.goto(**locals_to_params(locals()))
           ^^^^^^^^^^^^^^^^^^^^^^^^^^^^^^^^^^^^^^^^^^^^^^^^^^^^^^^^^
/usr/local/lib/python3.12/dist-packages/playwright/_impl/_frame.py:153: in goto
    await self._channel.send(
/usr/local/lib/python3.12/dist-packages/playwright/_impl/_connection.py:69: in send
    return await self._connection.wrap_api_call(
_ _ _ _ _ _ _ _ _ _ _ _ _ _ _ _ _ _ _ _ _ _ _ _ _ _ _ _ _ _ _ _ _ _ _ _ _ _ _ _ 

self = <playwright._impl._connection.Connection object at 0x78f3c2093800>
cb = <function Channel.send.<locals>.<lambda> at 0x78f3c0f53240>
is_internal = False, title = None

    async def wrap_api_call(
        self, cb: Callable[[], Any], is_internal: bool = False, title: str = None
    ) -> Any:
        if self._api_zone.get():
            return await cb()
        task = asyncio.current_task(self._loop)
        st: List[inspect.FrameInfo] = getattr(
            task, "__pw_stack__", None
        ) or inspect.stack(0)
    
        parsed_st = _extract_stack_trace_information_from_stack(st, is_internal, title)
        self._api_zone.set(parsed_st)
        try:
            return await cb()
        except Exception as error:
>           raise rewrite_error(error, f"{parsed_st['apiName']}: {error}") from None
E           playwright._impl._errors.Error: Page.goto: net::ERR_CONNECTION_REFUSED at http://localhost:3099/tasks?view=list
E           Call log:
E             - navigating to "http://localhost:3099/tasks?view=list", waiting until "domcontentloaded"

/usr/local/lib/python3.12/dist-packages/playwright/_impl/_connection.py:558: Error
__________________ TestTerminalPage.test_terminal_page_loads ___________________

self = <test_terminal.TestTerminalPage object at 0x78f3c1739400>
page = <Page url='chrome-error://chromewebdata/'>

    def test_terminal_page_loads(self, page: Page):
>       resp = page.goto(_url("/terminal"))
               ^^^^^^^^^^^^^^^^^^^^^^^^^^^^

tests/playwright/test_terminal.py:21: 
_ _ _ _ _ _ _ _ _ _ _ _ _ _ _ _ _ _ _ _ _ _ _ _ _ _ _ _ _ _ _ _ _ _ _ _ _ _ _ _ 
/usr/local/lib/python3.12/dist-packages/playwright/sync_api/_generated.py:9019: in goto
    self._sync(
/usr/local/lib/python3.12/dist-packages/playwright/_impl/_page.py:556: in goto
    return await self._main_frame.goto(**locals_to_params(locals()))
           ^^^^^^^^^^^^^^^^^^^^^^^^^^^^^^^^^^^^^^^^^^^^^^^^^^^^^^^^^
/usr/local/lib/python3.12/dist-packages/playwright/_impl/_frame.py:153: in goto
    await self._channel.send(
/usr/local/lib/python3.12/dist-packages/playwright/_impl/_connection.py:69: in send
    return await self._connection.wrap_api_call(
_ _ _ _ _ _ _ _ _ _ _ _ _ _ _ _ _ _ _ _ _ _ _ _ _ _ _ _ _ _ _ _ _ _ _ _ _ _ _ _ 

self = <playwright._impl._connection.Connection object at 0x78f3c2093800>
cb = <function Channel.send.<locals>.<lambda> at 0x78f3c140e7a0>
is_internal = False, title = None

    async def wrap_api_call(
        self, cb: Callable[[], Any], is_internal: bool = False, title: str = None
    ) -> Any:
        if self._api_zone.get():
            return await cb()
        task = asyncio.current_task(self._loop)
        st: List[inspect.FrameInfo] = getattr(
            task, "__pw_stack__", None
        ) or inspect.stack(0)
    
        parsed_st = _extract_stack_trace_information_from_stack(st, is_internal, title)
        self._api_zone.set(parsed_st)
        try:
            return await cb()
        except Exception as error:
>           raise rewrite_error(error, f"{parsed_st['apiName']}: {error}") from None
E           playwright._impl._errors.Error: Page.goto: net::ERR_CONNECTION_REFUSED at http://localhost:3099/terminal
E           Call log:
E             - navigating to "http://localhost:3099/terminal", waiting until "load"

/usr/local/lib/python3.12/dist-packages/playwright/_impl/_connection.py:558: Error
_________________ TestTerminalPage.test_terminal_has_container _________________

self = <test_terminal.TestTerminalPage object at 0x78f3c1739760>
page = <Page url='chrome-error://chromewebdata/'>

    def test_terminal_has_container(self, page: Page):
>       page.goto(_url("/terminal"))

tests/playwright/test_terminal.py:25: 
_ _ _ _ _ _ _ _ _ _ _ _ _ _ _ _ _ _ _ _ _ _ _ _ _ _ _ _ _ _ _ _ _ _ _ _ _ _ _ _ 
/usr/local/lib/python3.12/dist-packages/playwright/sync_api/_generated.py:9019: in goto
    self._sync(
/usr/local/lib/python3.12/dist-packages/playwright/_impl/_page.py:556: in goto
    return await self._main_frame.goto(**locals_to_params(locals()))
           ^^^^^^^^^^^^^^^^^^^^^^^^^^^^^^^^^^^^^^^^^^^^^^^^^^^^^^^^^
/usr/local/lib/python3.12/dist-packages/playwright/_impl/_frame.py:153: in goto
    await self._channel.send(
/usr/local/lib/python3.12/dist-packages/playwright/_impl/_connection.py:69: in send
    return await self._connection.wrap_api_call(
_ _ _ _ _ _ _ _ _ _ _ _ _ _ _ _ _ _ _ _ _ _ _ _ _ _ _ _ _ _ _ _ _ _ _ _ _ _ _ _ 

self = <playwright._impl._connection.Connection object at 0x78f3c2093800>
cb = <function Channel.send.<locals>.<lambda> at 0x78f3c0f03380>
is_internal = False, title = None

    async def wrap_api_call(
        self, cb: Callable[[], Any], is_internal: bool = False, title: str = None
    ) -> Any:
        if self._api_zone.get():
            return await cb()
        task = asyncio.current_task(self._loop)
        st: List[inspect.FrameInfo] = getattr(
            task, "__pw_stack__", None
        ) or inspect.stack(0)
    
        parsed_st = _extract_stack_trace_information_from_stack(st, is_internal, title)
        self._api_zone.set(parsed_st)
        try:
            return await cb()
        except Exception as error:
>           raise rewrite_error(error, f"{parsed_st['apiName']}: {error}") from None
E           playwright._impl._errors.Error: Page.goto: net::ERR_CONNECTION_REFUSED at http://localhost:3099/terminal
E           Call log:
E             - navigating to "http://localhost:3099/terminal", waiting until "load"

/usr/local/lib/python3.12/dist-packages/playwright/_impl/_connection.py:558: Error
__________________ TestTerminalPage.test_terminal_has_tab_bar __________________

self = <test_terminal.TestTerminalPage object at 0x78f3c1739af0>
page = <Page url='chrome-error://chromewebdata/'>

    def test_terminal_has_tab_bar(self, page: Page):
>       page.goto(_url("/terminal"))

tests/playwright/test_terminal.py:31: 
_ _ _ _ _ _ _ _ _ _ _ _ _ _ _ _ _ _ _ _ _ _ _ _ _ _ _ _ _ _ _ _ _ _ _ _ _ _ _ _ 
/usr/local/lib/python3.12/dist-packages/playwright/sync_api/_generated.py:9019: in goto
    self._sync(
/usr/local/lib/python3.12/dist-packages/playwright/_impl/_page.py:556: in goto
    return await self._main_frame.goto(**locals_to_params(locals()))
           ^^^^^^^^^^^^^^^^^^^^^^^^^^^^^^^^^^^^^^^^^^^^^^^^^^^^^^^^^
/usr/local/lib/python3.12/dist-packages/playwright/_impl/_frame.py:153: in goto
    await self._channel.send(
/usr/local/lib/python3.12/dist-packages/playwright/_impl/_connection.py:69: in send
    return await self._connection.wrap_api_call(
_ _ _ _ _ _ _ _ _ _ _ _ _ _ _ _ _ _ _ _ _ _ _ _ _ _ _ _ _ _ _ _ _ _ _ _ _ _ _ _ 

self = <playwright._impl._connection.Connection object at 0x78f3c2093800>
cb = <function Channel.send.<locals>.<lambda> at 0x78f3c10e6340>
is_internal = False, title = None

    async def wrap_api_call(
        self, cb: Callable[[], Any], is_internal: bool = False, title: str = None
    ) -> Any:
        if self._api_zone.get():
            return await cb()
        task = asyncio.current_task(self._loop)
        st: List[inspect.FrameInfo] = getattr(
            task, "__pw_stack__", None
        ) or inspect.stack(0)
    
        parsed_st = _extract_stack_trace_information_from_stack(st, is_internal, title)
        self._api_zone.set(parsed_st)
        try:
            return await cb()
        except Exception as error:
>           raise rewrite_error(error, f"{parsed_st['apiName']}: {error}") from None
E           playwright._impl._errors.Error: Page.goto: net::ERR_CONNECTION_REFUSED at http://localhost:3099/terminal
E           Call log:
E             - navigating to "http://localhost:3099/terminal", waiting until "load"

/usr/local/lib/python3.12/dist-packages/playwright/_impl/_connection.py:558: Error
________________ TestTerminalPage.test_terminal_has_new_button _________________

self = <test_terminal.TestTerminalPage object at 0x78f3c1739e80>
page = <Page url='chrome-error://chromewebdata/'>

    def test_terminal_has_new_button(self, page: Page):
>       page.goto(_url("/terminal"))

tests/playwright/test_terminal.py:37: 
_ _ _ _ _ _ _ _ _ _ _ _ _ _ _ _ _ _ _ _ _ _ _ _ _ _ _ _ _ _ _ _ _ _ _ _ _ _ _ _ 
/usr/local/lib/python3.12/dist-packages/playwright/sync_api/_generated.py:9019: in goto
    self._sync(
/usr/local/lib/python3.12/dist-packages/playwright/_impl/_page.py:556: in goto
    return await self._main_frame.goto(**locals_to_params(locals()))
           ^^^^^^^^^^^^^^^^^^^^^^^^^^^^^^^^^^^^^^^^^^^^^^^^^^^^^^^^^
/usr/local/lib/python3.12/dist-packages/playwright/_impl/_frame.py:153: in goto
    await self._channel.send(
/usr/local/lib/python3.12/dist-packages/playwright/_impl/_connection.py:69: in send
    return await self._connection.wrap_api_call(
_ _ _ _ _ _ _ _ _ _ _ _ _ _ _ _ _ _ _ _ _ _ _ _ _ _ _ _ _ _ _ _ _ _ _ _ _ _ _ _ 

self = <playwright._impl._connection.Connection object at 0x78f3c2093800>
cb = <function Channel.send.<locals>.<lambda> at 0x78f3c10d5d00>
is_internal = False, title = None

    async def wrap_api_call(
        self, cb: Callable[[], Any], is_internal: bool = False, title: str = None
    ) -> Any:
        if self._api_zone.get():
            return await cb()
        task = asyncio.current_task(self._loop)
        st: List[inspect.FrameInfo] = getattr(
            task, "__pw_stack__", None
        ) or inspect.stack(0)
    
        parsed_st = _extract_stack_trace_information_from_stack(st, is_internal, title)
        self._api_zone.set(parsed_st)
        try:
            return await cb()
        except Exception as error:
>           raise rewrite_error(error, f"{parsed_st['apiName']}: {error}") from None
E           playwright._impl._errors.Error: Page.goto: net::ERR_CONNECTION_REFUSED at http://localhost:3099/terminal
E           Call log:
E             - navigating to "http://localhost:3099/terminal", waiting until "load"

/usr/local/lib/python3.12/dist-packages/playwright/_impl/_connection.py:558: Error
_______________ TestTerminalPage.test_terminal_has_attach_button _______________

self = <test_terminal.TestTerminalPage object at 0x78f3c173a210>
page = <Page url='chrome-error://chromewebdata/'>

    def test_terminal_has_attach_button(self, page: Page):
>       page.goto(_url("/terminal"))

tests/playwright/test_terminal.py:43: 
_ _ _ _ _ _ _ _ _ _ _ _ _ _ _ _ _ _ _ _ _ _ _ _ _ _ _ _ _ _ _ _ _ _ _ _ _ _ _ _ 
/usr/local/lib/python3.12/dist-packages/playwright/sync_api/_generated.py:9019: in goto
    self._sync(
/usr/local/lib/python3.12/dist-packages/playwright/_impl/_page.py:556: in goto
    return await self._main_frame.goto(**locals_to_params(locals()))
           ^^^^^^^^^^^^^^^^^^^^^^^^^^^^^^^^^^^^^^^^^^^^^^^^^^^^^^^^^
/usr/local/lib/python3.12/dist-packages/playwright/_impl/_frame.py:153: in goto
    await self._channel.send(
/usr/local/lib/python3.12/dist-packages/playwright/_impl/_connection.py:69: in send
    return await self._connection.wrap_api_call(
_ _ _ _ _ _ _ _ _ _ _ _ _ _ _ _ _ _ _ _ _ _ _ _ _ _ _ _ _ _ _ _ _ _ _ _ _ _ _ _ 

self = <playwright._impl._connection.Connection object at 0x78f3c2093800>
cb = <function Channel.send.<locals>.<lambda> at 0x78f3c0f51760>
is_internal = False, title = None

    async def wrap_api_call(
        self, cb: Callable[[], Any], is_internal: bool = False, title: str = None
    ) -> Any:
        if self._api_zone.get():
            return await cb()
        task = asyncio.current_task(self._loop)
        st: List[inspect.FrameInfo] = getattr(
            task, "__pw_stack__", None
        ) or inspect.stack(0)
    
        parsed_st = _extract_stack_trace_information_from_stack(st, is_internal, title)
        self._api_zone.set(parsed_st)
        try:
            return await cb()
        except Exception as error:
>           raise rewrite_error(error, f"{parsed_st['apiName']}: {error}") from None
E           playwright._impl._errors.Error: Page.goto: net::ERR_CONNECTION_REFUSED at http://localhost:3099/terminal
E           Call log:
E             - navigating to "http://localhost:3099/terminal", waiting until "load"

/usr/local/lib/python3.12/dist-packages/playwright/_impl/_connection.py:558: Error
_____________ TestTerminalPage.test_terminal_has_status_indicator ______________

self = <test_terminal.TestTerminalPage object at 0x78f3c173a5a0>
page = <Page url='chrome-error://chromewebdata/'>

    def test_terminal_has_status_indicator(self, page: Page):
>       page.goto(_url("/terminal"))

tests/playwright/test_terminal.py:49: 
_ _ _ _ _ _ _ _ _ _ _ _ _ _ _ _ _ _ _ _ _ _ _ _ _ _ _ _ _ _ _ _ _ _ _ _ _ _ _ _ 
/usr/local/lib/python3.12/dist-packages/playwright/sync_api/_generated.py:9019: in goto
    self._sync(
/usr/local/lib/python3.12/dist-packages/playwright/_impl/_page.py:556: in goto
    return await self._main_frame.goto(**locals_to_params(locals()))
           ^^^^^^^^^^^^^^^^^^^^^^^^^^^^^^^^^^^^^^^^^^^^^^^^^^^^^^^^^
/usr/local/lib/python3.12/dist-packages/playwright/_impl/_frame.py:153: in goto
    await self._channel.send(
/usr/local/lib/python3.12/dist-packages/playwright/_impl/_connection.py:69: in send
    return await self._connection.wrap_api_call(
_ _ _ _ _ _ _ _ _ _ _ _ _ _ _ _ _ _ _ _ _ _ _ _ _ _ _ _ _ _ _ _ _ _ _ _ _ _ _ _ 

self = <playwright._impl._connection.Connection object at 0x78f3c2093800>
cb = <function Channel.send.<locals>.<lambda> at 0x78f3c12734c0>
is_internal = False, title = None

    async def wrap_api_call(
        self, cb: Callable[[], Any], is_internal: bool = False, title: str = None
    ) -> Any:
        if self._api_zone.get():
            return await cb()
        task = asyncio.current_task(self._loop)
        st: List[inspect.FrameInfo] = getattr(
            task, "__pw_stack__", None
        ) or inspect.stack(0)
    
        parsed_st = _extract_stack_trace_information_from_stack(st, is_internal, title)
        self._api_zone.set(parsed_st)
        try:
            return await cb()
        except Exception as error:
>           raise rewrite_error(error, f"{parsed_st['apiName']}: {error}") from None
E           playwright._impl._errors.Error: Page.goto: net::ERR_CONNECTION_REFUSED at http://localhost:3099/terminal
E           Call log:
E             - navigating to "http://localhost:3099/terminal", waiting until "load"

/usr/local/lib/python3.12/dist-packages/playwright/_impl/_connection.py:558: Error
________________ TestTerminalPage.test_terminal_loads_xterm_css ________________

self = <test_terminal.TestTerminalPage object at 0x78f3c1715670>
page = <Page url='chrome-error://chromewebdata/'>

    def test_terminal_loads_xterm_css(self, page: Page):
>       page.goto(_url("/terminal"))

tests/playwright/test_terminal.py:55: 
_ _ _ _ _ _ _ _ _ _ _ _ _ _ _ _ _ _ _ _ _ _ _ _ _ _ _ _ _ _ _ _ _ _ _ _ _ _ _ _ 
/usr/local/lib/python3.12/dist-packages/playwright/sync_api/_generated.py:9019: in goto
    self._sync(
/usr/local/lib/python3.12/dist-packages/playwright/_impl/_page.py:556: in goto
    return await self._main_frame.goto(**locals_to_params(locals()))
           ^^^^^^^^^^^^^^^^^^^^^^^^^^^^^^^^^^^^^^^^^^^^^^^^^^^^^^^^^
/usr/local/lib/python3.12/dist-packages/playwright/_impl/_frame.py:153: in goto
    await self._channel.send(
/usr/local/lib/python3.12/dist-packages/playwright/_impl/_connection.py:69: in send
    return await self._connection.wrap_api_call(
_ _ _ _ _ _ _ _ _ _ _ _ _ _ _ _ _ _ _ _ _ _ _ _ _ _ _ _ _ _ _ _ _ _ _ _ _ _ _ _ 

self = <playwright._impl._connection.Connection object at 0x78f3c2093800>
cb = <function Channel.send.<locals>.<lambda> at 0x78f3c138fe20>
is_internal = False, title = None

    async def wrap_api_call(
        self, cb: Callable[[], Any], is_internal: bool = False, title: str = None
    ) -> Any:
        if self._api_zone.get():
            return await cb()
        task = asyncio.current_task(self._loop)
        st: List[inspect.FrameInfo] = getattr(
            task, "__pw_stack__", None
        ) or inspect.stack(0)
    
        parsed_st = _extract_stack_trace_information_from_stack(st, is_internal, title)
        self._api_zone.set(parsed_st)
        try:
            return await cb()
        except Exception as error:
>           raise rewrite_error(error, f"{parsed_st['apiName']}: {error}") from None
E           playwright._impl._errors.Error: Page.goto: net::ERR_CONNECTION_REFUSED at http://localhost:3099/terminal
E           Call log:
E             - navigating to "http://localhost:3099/terminal", waiting until "load"

/usr/local/lib/python3.12/dist-packages/playwright/_impl/_connection.py:558: Error
_______________ TestTerminalPage.test_terminal_has_profile_menu ________________

self = <test_terminal.TestTerminalPage object at 0x78f3c1716f00>
page = <Page url='chrome-error://chromewebdata/'>

    def test_terminal_has_profile_menu(self, page: Page):
        """Profile selector menu exists in the DOM (T-980)."""
>       page.goto(_url("/terminal"))

tests/playwright/test_terminal.py:62: 
_ _ _ _ _ _ _ _ _ _ _ _ _ _ _ _ _ _ _ _ _ _ _ _ _ _ _ _ _ _ _ _ _ _ _ _ _ _ _ _ 
/usr/local/lib/python3.12/dist-packages/playwright/sync_api/_generated.py:9019: in goto
    self._sync(
/usr/local/lib/python3.12/dist-packages/playwright/_impl/_page.py:556: in goto
    return await self._main_frame.goto(**locals_to_params(locals()))
           ^^^^^^^^^^^^^^^^^^^^^^^^^^^^^^^^^^^^^^^^^^^^^^^^^^^^^^^^^
/usr/local/lib/python3.12/dist-packages/playwright/_impl/_frame.py:153: in goto
    await self._channel.send(
/usr/local/lib/python3.12/dist-packages/playwright/_impl/_connection.py:69: in send
    return await self._connection.wrap_api_call(
_ _ _ _ _ _ _ _ _ _ _ _ _ _ _ _ _ _ _ _ _ _ _ _ _ _ _ _ _ _ _ _ _ _ _ _ _ _ _ _ 

self = <playwright._impl._connection.Connection object at 0x78f3c2093800>
cb = <function Channel.send.<locals>.<lambda> at 0x78f3c105a660>
is_internal = False, title = None

    async def wrap_api_call(
        self, cb: Callable[[], Any], is_internal: bool = False, title: str = None
    ) -> Any:
        if self._api_zone.get():
            return await cb()
        task = asyncio.current_task(self._loop)
        st: List[inspect.FrameInfo] = getattr(
            task, "__pw_stack__", None
        ) or inspect.stack(0)
    
        parsed_st = _extract_stack_trace_information_from_stack(st, is_internal, title)
        self._api_zone.set(parsed_st)
        try:
            return await cb()
        except Exception as error:
>           raise rewrite_error(error, f"{parsed_st['apiName']}: {error}") from None
E           playwright._impl._errors.Error: Page.goto: net::ERR_CONNECTION_REFUSED at http://localhost:3099/terminal
E           Call log:
E             - navigating to "http://localhost:3099/terminal", waiting until "load"

/usr/local/lib/python3.12/dist-packages/playwright/_impl/_connection.py:558: Error
_____________ TestThemeToggleContrast.test_visible_in_paper_light ______________

self = <test_theme_toggle_contrast.TestThemeToggleContrast object at 0x78f3c1739f70>
page = <Page url='chrome-error://chromewebdata/'>

    def test_visible_in_paper_light(self, page: Page):
>       page.goto(f"{TEST_URL}/", timeout=60000)

tests/playwright/test_theme_toggle_contrast.py:46: 
_ _ _ _ _ _ _ _ _ _ _ _ _ _ _ _ _ _ _ _ _ _ _ _ _ _ _ _ _ _ _ _ _ _ _ _ _ _ _ _ 
/usr/local/lib/python3.12/dist-packages/playwright/sync_api/_generated.py:9019: in goto
    self._sync(
/usr/local/lib/python3.12/dist-packages/playwright/_impl/_page.py:556: in goto
    return await self._main_frame.goto(**locals_to_params(locals()))
           ^^^^^^^^^^^^^^^^^^^^^^^^^^^^^^^^^^^^^^^^^^^^^^^^^^^^^^^^^
/usr/local/lib/python3.12/dist-packages/playwright/_impl/_frame.py:153: in goto
    await self._channel.send(
/usr/local/lib/python3.12/dist-packages/playwright/_impl/_connection.py:69: in send
    return await self._connection.wrap_api_call(
_ _ _ _ _ _ _ _ _ _ _ _ _ _ _ _ _ _ _ _ _ _ _ _ _ _ _ _ _ _ _ _ _ _ _ _ _ _ _ _ 

self = <playwright._impl._connection.Connection object at 0x78f3c2093800>
cb = <function Channel.send.<locals>.<lambda> at 0x78f3c1178a40>
is_internal = False, title = None

    async def wrap_api_call(
        self, cb: Callable[[], Any], is_internal: bool = False, title: str = None
    ) -> Any:
        if self._api_zone.get():
            return await cb()
        task = asyncio.current_task(self._loop)
        st: List[inspect.FrameInfo] = getattr(
            task, "__pw_stack__", None
        ) or inspect.stack(0)
    
        parsed_st = _extract_stack_trace_information_from_stack(st, is_internal, title)
        self._api_zone.set(parsed_st)
        try:
            return await cb()
        except Exception as error:
>           raise rewrite_error(error, f"{parsed_st['apiName']}: {error}") from None
E           playwright._impl._errors.Error: Page.goto: net::ERR_CONNECTION_REFUSED at http://localhost:3099/
E           Call log:
E             - navigating to "http://localhost:3099/", waiting until "load"

/usr/local/lib/python3.12/dist-packages/playwright/_impl/_connection.py:558: Error
_____________ TestThemeToggleContrast.test_visible_in_console_dark _____________

self = <test_theme_toggle_contrast.TestThemeToggleContrast object at 0x78f3c17399a0>
page = <Page url='chrome-error://chromewebdata/'>

    def test_visible_in_console_dark(self, page: Page):
>       page.goto(f"{TEST_URL}/", timeout=60000)

tests/playwright/test_theme_toggle_contrast.py:56: 
_ _ _ _ _ _ _ _ _ _ _ _ _ _ _ _ _ _ _ _ _ _ _ _ _ _ _ _ _ _ _ _ _ _ _ _ _ _ _ _ 
/usr/local/lib/python3.12/dist-packages/playwright/sync_api/_generated.py:9019: in goto
    self._sync(
/usr/local/lib/python3.12/dist-packages/playwright/_impl/_page.py:556: in goto
    return await self._main_frame.goto(**locals_to_params(locals()))
           ^^^^^^^^^^^^^^^^^^^^^^^^^^^^^^^^^^^^^^^^^^^^^^^^^^^^^^^^^
/usr/local/lib/python3.12/dist-packages/playwright/_impl/_frame.py:153: in goto
    await self._channel.send(
/usr/local/lib/python3.12/dist-packages/playwright/_impl/_connection.py:69: in send
    return await self._connection.wrap_api_call(
_ _ _ _ _ _ _ _ _ _ _ _ _ _ _ _ _ _ _ _ _ _ _ _ _ _ _ _ _ _ _ _ _ _ _ _ _ _ _ _ 

self = <playwright._impl._connection.Connection object at 0x78f3c2093800>
cb = <function Channel.send.<locals>.<lambda> at 0x78f3c0de5a80>
is_internal = False, title = None

    async def wrap_api_call(
        self, cb: Callable[[], Any], is_internal: bool = False, title: str = None
    ) -> Any:
        if self._api_zone.get():
            return await cb()
        task = asyncio.current_task(self._loop)
        st: List[inspect.FrameInfo] = getattr(
            task, "__pw_stack__", None
        ) or inspect.stack(0)
    
        parsed_st = _extract_stack_trace_information_from_stack(st, is_internal, title)
        self._api_zone.set(parsed_st)
        try:
            return await cb()
        except Exception as error:
>           raise rewrite_error(error, f"{parsed_st['apiName']}: {error}") from None
E           playwright._impl._errors.Error: Page.goto: net::ERR_CONNECTION_REFUSED at http://localhost:3099/
E           Call log:
E             - navigating to "http://localhost:3099/", waiting until "load"

/usr/local/lib/python3.12/dist-packages/playwright/_impl/_connection.py:558: Error
_____________ TestThemeToggleContrast.test_capture_review_artefact _____________

self = <test_theme_toggle_contrast.TestThemeToggleContrast object at 0x78f3c17391f0>
page = <Page url='chrome-error://chromewebdata/'>

    def test_capture_review_artefact(self, page: Page):
        os.makedirs(ARTEFACT_DIR, exist_ok=True)
>       page.goto(f"{TEST_URL}/", timeout=60000)

tests/playwright/test_theme_toggle_contrast.py:66: 
_ _ _ _ _ _ _ _ _ _ _ _ _ _ _ _ _ _ _ _ _ _ _ _ _ _ _ _ _ _ _ _ _ _ _ _ _ _ _ _ 
/usr/local/lib/python3.12/dist-packages/playwright/sync_api/_generated.py:9019: in goto
    self._sync(
/usr/local/lib/python3.12/dist-packages/playwright/_impl/_page.py:556: in goto
    return await self._main_frame.goto(**locals_to_params(locals()))
           ^^^^^^^^^^^^^^^^^^^^^^^^^^^^^^^^^^^^^^^^^^^^^^^^^^^^^^^^^
/usr/local/lib/python3.12/dist-packages/playwright/_impl/_frame.py:153: in goto
    await self._channel.send(
/usr/local/lib/python3.12/dist-packages/playwright/_impl/_connection.py:69: in send
    return await self._connection.wrap_api_call(
_ _ _ _ _ _ _ _ _ _ _ _ _ _ _ _ _ _ _ _ _ _ _ _ _ _ _ _ _ _ _ _ _ _ _ _ _ _ _ _ 

self = <playwright._impl._connection.Connection object at 0x78f3c2093800>
cb = <function Channel.send.<locals>.<lambda> at 0x78f3c0de4360>
is_internal = False, title = None

    async def wrap_api_call(
        self, cb: Callable[[], Any], is_internal: bool = False, title: str = None
    ) -> Any:
        if self._api_zone.get():
            return await cb()
        task = asyncio.current_task(self._loop)
        st: List[inspect.FrameInfo] = getattr(
            task, "__pw_stack__", None
        ) or inspect.stack(0)
    
        parsed_st = _extract_stack_trace_information_from_stack(st, is_internal, title)
        self._api_zone.set(parsed_st)
        try:
            return await cb()
        except Exception as error:
>           raise rewrite_error(error, f"{parsed_st['apiName']}: {error}") from None
E           playwright._impl._errors.Error: Page.goto: net::ERR_CONNECTION_REFUSED at http://localhost:3099/
E           Call log:
E             - navigating to "http://localhost:3099/", waiting until "load"

/usr/local/lib/python3.12/dist-packages/playwright/_impl/_connection.py:558: Error
__________________ TestTimelinePage.test_timeline_page_loads ___________________

self = <test_timeline.TestTimelinePage object at 0x78f3c173ab70>
page = <Page url='chrome-error://chromewebdata/'>

    def test_timeline_page_loads(self, page: Page):
>       resp = page.goto(_url("/timeline"), timeout=self.TIMEOUT)
               ^^^^^^^^^^^^^^^^^^^^^^^^^^^^^^^^^^^^^^^^^^^^^^^^^^

tests/playwright/test_timeline.py:24: 
_ _ _ _ _ _ _ _ _ _ _ _ _ _ _ _ _ _ _ _ _ _ _ _ _ _ _ _ _ _ _ _ _ _ _ _ _ _ _ _ 
/usr/local/lib/python3.12/dist-packages/playwright/sync_api/_generated.py:9019: in goto
    self._sync(
/usr/local/lib/python3.12/dist-packages/playwright/_impl/_page.py:556: in goto
    return await self._main_frame.goto(**locals_to_params(locals()))
           ^^^^^^^^^^^^^^^^^^^^^^^^^^^^^^^^^^^^^^^^^^^^^^^^^^^^^^^^^
/usr/local/lib/python3.12/dist-packages/playwright/_impl/_frame.py:153: in goto
    await self._channel.send(
/usr/local/lib/python3.12/dist-packages/playwright/_impl/_connection.py:69: in send
    return await self._connection.wrap_api_call(
_ _ _ _ _ _ _ _ _ _ _ _ _ _ _ _ _ _ _ _ _ _ _ _ _ _ _ _ _ _ _ _ _ _ _ _ _ _ _ _ 

self = <playwright._impl._connection.Connection object at 0x78f3c2093800>
cb = <function Channel.send.<locals>.<lambda> at 0x78f3c0f932e0>
is_internal = False, title = None

    async def wrap_api_call(
        self, cb: Callable[[], Any], is_internal: bool = False, title: str = None
    ) -> Any:
        if self._api_zone.get():
            return await cb()
        task = asyncio.current_task(self._loop)
        st: List[inspect.FrameInfo] = getattr(
            task, "__pw_stack__", None
        ) or inspect.stack(0)
    
        parsed_st = _extract_stack_trace_information_from_stack(st, is_internal, title)
        self._api_zone.set(parsed_st)
        try:
            return await cb()
        except Exception as error:
>           raise rewrite_error(error, f"{parsed_st['apiName']}: {error}") from None
E           playwright._impl._errors.Error: Page.goto: net::ERR_CONNECTION_REFUSED at http://localhost:3099/timeline
E           Call log:
E             - navigating to "http://localhost:3099/timeline", waiting until "load"

/usr/local/lib/python3.12/dist-packages/playwright/_impl/_connection.py:558: Error
__________________ TestTimelinePage.test_timeline_has_content __________________

self = <test_timeline.TestTimelinePage object at 0x78f3c173aed0>
page = <Page url='chrome-error://chromewebdata/'>

    def test_timeline_has_content(self, page: Page):
>       page.goto(_url("/timeline"), timeout=self.TIMEOUT)

tests/playwright/test_timeline.py:28: 
_ _ _ _ _ _ _ _ _ _ _ _ _ _ _ _ _ _ _ _ _ _ _ _ _ _ _ _ _ _ _ _ _ _ _ _ _ _ _ _ 
/usr/local/lib/python3.12/dist-packages/playwright/sync_api/_generated.py:9019: in goto
    self._sync(
/usr/local/lib/python3.12/dist-packages/playwright/_impl/_page.py:556: in goto
    return await self._main_frame.goto(**locals_to_params(locals()))
           ^^^^^^^^^^^^^^^^^^^^^^^^^^^^^^^^^^^^^^^^^^^^^^^^^^^^^^^^^
/usr/local/lib/python3.12/dist-packages/playwright/_impl/_frame.py:153: in goto
    await self._channel.send(
/usr/local/lib/python3.12/dist-packages/playwright/_impl/_connection.py:69: in send
    return await self._connection.wrap_api_call(
_ _ _ _ _ _ _ _ _ _ _ _ _ _ _ _ _ _ _ _ _ _ _ _ _ _ _ _ _ _ _ _ _ _ _ _ _ _ _ _ 

self = <playwright._impl._connection.Connection object at 0x78f3c2093800>
cb = <function Channel.send.<locals>.<lambda> at 0x78f3c0e9e660>
is_internal = False, title = None

    async def wrap_api_call(
        self, cb: Callable[[], Any], is_internal: bool = False, title: str = None
    ) -> Any:
        if self._api_zone.get():
            return await cb()
        task = asyncio.current_task(self._loop)
        st: List[inspect.FrameInfo] = getattr(
            task, "__pw_stack__", None
        ) or inspect.stack(0)
    
        parsed_st = _extract_stack_trace_information_from_stack(st, is_internal, title)
        self._api_zone.set(parsed_st)
        try:
            return await cb()
        except Exception as error:
>           raise rewrite_error(error, f"{parsed_st['apiName']}: {error}") from None
E           playwright._impl._errors.Error: Page.goto: net::ERR_CONNECTION_REFUSED at http://localhost:3099/timeline
E           Call log:
E             - navigating to "http://localhost:3099/timeline", waiting until "load"

/usr/local/lib/python3.12/dist-packages/playwright/_impl/_connection.py:558: Error
______________ TestTimelinePage.test_timeline_has_session_entries ______________

self = <test_timeline.TestTimelinePage object at 0x78f3c173b260>
page = <Page url='chrome-error://chromewebdata/'>

    def test_timeline_has_session_entries(self, page: Page):
        """Timeline should show at least one session handover."""
>       page.goto(_url("/timeline"), timeout=self.TIMEOUT)

tests/playwright/test_timeline.py:35: 
_ _ _ _ _ _ _ _ _ _ _ _ _ _ _ _ _ _ _ _ _ _ _ _ _ _ _ _ _ _ _ _ _ _ _ _ _ _ _ _ 
/usr/local/lib/python3.12/dist-packages/playwright/sync_api/_generated.py:9019: in goto
    self._sync(
/usr/local/lib/python3.12/dist-packages/playwright/_impl/_page.py:556: in goto
    return await self._main_frame.goto(**locals_to_params(locals()))
           ^^^^^^^^^^^^^^^^^^^^^^^^^^^^^^^^^^^^^^^^^^^^^^^^^^^^^^^^^
/usr/local/lib/python3.12/dist-packages/playwright/_impl/_frame.py:153: in goto
    await self._channel.send(
/usr/local/lib/python3.12/dist-packages/playwright/_impl/_connection.py:69: in send
    return await self._connection.wrap_api_call(
_ _ _ _ _ _ _ _ _ _ _ _ _ _ _ _ _ _ _ _ _ _ _ _ _ _ _ _ _ _ _ _ _ _ _ _ _ _ _ _ 

self = <playwright._impl._connection.Connection object at 0x78f3c2093800>
cb = <function Channel.send.<locals>.<lambda> at 0x78f3c0f6a700>
is_internal = False, title = None

    async def wrap_api_call(
        self, cb: Callable[[], Any], is_internal: bool = False, title: str = None
    ) -> Any:
        if self._api_zone.get():
            return await cb()
        task = asyncio.current_task(self._loop)
        st: List[inspect.FrameInfo] = getattr(
            task, "__pw_stack__", None
        ) or inspect.stack(0)
    
        parsed_st = _extract_stack_trace_information_from_stack(st, is_internal, title)
        self._api_zone.set(parsed_st)
        try:
            return await cb()
        except Exception as error:
>           raise rewrite_error(error, f"{parsed_st['apiName']}: {error}") from None
E           playwright._impl._errors.Error: Page.goto: net::ERR_CONNECTION_REFUSED at http://localhost:3099/timeline
E           Call log:
E             - navigating to "http://localhost:3099/timeline", waiting until "load"

/usr/local/lib/python3.12/dist-packages/playwright/_impl/_connection.py:558: Error
__________________ TestTimelinePage.test_timeline_has_heading __________________

self = <test_timeline.TestTimelinePage object at 0x78f3c173b5f0>
page = <Page url='chrome-error://chromewebdata/'>

    def test_timeline_has_heading(self, page: Page):
>       page.goto(_url("/timeline"), timeout=self.TIMEOUT)

tests/playwright/test_timeline.py:41: 
_ _ _ _ _ _ _ _ _ _ _ _ _ _ _ _ _ _ _ _ _ _ _ _ _ _ _ _ _ _ _ _ _ _ _ _ _ _ _ _ 
/usr/local/lib/python3.12/dist-packages/playwright/sync_api/_generated.py:9019: in goto
    self._sync(
/usr/local/lib/python3.12/dist-packages/playwright/_impl/_page.py:556: in goto
    return await self._main_frame.goto(**locals_to_params(locals()))
           ^^^^^^^^^^^^^^^^^^^^^^^^^^^^^^^^^^^^^^^^^^^^^^^^^^^^^^^^^
/usr/local/lib/python3.12/dist-packages/playwright/_impl/_frame.py:153: in goto
    await self._channel.send(
/usr/local/lib/python3.12/dist-packages/playwright/_impl/_connection.py:69: in send
    return await self._connection.wrap_api_call(
_ _ _ _ _ _ _ _ _ _ _ _ _ _ _ _ _ _ _ _ _ _ _ _ _ _ _ _ _ _ _ _ _ _ _ _ _ _ _ _ 

self = <playwright._impl._connection.Connection object at 0x78f3c2093800>
cb = <function Channel.send.<locals>.<lambda> at 0x78f3c0f6aca0>
is_internal = False, title = None

    async def wrap_api_call(
        self, cb: Callable[[], Any], is_internal: bool = False, title: str = None
    ) -> Any:
        if self._api_zone.get():
            return await cb()
        task = asyncio.current_task(self._loop)
        st: List[inspect.FrameInfo] = getattr(
            task, "__pw_stack__", None
        ) or inspect.stack(0)
    
        parsed_st = _extract_stack_trace_information_from_stack(st, is_internal, title)
        self._api_zone.set(parsed_st)
        try:
            return await cb()
        except Exception as error:
>           raise rewrite_error(error, f"{parsed_st['apiName']}: {error}") from None
E           playwright._impl._errors.Error: Page.goto: net::ERR_CONNECTION_REFUSED at http://localhost:3099/timeline
E           Call log:
E             - navigating to "http://localhost:3099/timeline", waiting until "load"

/usr/local/lib/python3.12/dist-packages/playwright/_impl/_connection.py:558: Error
_______________ TestTimelineHeight.test_timeline_height_bounded ________________

self = <test_timeline_height.TestTimelineHeight object at 0x78f3c173bc50>
page = <Page url='chrome-error://chromewebdata/'>
base_url = 'http://localhost:3099'

    def test_timeline_height_bounded(self, page, base_url):
        """scrollHeight stays under the screenshot cap regardless of session count."""
>       page.goto(f"{base_url}/timeline")

tests/playwright/test_timeline_height.py:19: 
_ _ _ _ _ _ _ _ _ _ _ _ _ _ _ _ _ _ _ _ _ _ _ _ _ _ _ _ _ _ _ _ _ _ _ _ _ _ _ _ 
/usr/local/lib/python3.12/dist-packages/playwright/sync_api/_generated.py:9019: in goto
    self._sync(
/usr/local/lib/python3.12/dist-packages/playwright/_impl/_page.py:556: in goto
    return await self._main_frame.goto(**locals_to_params(locals()))
           ^^^^^^^^^^^^^^^^^^^^^^^^^^^^^^^^^^^^^^^^^^^^^^^^^^^^^^^^^
/usr/local/lib/python3.12/dist-packages/playwright/_impl/_frame.py:153: in goto
    await self._channel.send(
/usr/local/lib/python3.12/dist-packages/playwright/_impl/_connection.py:69: in send
    return await self._connection.wrap_api_call(
_ _ _ _ _ _ _ _ _ _ _ _ _ _ _ _ _ _ _ _ _ _ _ _ _ _ _ _ _ _ _ _ _ _ _ _ _ _ _ _ 

self = <playwright._impl._connection.Connection object at 0x78f3c2093800>
cb = <function Channel.send.<locals>.<lambda> at 0x78f3c0ef3c40>
is_internal = False, title = None

    async def wrap_api_call(
        self, cb: Callable[[], Any], is_internal: bool = False, title: str = None
    ) -> Any:
        if self._api_zone.get():
            return await cb()
        task = asyncio.current_task(self._loop)
        st: List[inspect.FrameInfo] = getattr(
            task, "__pw_stack__", None
        ) or inspect.stack(0)
    
        parsed_st = _extract_stack_trace_information_from_stack(st, is_internal, title)
        self._api_zone.set(parsed_st)
        try:
            return await cb()
        except Exception as error:
>           raise rewrite_error(error, f"{parsed_st['apiName']}: {error}") from None
E           playwright._impl._errors.Error: Page.goto: net::ERR_CONNECTION_REFUSED at http://localhost:3099/timeline
E           Call log:
E             - navigating to "http://localhost:3099/timeline", waiting until "load"

/usr/local/lib/python3.12/dist-packages/playwright/_impl/_connection.py:558: Error
_______________ TestTimelineHeight.test_timeline_items_reachable _______________

self = <test_timeline_height.TestTimelineHeight object at 0x78f3c1754050>
page = <Page url='chrome-error://chromewebdata/'>
base_url = 'http://localhost:3099'

    def test_timeline_items_reachable(self, page, base_url):
        """No session card leaves the DOM: the overflow collapses, never drops."""
>       page.goto(f"{base_url}/timeline")

tests/playwright/test_timeline_height.py:30: 
_ _ _ _ _ _ _ _ _ _ _ _ _ _ _ _ _ _ _ _ _ _ _ _ _ _ _ _ _ _ _ _ _ _ _ _ _ _ _ _ 
/usr/local/lib/python3.12/dist-packages/playwright/sync_api/_generated.py:9019: in goto
    self._sync(
/usr/local/lib/python3.12/dist-packages/playwright/_impl/_page.py:556: in goto
    return await self._main_frame.goto(**locals_to_params(locals()))
           ^^^^^^^^^^^^^^^^^^^^^^^^^^^^^^^^^^^^^^^^^^^^^^^^^^^^^^^^^
/usr/local/lib/python3.12/dist-packages/playwright/_impl/_frame.py:153: in goto
    await self._channel.send(
/usr/local/lib/python3.12/dist-packages/playwright/_impl/_connection.py:69: in send
    return await self._connection.wrap_api_call(
_ _ _ _ _ _ _ _ _ _ _ _ _ _ _ _ _ _ _ _ _ _ _ _ _ _ _ _ _ _ _ _ _ _ _ _ _ _ _ _ 

self = <playwright._impl._connection.Connection object at 0x78f3c2093800>
cb = <function Channel.send.<locals>.<lambda> at 0x78f3c12725c0>
is_internal = False, title = None

    async def wrap_api_call(
        self, cb: Callable[[], Any], is_internal: bool = False, title: str = None
    ) -> Any:
        if self._api_zone.get():
            return await cb()
        task = asyncio.current_task(self._loop)
        st: List[inspect.FrameInfo] = getattr(
            task, "__pw_stack__", None
        ) or inspect.stack(0)
    
        parsed_st = _extract_stack_trace_information_from_stack(st, is_internal, title)
        self._api_zone.set(parsed_st)
        try:
            return await cb()
        except Exception as error:
>           raise rewrite_error(error, f"{parsed_st['apiName']}: {error}") from None
E           playwright._impl._errors.Error: Page.goto: net::ERR_CONNECTION_REFUSED at http://localhost:3099/timeline
E           Call log:
E             - navigating to "http://localhost:3099/timeline", waiting until "load"

/usr/local/lib/python3.12/dist-packages/playwright/_impl/_connection.py:558: Error
_____________ TestApprovalsVerdictBadges.test_approvals_page_loads _____________

self = <test_verdict_ui.TestApprovalsVerdictBadges object at 0x78f3c173bb00>
page = <Page url='chrome-error://chromewebdata/'>

    def test_approvals_page_loads(self, page: Page):
>       resp = page.goto(_url("/approvals"))
               ^^^^^^^^^^^^^^^^^^^^^^^^^^^^^

tests/playwright/test_verdict_ui.py:25: 
_ _ _ _ _ _ _ _ _ _ _ _ _ _ _ _ _ _ _ _ _ _ _ _ _ _ _ _ _ _ _ _ _ _ _ _ _ _ _ _ 
/usr/local/lib/python3.12/dist-packages/playwright/sync_api/_generated.py:9019: in goto
    self._sync(
/usr/local/lib/python3.12/dist-packages/playwright/_impl/_page.py:556: in goto
    return await self._main_frame.goto(**locals_to_params(locals()))
           ^^^^^^^^^^^^^^^^^^^^^^^^^^^^^^^^^^^^^^^^^^^^^^^^^^^^^^^^^
/usr/local/lib/python3.12/dist-packages/playwright/_impl/_frame.py:153: in goto
    await self._channel.send(
/usr/local/lib/python3.12/dist-packages/playwright/_impl/_connection.py:69: in send
    return await self._connection.wrap_api_call(
_ _ _ _ _ _ _ _ _ _ _ _ _ _ _ _ _ _ _ _ _ _ _ _ _ _ _ _ _ _ _ _ _ _ _ _ _ _ _ _ 

self = <playwright._impl._connection.Connection object at 0x78f3c2093800>
cb = <function Channel.send.<locals>.<lambda> at 0x78f3c10347c0>
is_internal = False, title = None

    async def wrap_api_call(
        self, cb: Callable[[], Any], is_internal: bool = False, title: str = None
    ) -> Any:
        if self._api_zone.get():
            return await cb()
        task = asyncio.current_task(self._loop)
        st: List[inspect.FrameInfo] = getattr(
            task, "__pw_stack__", None
        ) or inspect.stack(0)
    
        parsed_st = _extract_stack_trace_information_from_stack(st, is_internal, title)
        self._api_zone.set(parsed_st)
        try:
            return await cb()
        except Exception as error:
>           raise rewrite_error(error, f"{parsed_st['apiName']}: {error}") from None
E           playwright._impl._errors.Error: Page.goto: net::ERR_CONNECTION_REFUSED at http://localhost:3099/approvals
E           Call log:
E             - navigating to "http://localhost:3099/approvals", waiting until "load"

/usr/local/lib/python3.12/dist-packages/playwright/_impl/_connection.py:558: Error
____________ TestApprovalsVerdictBadges.test_verdict_badges_render _____________

self = <test_verdict_ui.TestApprovalsVerdictBadges object at 0x78f3c173b1a0>
page = <Page url='chrome-error://chromewebdata/'>

    def test_verdict_badges_render(self, page: Page):
        """At least one card carries a data-verdict attribute (badge or wrapper)."""
>       page.goto(_url("/approvals"))

tests/playwright/test_verdict_ui.py:30: 
_ _ _ _ _ _ _ _ _ _ _ _ _ _ _ _ _ _ _ _ _ _ _ _ _ _ _ _ _ _ _ _ _ _ _ _ _ _ _ _ 
/usr/local/lib/python3.12/dist-packages/playwright/sync_api/_generated.py:9019: in goto
    self._sync(
/usr/local/lib/python3.12/dist-packages/playwright/_impl/_page.py:556: in goto
    return await self._main_frame.goto(**locals_to_params(locals()))
           ^^^^^^^^^^^^^^^^^^^^^^^^^^^^^^^^^^^^^^^^^^^^^^^^^^^^^^^^^
/usr/local/lib/python3.12/dist-packages/playwright/_impl/_frame.py:153: in goto
    await self._channel.send(
/usr/local/lib/python3.12/dist-packages/playwright/_impl/_connection.py:69: in send
    return await self._connection.wrap_api_call(
_ _ _ _ _ _ _ _ _ _ _ _ _ _ _ _ _ _ _ _ _ _ _ _ _ _ _ _ _ _ _ _ _ _ _ _ _ _ _ _ 

self = <playwright._impl._connection.Connection object at 0x78f3c2093800>
cb = <function Channel.send.<locals>.<lambda> at 0x78f3c1036ac0>
is_internal = False, title = None

    async def wrap_api_call(
        self, cb: Callable[[], Any], is_internal: bool = False, title: str = None
    ) -> Any:
        if self._api_zone.get():
            return await cb()
        task = asyncio.current_task(self._loop)
        st: List[inspect.FrameInfo] = getattr(
            task, "__pw_stack__", None
        ) or inspect.stack(0)
    
        parsed_st = _extract_stack_trace_information_from_stack(st, is_internal, title)
        self._api_zone.set(parsed_st)
        try:
            return await cb()
        except Exception as error:
>           raise rewrite_error(error, f"{parsed_st['apiName']}: {error}") from None
E           playwright._impl._errors.Error: Page.goto: net::ERR_CONNECTION_REFUSED at http://localhost:3099/approvals
E           Call log:
E             - navigating to "http://localhost:3099/approvals", waiting until "load"

/usr/local/lib/python3.12/dist-packages/playwright/_impl/_connection.py:558: Error
_________ TestApprovalsVerdictBadges.test_verdict_badge_class_present __________

self = <test_verdict_ui.TestApprovalsVerdictBadges object at 0x78f3c173aa50>
page = <Page url='chrome-error://chromewebdata/'>

    def test_verdict_badge_class_present(self, page: Page):
        """If pending_acs has any tasks, verdict-badge spans must render."""
>       page.goto(_url("/approvals"))

tests/playwright/test_verdict_ui.py:42: 
_ _ _ _ _ _ _ _ _ _ _ _ _ _ _ _ _ _ _ _ _ _ _ _ _ _ _ _ _ _ _ _ _ _ _ _ _ _ _ _ 
/usr/local/lib/python3.12/dist-packages/playwright/sync_api/_generated.py:9019: in goto
    self._sync(
/usr/local/lib/python3.12/dist-packages/playwright/_impl/_page.py:556: in goto
    return await self._main_frame.goto(**locals_to_params(locals()))
           ^^^^^^^^^^^^^^^^^^^^^^^^^^^^^^^^^^^^^^^^^^^^^^^^^^^^^^^^^
/usr/local/lib/python3.12/dist-packages/playwright/_impl/_frame.py:153: in goto
    await self._channel.send(
/usr/local/lib/python3.12/dist-packages/playwright/_impl/_connection.py:69: in send
    return await self._connection.wrap_api_call(
_ _ _ _ _ _ _ _ _ _ _ _ _ _ _ _ _ _ _ _ _ _ _ _ _ _ _ _ _ _ _ _ _ _ _ _ _ _ _ _ 

self = <playwright._impl._connection.Connection object at 0x78f3c2093800>
cb = <function Channel.send.<locals>.<lambda> at 0x78f3c149d080>
is_internal = False, title = None

    async def wrap_api_call(
        self, cb: Callable[[], Any], is_internal: bool = False, title: str = None
    ) -> Any:
        if self._api_zone.get():
            return await cb()
        task = asyncio.current_task(self._loop)
        st: List[inspect.FrameInfo] = getattr(
            task, "__pw_stack__", None
        ) or inspect.stack(0)
    
        parsed_st = _extract_stack_trace_information_from_stack(st, is_internal, title)
        self._api_zone.set(parsed_st)
        try:
            return await cb()
        except Exception as error:
>           raise rewrite_error(error, f"{parsed_st['apiName']}: {error}") from None
E           playwright._impl._errors.Error: Page.goto: net::ERR_CONNECTION_REFUSED at http://localhost:3099/approvals
E           Call log:
E             - navigating to "http://localhost:3099/approvals", waiting until "load"

/usr/local/lib/python3.12/dist-packages/playwright/_impl/_connection.py:558: Error
__________ TestApprovalsFilterButtons.test_all_filter_button_present ___________

self = <test_verdict_ui.TestApprovalsFilterButtons object at 0x78f3c173a090>
page = <Page url='chrome-error://chromewebdata/'>

    def test_all_filter_button_present(self, page: Page):
>       page.goto(_url("/approvals"))

tests/playwright/test_verdict_ui.py:55: 
_ _ _ _ _ _ _ _ _ _ _ _ _ _ _ _ _ _ _ _ _ _ _ _ _ _ _ _ _ _ _ _ _ _ _ _ _ _ _ _ 
/usr/local/lib/python3.12/dist-packages/playwright/sync_api/_generated.py:9019: in goto
    self._sync(
/usr/local/lib/python3.12/dist-packages/playwright/_impl/_page.py:556: in goto
    return await self._main_frame.goto(**locals_to_params(locals()))
           ^^^^^^^^^^^^^^^^^^^^^^^^^^^^^^^^^^^^^^^^^^^^^^^^^^^^^^^^^
/usr/local/lib/python3.12/dist-packages/playwright/_impl/_frame.py:153: in goto
    await self._channel.send(
/usr/local/lib/python3.12/dist-packages/playwright/_impl/_connection.py:69: in send
    return await self._connection.wrap_api_call(
_ _ _ _ _ _ _ _ _ _ _ _ _ _ _ _ _ _ _ _ _ _ _ _ _ _ _ _ _ _ _ _ _ _ _ _ _ _ _ _ 

self = <playwright._impl._connection.Connection object at 0x78f3c2093800>
cb = <function Channel.send.<locals>.<lambda> at 0x78f3c0e34680>
is_internal = False, title = None

    async def wrap_api_call(
        self, cb: Callable[[], Any], is_internal: bool = False, title: str = None
    ) -> Any:
        if self._api_zone.get():
            return await cb()
        task = asyncio.current_task(self._loop)
        st: List[inspect.FrameInfo] = getattr(
            task, "__pw_stack__", None
        ) or inspect.stack(0)
    
        parsed_st = _extract_stack_trace_information_from_stack(st, is_internal, title)
        self._api_zone.set(parsed_st)
        try:
            return await cb()
        except Exception as error:
>           raise rewrite_error(error, f"{parsed_st['apiName']}: {error}") from None
E           playwright._impl._errors.Error: Page.goto: net::ERR_CONNECTION_REFUSED at http://localhost:3099/approvals
E           Call log:
E             - navigating to "http://localhost:3099/approvals", waiting until "load"

/usr/local/lib/python3.12/dist-packages/playwright/_impl/_connection.py:558: Error
_ TestApprovalsFilterButtons.test_verdict_filter_buttons_render_when_data_exists _

self = <test_verdict_ui.TestApprovalsFilterButtons object at 0x78f3c1754710>
page = <Page url='chrome-error://chromewebdata/'>

    def test_verdict_filter_buttons_render_when_data_exists(self, page: Page):
        """GO/DEFER buttons render iff at least one task carries that verdict."""
>       page.goto(_url("/approvals"))

tests/playwright/test_verdict_ui.py:63: 
_ _ _ _ _ _ _ _ _ _ _ _ _ _ _ _ _ _ _ _ _ _ _ _ _ _ _ _ _ _ _ _ _ _ _ _ _ _ _ _ 
/usr/local/lib/python3.12/dist-packages/playwright/sync_api/_generated.py:9019: in goto
    self._sync(
/usr/local/lib/python3.12/dist-packages/playwright/_impl/_page.py:556: in goto
    return await self._main_frame.goto(**locals_to_params(locals()))
           ^^^^^^^^^^^^^^^^^^^^^^^^^^^^^^^^^^^^^^^^^^^^^^^^^^^^^^^^^
/usr/local/lib/python3.12/dist-packages/playwright/_impl/_frame.py:153: in goto
    await self._channel.send(
/usr/local/lib/python3.12/dist-packages/playwright/_impl/_connection.py:69: in send
    return await self._connection.wrap_api_call(
_ _ _ _ _ _ _ _ _ _ _ _ _ _ _ _ _ _ _ _ _ _ _ _ _ _ _ _ _ _ _ _ _ _ _ _ _ _ _ _ 

self = <playwright._impl._connection.Connection object at 0x78f3c2093800>
cb = <function Channel.send.<locals>.<lambda> at 0x78f3c11f9b20>
is_internal = False, title = None

    async def wrap_api_call(
        self, cb: Callable[[], Any], is_internal: bool = False, title: str = None
    ) -> Any:
        if self._api_zone.get():
            return await cb()
        task = asyncio.current_task(self._loop)
        st: List[inspect.FrameInfo] = getattr(
            task, "__pw_stack__", None
        ) or inspect.stack(0)
    
        parsed_st = _extract_stack_trace_information_from_stack(st, is_internal, title)
        self._api_zone.set(parsed_st)
        try:
            return await cb()
        except Exception as error:
>           raise rewrite_error(error, f"{parsed_st['apiName']}: {error}") from None
E           playwright._impl._errors.Error: Page.goto: net::ERR_CONNECTION_REFUSED at http://localhost:3099/approvals
E           Call log:
E             - navigating to "http://localhost:3099/approvals", waiting until "load"

/usr/local/lib/python3.12/dist-packages/playwright/_impl/_connection.py:558: Error
_______ TestApprovalsFilterButtons.test_filter_js_handles_verdict_values _______

self = <test_verdict_ui.TestApprovalsFilterButtons object at 0x78f3c1754aa0>
page = <Page url='chrome-error://chromewebdata/'>

    def test_filter_js_handles_verdict_values(self, page: Page):
        """The filterACs() JS must include the GO/DEFER/NO-GO branches."""
>       page.goto(_url("/approvals"))

tests/playwright/test_verdict_ui.py:76: 
_ _ _ _ _ _ _ _ _ _ _ _ _ _ _ _ _ _ _ _ _ _ _ _ _ _ _ _ _ _ _ _ _ _ _ _ _ _ _ _ 
/usr/local/lib/python3.12/dist-packages/playwright/sync_api/_generated.py:9019: in goto
    self._sync(
/usr/local/lib/python3.12/dist-packages/playwright/_impl/_page.py:556: in goto
    return await self._main_frame.goto(**locals_to_params(locals()))
           ^^^^^^^^^^^^^^^^^^^^^^^^^^^^^^^^^^^^^^^^^^^^^^^^^^^^^^^^^
/usr/local/lib/python3.12/dist-packages/playwright/_impl/_frame.py:153: in goto
    await self._channel.send(
/usr/local/lib/python3.12/dist-packages/playwright/_impl/_connection.py:69: in send
    return await self._connection.wrap_api_call(
_ _ _ _ _ _ _ _ _ _ _ _ _ _ _ _ _ _ _ _ _ _ _ _ _ _ _ _ _ _ _ _ _ _ _ _ _ _ _ _ 

self = <playwright._impl._connection.Connection object at 0x78f3c2093800>
cb = <function Channel.send.<locals>.<lambda> at 0x78f3c11f8400>
is_internal = False, title = None

    async def wrap_api_call(
        self, cb: Callable[[], Any], is_internal: bool = False, title: str = None
    ) -> Any:
        if self._api_zone.get():
            return await cb()
        task = asyncio.current_task(self._loop)
        st: List[inspect.FrameInfo] = getattr(
            task, "__pw_stack__", None
        ) or inspect.stack(0)
    
        parsed_st = _extract_stack_trace_information_from_stack(st, is_internal, title)
        self._api_zone.set(parsed_st)
        try:
            return await cb()
        except Exception as error:
>           raise rewrite_error(error, f"{parsed_st['apiName']}: {error}") from None
E           playwright._impl._errors.Error: Page.goto: net::ERR_CONNECTION_REFUSED at http://localhost:3099/approvals
E           Call log:
E             - navigating to "http://localhost:3099/approvals", waiting until "load"

/usr/local/lib/python3.12/dist-packages/playwright/_impl/_connection.py:558: Error
_____________ TestLandingPageVerdictPills.test_landing_page_loads ______________

self = <test_verdict_ui.TestLandingPageVerdictPills object at 0x78f3c1754e90>
page = <Page url='chrome-error://chromewebdata/'>

    def test_landing_page_loads(self, page: Page):
>       resp = page.goto(_url("/"))
               ^^^^^^^^^^^^^^^^^^^^

tests/playwright/test_verdict_ui.py:87: 
_ _ _ _ _ _ _ _ _ _ _ _ _ _ _ _ _ _ _ _ _ _ _ _ _ _ _ _ _ _ _ _ _ _ _ _ _ _ _ _ 
/usr/local/lib/python3.12/dist-packages/playwright/sync_api/_generated.py:9019: in goto
    self._sync(
/usr/local/lib/python3.12/dist-packages/playwright/_impl/_page.py:556: in goto
    return await self._main_frame.goto(**locals_to_params(locals()))
           ^^^^^^^^^^^^^^^^^^^^^^^^^^^^^^^^^^^^^^^^^^^^^^^^^^^^^^^^^
/usr/local/lib/python3.12/dist-packages/playwright/_impl/_frame.py:153: in goto
    await self._channel.send(
/usr/local/lib/python3.12/dist-packages/playwright/_impl/_connection.py:69: in send
    return await self._connection.wrap_api_call(
_ _ _ _ _ _ _ _ _ _ _ _ _ _ _ _ _ _ _ _ _ _ _ _ _ _ _ _ _ _ _ _ _ _ _ _ _ _ _ _ 

self = <playwright._impl._connection.Connection object at 0x78f3c2093800>
cb = <function Channel.send.<locals>.<lambda> at 0x78f3c140d620>
is_internal = False, title = None

    async def wrap_api_call(
        self, cb: Callable[[], Any], is_internal: bool = False, title: str = None
    ) -> Any:
        if self._api_zone.get():
            return await cb()
        task = asyncio.current_task(self._loop)
        st: List[inspect.FrameInfo] = getattr(
            task, "__pw_stack__", None
        ) or inspect.stack(0)
    
        parsed_st = _extract_stack_trace_information_from_stack(st, is_internal, title)
        self._api_zone.set(parsed_st)
        try:
            return await cb()
        except Exception as error:
>           raise rewrite_error(error, f"{parsed_st['apiName']}: {error}") from None
E           playwright._impl._errors.Error: Page.goto: net::ERR_CONNECTION_REFUSED at http://localhost:3099/
E           Call log:
E             - navigating to "http://localhost:3099/", waiting until "load"

/usr/local/lib/python3.12/dist-packages/playwright/_impl/_connection.py:558: Error
____ TestLandingPageVerdictPills.test_verdict_pills_render_when_data_exists ____

self = <test_verdict_ui.TestLandingPageVerdictPills object at 0x78f3c1755220>
page = <Page url='chrome-error://chromewebdata/'>

    def test_verdict_pills_render_when_data_exists(self, page: Page):
        """If there are GO or DEFER tasks, the corresponding pill must render."""
>       page.goto(_url("/"))

tests/playwright/test_verdict_ui.py:92: 
_ _ _ _ _ _ _ _ _ _ _ _ _ _ _ _ _ _ _ _ _ _ _ _ _ _ _ _ _ _ _ _ _ _ _ _ _ _ _ _ 
/usr/local/lib/python3.12/dist-packages/playwright/sync_api/_generated.py:9019: in goto
    self._sync(
/usr/local/lib/python3.12/dist-packages/playwright/_impl/_page.py:556: in goto
    return await self._main_frame.goto(**locals_to_params(locals()))
           ^^^^^^^^^^^^^^^^^^^^^^^^^^^^^^^^^^^^^^^^^^^^^^^^^^^^^^^^^
/usr/local/lib/python3.12/dist-packages/playwright/_impl/_frame.py:153: in goto
    await self._channel.send(
/usr/local/lib/python3.12/dist-packages/playwright/_impl/_connection.py:69: in send
    return await self._connection.wrap_api_call(
_ _ _ _ _ _ _ _ _ _ _ _ _ _ _ _ _ _ _ _ _ _ _ _ _ _ _ _ _ _ _ _ _ _ _ _ _ _ _ _ 

self = <playwright._impl._connection.Connection object at 0x78f3c2093800>
cb = <function Channel.send.<locals>.<lambda> at 0x78f3c140d8a0>
is_internal = False, title = None

    async def wrap_api_call(
        self, cb: Callable[[], Any], is_internal: bool = False, title: str = None
    ) -> Any:
        if self._api_zone.get():
            return await cb()
        task = asyncio.current_task(self._loop)
        st: List[inspect.FrameInfo] = getattr(
            task, "__pw_stack__", None
        ) or inspect.stack(0)
    
        parsed_st = _extract_stack_trace_information_from_stack(st, is_internal, title)
        self._api_zone.set(parsed_st)
        try:
            return await cb()
        except Exception as error:
>           raise rewrite_error(error, f"{parsed_st['apiName']}: {error}") from None
E           playwright._impl._errors.Error: Page.goto: net::ERR_CONNECTION_REFUSED at http://localhost:3099/
E           Call log:
E             - navigating to "http://localhost:3099/", waiting until "load"

/usr/local/lib/python3.12/dist-packages/playwright/_impl/_connection.py:558: Error
_________ TestLandingPageVerdictPills.test_verdict_pill_has_count_text _________

self = <test_verdict_ui.TestLandingPageVerdictPills object at 0x78f3c17555b0>
page = <Page url='chrome-error://chromewebdata/'>

    def test_verdict_pill_has_count_text(self, page: Page):
        """If any verdict pill renders, it carries a numeric count + label."""
>       page.goto(_url("/"))

tests/playwright/test_verdict_ui.py:110: 
_ _ _ _ _ _ _ _ _ _ _ _ _ _ _ _ _ _ _ _ _ _ _ _ _ _ _ _ _ _ _ _ _ _ _ _ _ _ _ _ 
/usr/local/lib/python3.12/dist-packages/playwright/sync_api/_generated.py:9019: in goto
    self._sync(
/usr/local/lib/python3.12/dist-packages/playwright/_impl/_page.py:556: in goto
    return await self._main_frame.goto(**locals_to_params(locals()))
           ^^^^^^^^^^^^^^^^^^^^^^^^^^^^^^^^^^^^^^^^^^^^^^^^^^^^^^^^^
/usr/local/lib/python3.12/dist-packages/playwright/_impl/_frame.py:153: in goto
    await self._channel.send(
/usr/local/lib/python3.12/dist-packages/playwright/_impl/_connection.py:69: in send
    return await self._connection.wrap_api_call(
_ _ _ _ _ _ _ _ _ _ _ _ _ _ _ _ _ _ _ _ _ _ _ _ _ _ _ _ _ _ _ _ _ _ _ _ _ _ _ _ 

self = <playwright._impl._connection.Connection object at 0x78f3c2093800>
cb = <function Channel.send.<locals>.<lambda> at 0x78f3c1491300>
is_internal = False, title = None

    async def wrap_api_call(
        self, cb: Callable[[], Any], is_internal: bool = False, title: str = None
    ) -> Any:
        if self._api_zone.get():
            return await cb()
        task = asyncio.current_task(self._loop)
        st: List[inspect.FrameInfo] = getattr(
            task, "__pw_stack__", None
        ) or inspect.stack(0)
    
        parsed_st = _extract_stack_trace_information_from_stack(st, is_internal, title)
        self._api_zone.set(parsed_st)
        try:
            return await cb()
        except Exception as error:
>           raise rewrite_error(error, f"{parsed_st['apiName']}: {error}") from None
E           playwright._impl._errors.Error: Page.goto: net::ERR_CONNECTION_REFUSED at http://localhost:3099/
E           Call log:
E             - navigating to "http://localhost:3099/", waiting until "load"

/usr/local/lib/python3.12/dist-packages/playwright/_impl/_connection.py:558: Error
=============================== slowest 10 tests ===============================
   18.30s  tests/playwright/test_arc_badge.py::TestArcBadge::test_arc_badge_shows_dual_form
   16.24s  tests/playwright/test_api_scan.py::TestScanFocus::test_scan_focus_valid_id_succeeds
   15.57s  tests/playwright/test_api_scan.py::TestScanRefresh::test_scan_refresh_returns_html
   15.21s  tests/playwright/test_api_session_init.py::TestSessionInit::test_session_init_returns_html
   14.53s  tests/playwright/test_ask.py::TestAskEndpoint::test_ask_with_query_returns_json
   13.58s  tests/playwright/test_approvals_arc_review_navigation.py::test_approvals_review_does_not_bounce_back
   13.33s  tests/playwright/test_arc_badge.py::TestArcBadge::test_list_view_has_arc_column_and_badges
   12.73s  tests/playwright/test_api_ask_stream.py::TestAskStream::test_stream_with_query_returns_sse
   12.32s  tests/playwright/test_arc_badge.py::TestArcBadge::test_arc_badge_link_navigates
   12.29s  tests/playwright/test_arc_badge.py::TestArcBadge::test_arc_badge_title_uses_dual_form
=========================== short test summary info ============================
FAILED tests/playwright/test_arc_review_route.py::test_arc_review_no_form_fields
FAILED tests/playwright/test_arc_review_route.py::test_arc_review_renders_for_closed_arc_without_redirect
FAILED tests/playwright/test_arcs_kanban.py::test_arcs_link_lives_under_work_nav_group
FAILED tests/playwright/test_badge_contrast.py::TestBadgeContrast::test_arc_detail_badge_contrast[.badge-ok]
FAILED tests/playwright/test_bulk_actions.py::TestBulkActions::test_listeners_survive_content_swap
FAILED tests/playwright/test_bvp_form_htmx.py::test_add_form_submit_keeps_user_on_bvp
FAILED tests/playwright/test_cross_surface_parity.py::TestCrossSurfaceRecommendationParity::test_recommendation_block_renders_on_review_surface
FAILED tests/playwright/test_cross_surface_parity.py::TestCrossSurfaceNoRecBanner::test_no_rec_banner_renders_on_tasks_surface
FAILED tests/playwright/test_file_viewer.py::TestFileViewer::test_file_viewer_loads_markdown
FAILED tests/playwright/test_graduation.py::TestGraduationPage::test_graduation_has_heading
FAILED tests/playwright/test_graduation.py::TestGraduationPage::test_graduation_has_content
FAILED tests/playwright/test_graduation.py::TestGraduationPage::test_graduation_has_directive_context
FAILED tests/playwright/test_graduation_height.py::TestGraduationHeight::test_graduation_height_bounded
FAILED tests/playwright/test_graduation_height.py::TestGraduationHeight::test_graduation_filtered_height_bounded
FAILED tests/playwright/test_graduation_height.py::TestGraduationHeight::test_graduation_rows_in_scroll_container
FAILED tests/playwright/test_health.py::TestHealthEndpoint::test_health_returns_ok
FAILED tests/playwright/test_health.py::TestHealthEndpoint::test_health_returns_json
FAILED tests/playwright/test_health.py::TestHealthEndpoint::test_health_has_tests_section
FAILED tests/playwright/test_health.py::TestHealthEndpoint::test_health_has_embeddings
FAILED tests/playwright/test_hooks_page.py::TestHooksPage::test_page_returns_200
FAILED tests/playwright/test_hooks_page.py::TestHooksPage::test_page_has_main_heading
FAILED tests/playwright/test_hooks_page.py::TestHooksPage::test_summary_card_block_present
FAILED tests/playwright/test_hooks_page.py::TestHooksPage::test_either_table_or_empty_state
FAILED tests/playwright/test_hooks_page.py::TestHooksPage::test_threshold_info_displays_config
FAILED tests/playwright/test_hooks_page.py::TestHooksPage::test_table_columns_when_present
FAILED tests/playwright/test_htmx_error_toast.py::TestHtmxErrorToast::test_force_500_on_toggle_ac_renders_error_toast
FAILED tests/playwright/test_htmx_error_toast.py::TestHtmxErrorToast::test_500_path_does_not_leave_silent_failure
FAILED tests/playwright/test_htmx_toast_extraction.py::TestHtmxToastExtraction::test_review_html_loads_htmx_toast_script
FAILED tests/playwright/test_htmx_toast_extraction.py::TestHtmxToastExtraction::test_review_html_has_no_inline_htmx_error_listeners
FAILED tests/playwright/test_htmx_toast_extraction.py::TestHtmxToastExtraction::test_window_showtoast_is_defined
FAILED tests/playwright/test_htmx_toast_extraction.py::TestHtmxToastExtraction::test_served_htmx_toast_js_wires_both_events
FAILED tests/playwright/test_inception.py::TestInceptionList::test_inception_page_loads
FAILED tests/playwright/test_inception.py::TestInceptionList::test_inception_has_content
FAILED tests/playwright/test_inception.py::TestInceptionList::test_inception_has_task_entries
FAILED tests/playwright/test_inception.py::TestInceptionDetail::test_inception_detail_loads
FAILED tests/playwright/test_inception.py::TestInceptionDetail::test_inception_detail_has_sections
FAILED tests/playwright/test_inception.py::TestInceptionDetail::test_inception_detail_has_decision_form
FAILED tests/playwright/test_inception.py::TestInceptionEndpointHealth::test_inception_detail_pages_no_500
FAILED tests/playwright/test_inception.py::TestInceptionEndpointHealth::test_inception_list_summary_present
FAILED tests/playwright/test_inception.py::TestInceptionEndpointHealth::test_assumptions_page_loads
FAILED tests/playwright/test_inception.py::TestRedecideAffordance::test_decided_inception_shows_superseding_form
FAILED tests/playwright/test_inception.py::TestRedecideAffordance::test_decided_inception_shows_context_note
FAILED tests/playwright/test_inception.py::TestRedecideAffordance::test_pending_inception_keeps_record_decision_label
FAILED tests/playwright/test_inception.py::TestRecommendationDecisionDedupe::test_adopted_decision_collapses_recommendation
FAILED tests/playwright/test_inception.py::TestRecommendationDecisionDedupe::test_pending_inception_shows_recommendation_prominently
FAILED tests/playwright/test_inception.py::TestBodyAssumptionFallback::test_approvals_page_renders_body_source_hint
FAILED tests/playwright/test_inception_claims_verdict.py::test_claims_verdict_table_renders_when_block_present
FAILED tests/playwright/test_inception_claims_verdict.py::test_page_renders_cleanly_without_verdict_block
FAILED tests/playwright/test_inception_decide_flow.py::TestInceptionDecideJourney::test_approvals_links_to_review_page
FAILED tests/playwright/test_inception_decide_flow.py::TestInceptionDecideJourney::test_inception_review_renders_decide_form_with_rationale
FAILED tests/playwright/test_inception_decide_flow.py::TestInceptionDecideJourney::test_full_decide_journey_posts_to_correct_endpoint
FAILED tests/playwright/test_inception_detail_sections.py::test_inception_detail_renders_all_five_sections_when_present
FAILED tests/playwright/test_inception_detail_sections.py::test_inception_detail_omits_sections_when_absent
FAILED tests/playwright/test_inception_height.py::TestInceptionHeight::test_inception_height_bounded
FAILED tests/playwright/test_inception_height.py::TestInceptionHeight::test_inception_items_reachable
FAILED tests/playwright/test_inception_page.py::TestInceptionPage::test_inception_page_loads
FAILED tests/playwright/test_inception_page.py::TestInceptionPage::test_inception_has_heading
FAILED tests/playwright/test_inception_page.py::TestInceptionPage::test_inception_has_content
FAILED tests/playwright/test_inception_page.py::TestInceptionPage::test_inception_nonexistent_returns_error
FAILED tests/playwright/test_interactions.py::TestDarkMode::test_toggle_exists
FAILED tests/playwright/test_interactions.py::TestDarkMode::test_starts_in_light_mode
FAILED tests/playwright/test_interactions.py::TestDarkMode::test_toggle_switches_theme
FAILED tests/playwright/test_interactions.py::TestSearch::test_search_input_exists
FAILED tests/playwright/test_interactions.py::TestSearch::test_search_mode_selector
FAILED tests/playwright/test_interactions.py::TestTaskPage::test_tasks_has_filter_controls
FAILED tests/playwright/test_interactions.py::TestTaskPage::test_tasks_has_task_cards
FAILED tests/playwright/test_kanban_drag.py::TestKanbanDrag::test_drag_to_other_column_posts_status_and_toasts
FAILED tests/playwright/test_kanban_drag.py::TestKanbanDrag::test_same_column_drop_is_noop
FAILED tests/playwright/test_kanban_drag.py::TestKanbanDrag::test_listeners_survive_content_swap
FAILED tests/playwright/test_kanban_drag.py::TestKanbanDrag::test_drag_does_not_hijack_card_interactions
FAILED tests/playwright/test_kanban_drag.py::TestKanbanDrag::test_capture_review_artefact
FAILED tests/playwright/test_landing_arc_cards.py::test_landing_arc_cards_show_nonzero_counts
FAILED tests/playwright/test_landing_arc_cards.py::test_tasks_filter_by_arc_returns_members
FAILED tests/playwright/test_learnings_height.py::TestLearningsHeight::test_learnings_height_bounded
FAILED tests/playwright/test_learnings_height.py::TestLearningsHeight::test_learnings_rows_in_scroll_container
FAILED tests/playwright/test_metrics.py::TestMetricsPage::test_metrics_page_loads
FAILED tests/playwright/test_metrics.py::TestMetricsPage::test_metrics_has_heading
FAILED tests/playwright/test_metrics.py::TestMetricsPage::test_metrics_has_task_counts
FAILED tests/playwright/test_metrics.py::TestMetricsPage::test_metrics_has_traceability
FAILED tests/playwright/test_metrics.py::TestMetricsPage::test_metrics_has_knowledge_section
FAILED tests/playwright/test_mobile_viewport.py::TestMobileViewportCockpit::test_cockpit_no_horizontal_overflow_on_mobile
FAILED tests/playwright/test_mobile_viewport.py::TestMobileViewportApprovals::test_approvals_no_horizontal_overflow_on_mobile
FAILED tests/playwright/test_mobile_viewport.py::TestMobileViewportApprovals::test_approvals_verdict_pills_visible_on_mobile
FAILED tests/playwright/test_mobile_viewport.py::TestMobileViewportReview::test_review_no_horizontal_overflow_on_mobile
FAILED tests/playwright/test_mobile_viewport.py::TestMobileViewportReview::test_review_recommendation_section_visible_on_mobile
FAILED tests/playwright/test_nav_layout_polish.py::TestNavLayoutPolish::test_f1_rail_flyout_visible_and_unclipped
FAILED tests/playwright/test_nav_layout_polish.py::TestNavLayoutPolish::test_f2_no_horizontal_scroll_sidebar_and_rail
FAILED tests/playwright/test_nav_layout_polish.py::TestNavLayoutPolish::test_f3_sidebar_gap_is_tight
FAILED tests/playwright/test_nav_layout_polish.py::TestNavLayoutPolish::test_f5_sidebar_subitems_are_clickable_and_route
FAILED tests/playwright/test_nav_layout_polish.py::TestNavLayoutPolish::test_capture_review_artefacts
FAILED tests/playwright/test_nav_layouts.py::TestNavLayouts::test_topbar_is_default
FAILED tests/playwright/test_nav_layouts.py::TestNavLayouts::test_switch_to_sidebar_persists
FAILED tests/playwright/test_nav_layouts.py::TestNavLayouts::test_switch_to_rail_persists
FAILED tests/playwright/test_nav_layouts.py::TestNavLayouts::test_govern_collapsible_in_sidebar
FAILED tests/playwright/test_nav_layouts.py::TestNavLayouts::test_breadcrumb_and_pin_in_all_layouts
FAILED tests/playwright/test_nav_layouts.py::TestNavLayouts::test_capture_review_artefacts
FAILED tests/playwright/test_nav_links.py::TestNavLinks::test_nav_links_are_valid
FAILED tests/playwright/test_nav_links.py::TestNavLinks::test_nav_has_key_pages
FAILED tests/playwright/test_nav_links.py::TestNavLinks::test_footer_links_valid
FAILED tests/playwright/test_nav_subsections.py::TestGovernSubsections::test_govern_dropdown_shows_four_subsections
FAILED tests/playwright/test_nav_subsections.py::TestGovernSubsections::test_arcs_lives_under_work
FAILED tests/playwright/test_nav_subsections.py::TestGovernSubsections::test_capture_review_artefact
FAILED tests/playwright/test_navigation.py::TestNavigation::test_navigate_tasks_then_inception
FAILED tests/playwright/test_navigation.py::TestNavigation::test_navigate_fabric_then_quality
FAILED tests/playwright/test_navigation.py::TestNavigation::test_navigate_metrics_then_enforcement
FAILED tests/playwright/test_navigation.py::TestNavigation::test_navigate_home_then_tasks
FAILED tests/playwright/test_navigation.py::TestNavigation::test_nav_links_present
FAILED tests/playwright/test_navigation.py::TestNavigation::test_multi_page_transition
FAILED tests/playwright/test_orchestrator_page.py::TestOrchestratorPage::test_page_loads_with_correct_title
FAILED tests/playwright/test_orchestrator_page.py::TestOrchestratorPage::test_page_has_no_js_errors
FAILED tests/playwright/test_orchestrator_page.py::TestLearnedRoutingPanel::test_learned_routing_heading_present
FAILED tests/playwright/test_orchestrator_page.py::TestLearnedRoutingPanel::test_panel_explains_route_cache_role
FAILED tests/playwright/test_orchestrator_page.py::TestLearnedRoutingPanel::test_panel_renders_one_of_three_states
FAILED tests/playwright/test_orchestrator_page.py::TestRecentDispatchesPanel::test_recent_dispatches_heading_present
FAILED tests/playwright/test_orchestrator_page.py::TestRecentDispatchesPanel::test_learned_routing_appears_above_recent_dispatches
FAILED tests/playwright/test_orchestrator_page.py::TestWorkflowCoveragePanel::test_workflow_coverage_heading_present
FAILED tests/playwright/test_orchestrator_page.py::TestWorkflowCoveragePanel::test_table_has_four_columns
FAILED tests/playwright/test_orchestrator_page.py::TestWorkflowCoveragePanel::test_provider_column_renders_per_row
FAILED tests/playwright/test_patterns.py::TestPatternsPage::test_patterns_page_loads
FAILED tests/playwright/test_patterns.py::TestPatternsPage::test_patterns_has_heading
FAILED tests/playwright/test_patterns.py::TestPatternsPage::test_patterns_has_entries
FAILED tests/playwright/test_patterns.py::TestPatternsPage::test_patterns_has_types
FAILED tests/playwright/test_patterns.py::TestPatternsAPI::test_patterns_api_returns_json
FAILED tests/playwright/test_patterns.py::TestPatternsAPI::test_patterns_api_has_grouped_data
FAILED tests/playwright/test_pending_page.py::test_pending_page_loads_empty
FAILED tests/playwright/test_pending_page.py::test_pending_page_shows_registered_entry
FAILED tests/playwright/test_pending_page.py::test_resolve_api_flips_status
FAILED tests/playwright/test_pending_page.py::test_resolve_api_404_on_unknown_id
FAILED tests/playwright/test_pins.py::TestPins::test_star_present_on_nav_page_absent_on_home
FAILED tests/playwright/test_pins.py::TestPins::test_pin_updates_nav_without_reload
FAILED tests/playwright/test_pins.py::TestPins::test_pin_persists_across_nav_and_reload
FAILED tests/playwright/test_pins.py::TestPins::test_unpin_removes_from_strip
FAILED tests/playwright/test_pins.py::TestPins::test_capture_review_artefact
FAILED tests/playwright/test_project.py::TestProjectPage::test_project_page_loads
FAILED tests/playwright/test_project.py::TestProjectPage::test_project_has_heading
FAILED tests/playwright/test_project.py::TestProjectPage::test_project_has_categories
FAILED tests/playwright/test_project.py::TestProjectPage::test_project_has_document_links
FAILED tests/playwright/test_project.py::TestProjectPage::test_project_doc_detail_loads
FAILED tests/playwright/test_quality.py::TestQualityPage::test_quality_page_loads
FAILED tests/playwright/test_quality.py::TestQualityPage::test_quality_has_heading
FAILED tests/playwright/test_quality.py::TestQualityPage::test_quality_has_audit_info
FAILED tests/playwright/test_quality.py::TestQualityPage::test_quality_has_traceability
FAILED tests/playwright/test_quality.py::TestQualityPage::test_quality_has_status_indicator
FAILED tests/playwright/test_quality.py::TestTestSummaryAPI::test_api_returns_json
FAILED tests/playwright/test_quality.py::TestTestSummaryAPI::test_api_has_playwright_suite
FAILED tests/playwright/test_quality.py::TestConcernsAPI::test_concerns_returns_json
FAILED tests/playwright/test_quality.py::TestConcernsAPI::test_concerns_has_items
FAILED tests/playwright/test_quality.py::TestConcernsAPI::test_concerns_has_severity_counts
FAILED tests/playwright/test_response_times.py::TestResponseTimes::test_route_responds_in_time[/]
FAILED tests/playwright/test_response_times.py::TestResponseTimes::test_route_responds_in_time[/tasks]
FAILED tests/playwright/test_response_times.py::TestResponseTimes::test_route_responds_in_time[/fabric]
FAILED tests/playwright/test_response_times.py::TestResponseTimes::test_route_responds_in_time[/cron]
FAILED tests/playwright/test_response_times.py::TestResponseTimes::test_route_responds_in_time[/inception]
FAILED tests/playwright/test_response_times.py::TestResponseTimes::test_route_responds_in_time[/search]
FAILED tests/playwright/test_response_times.py::TestResponseTimes::test_route_responds_in_time[/docs/generated]
FAILED tests/playwright/test_response_times.py::TestResponseTimes::test_route_responds_in_time[/patterns]
FAILED tests/playwright/test_response_times.py::TestResponseTimes::test_route_responds_in_time[/learnings]
FAILED tests/playwright/test_response_times.py::TestResponseTimes::test_route_responds_in_time[/decisions]
FAILED tests/playwright/test_response_times.py::TestResponseTimes::test_route_responds_in_time[/risks]
FAILED tests/playwright/test_response_times.py::TestResponseTimes::test_route_responds_in_time[/approvals]
FAILED tests/playwright/test_response_times.py::TestResponseTimes::test_route_responds_in_time[/discoveries]
FAILED tests/playwright/test_response_times.py::TestResponseTimes::test_route_responds_in_time[/sessions]
FAILED tests/playwright/test_response_times.py::TestResponseTimes::test_route_responds_in_time[/settings/]
FAILED tests/playwright/test_response_times.py::TestResponseTimes::test_route_responds_in_time[/terminal]
FAILED tests/playwright/test_response_times.py::TestResponseTimes::test_route_responds_in_time[/graduation]
FAILED tests/playwright/test_response_times.py::TestResponseTimes::test_route_responds_in_time[/assumptions]
FAILED tests/playwright/test_response_times.py::TestResponseTimes::test_route_responds_in_time[/project]
FAILED tests/playwright/test_response_times.py::TestResponseTimes::test_route_responds_in_time[/directives]
FAILED tests/playwright/test_response_times.py::TestResponseTimes::test_route_responds_in_time[/health]
FAILED tests/playwright/test_review.py::TestReviewPage::test_review_page_loads
FAILED tests/playwright/test_review.py::TestReviewPage::test_review_has_ac_section
FAILED tests/playwright/test_review_acs.py::TestReviewAcs::test_review_acs_returns_html
FAILED tests/playwright/test_review_acs.py::TestReviewAcs::test_review_acs_invalid_id
FAILED tests/playwright/test_review_acs.py::TestReviewAcs::test_review_acs_nonexistent_task
FAILED tests/playwright/test_review_acs_navigation.py::test_review_acs_fragment_has_target_reset
FAILED tests/playwright/test_review_acs_navigation.py::test_review_acs_no_bounce_back_after_polling
FAILED tests/playwright/test_review_code_inline.py::TestReviewCodeInline::test_prose_code_is_not_inline_block_at_mobile_width
FAILED tests/playwright/test_review_code_inline.py::TestReviewCodeInline::test_path_link_does_not_overflow_body_at_mobile_width
FAILED tests/playwright/test_review_code_inline.py::TestReviewCodeInline::test_source_file_viewer_still_renders_syntax_highlighted
FAILED tests/playwright/test_review_code_inline.py::TestReviewCodeInline::test_no_regression_on_t1575_backticked_url_styling
FAILED tests/playwright/test_review_complete_render_race.py::test_polling_endpoint_no_complete_button_on_completed_task
FAILED tests/playwright/test_review_complete_render_race.py::test_polling_endpoint_renders_task_completed_marker
FAILED tests/playwright/test_review_csrf.py::TestReviewCsrf::test_review_page_loads_csrf_script
FAILED tests/playwright/test_review_csrf.py::TestReviewCsrf::test_review_page_has_csrf_meta
FAILED tests/playwright/test_review_csrf.py::TestReviewCsrf::test_toggle_ac_not_403
FAILED tests/playwright/test_review_htmx_target_inheritance.py::test_review_no_unresolvable_hx_target
FAILED tests/playwright/test_review_htmx_target_inheritance.py::test_ac_check_form_has_explicit_hx_target_this
FAILED tests/playwright/test_review_interaction.py::TestACCheckboxClickFlow::test_ac_checkbox_click_posts_to_toggle_endpoint
FAILED tests/playwright/test_review_interaction.py::TestInceptionDecideClickFlow::test_go_button_posts_decision_go
FAILED tests/playwright/test_review_interaction.py::TestInceptionDecideClickFlow::test_nogo_button_posts_decision_nogo
FAILED tests/playwright/test_review_interaction.py::TestInceptionDecideClickFlow::test_defer_button_posts_decision_defer
FAILED tests/playwright/test_review_interaction.py::TestBuildTaskCompleteFlow::test_complete_button_posts_to_complete_endpoint
FAILED tests/playwright/test_review_page.py::TestReviewPage::test_review_page_loads
FAILED tests/playwright/test_review_page.py::TestReviewPage::test_review_has_heading
FAILED tests/playwright/test_review_page.py::TestReviewPage::test_review_has_content
FAILED tests/playwright/test_review_page.py::TestReviewPage::test_review_nonexistent_returns_error
FAILED tests/playwright/test_review_page.py::TestReviewPage::test_review_has_toast_container
FAILED tests/playwright/test_review_page.py::TestReviewPage::test_review_renders_recommendation_structured
FAILED tests/playwright/test_risks.py::TestRisksPage::test_risks_page_loads
FAILED tests/playwright/test_risks.py::TestRisksPage::test_risks_has_heading
FAILED tests/playwright/test_risks.py::TestRisksPage::test_risks_has_entries
FAILED tests/playwright/test_risks.py::TestRisksPage::test_risks_has_severity
FAILED tests/playwright/test_search.py::TestSearchPage::test_search_page_loads
FAILED tests/playwright/test_search.py::TestSearchPage::test_search_has_heading
FAILED tests/playwright/test_search.py::TestSearchPage::test_search_has_input
FAILED tests/playwright/test_search.py::TestSearchPage::test_search_has_knowledge_context
FAILED tests/playwright/test_search_extended.py::TestSearchExtended::test_search_conversations_returns_json
FAILED tests/playwright/test_search_extended.py::TestSearchExtended::test_feedback_analytics_loads
FAILED tests/playwright/test_search_extended.py::TestSearchExtended::test_load_conversation_without_id
FAILED tests/playwright/test_session_api.py::TestSessionProfiles::test_profiles_returns_json
FAILED tests/playwright/test_session_api.py::TestSessionProfiles::test_profiles_has_four_defaults
FAILED tests/playwright/test_session_api.py::TestSessionProfiles::test_profile_has_required_fields
FAILED tests/playwright/test_session_api.py::TestSessionProfiles::test_profile_provider_has_name
FAILED tests/playwright/test_session_api.py::TestSessionList::test_sessions_returns_list
FAILED tests/playwright/test_session_api.py::TestSessionList::test_sessions_filterable_by_provider
FAILED tests/playwright/test_session_api.py::TestSessionList::test_sessions_filterable_by_status
FAILED tests/playwright/test_session_api.py::TestSessionCRUD::test_create_session_returns_201
FAILED tests/playwright/test_session_api.py::TestSessionCRUD::test_get_session_by_id
FAILED tests/playwright/test_session_api.py::TestSessionCRUD::test_delete_session
FAILED tests/playwright/test_session_api.py::TestSessionCRUD::test_get_nonexistent_returns_404
FAILED tests/playwright/test_session_api.py::TestSessionCRUD::test_session_appears_in_list
FAILED tests/playwright/test_sessions.py::TestSessionsPage::test_sessions_page_loads
FAILED tests/playwright/test_sessions.py::TestSessionsPage::test_sessions_has_heading
FAILED tests/playwright/test_sessions.py::TestSessionsPage::test_sessions_has_summary_bar
FAILED tests/playwright/test_sessions.py::TestSessionsPage::test_sessions_has_terminal_link
FAILED tests/playwright/test_settings.py::TestSettingsPage::test_settings_page_loads
FAILED tests/playwright/test_settings.py::TestSettingsPage::test_settings_has_heading
FAILED tests/playwright/test_settings.py::TestSettingsPage::test_settings_has_config_sections
FAILED tests/playwright/test_settings.py::TestSettingsPage::test_settings_has_ollama_section
FAILED tests/playwright/test_settings_models.py::TestSettingsModels::test_settings_models_returns_response
FAILED tests/playwright/test_settings_nav_link.py::TestSettingsNavLink::test_gear_visible_in_topbar
FAILED tests/playwright/test_settings_nav_link.py::TestSettingsNavLink::test_gear_navigates_to_appearance
FAILED tests/playwright/test_settings_nav_link.py::TestSettingsNavLink::test_gear_contrasts_bar_on_light_palette
FAILED tests/playwright/test_settings_nav_link.py::TestSettingsNavLink::test_capture_review_artefact
FAILED tests/playwright/test_shortcuts_overlay.py::TestShortcutsOverlay::test_open_close_fresh
FAILED tests/playwright/test_shortcuts_overlay.py::TestShortcutsOverlay::test_open_close_after_htmx_swap
FAILED tests/playwright/test_shortcuts_overlay.py::TestShortcutsOverlay::test_question_mark_in_input_does_not_open
FAILED tests/playwright/test_shortcuts_overlay.py::TestShortcutsOverlay::test_overlay_lists_live_shortcuts
FAILED tests/playwright/test_shortcuts_overlay.py::TestShortcutsOverlay::test_palette_and_overlay_do_not_stack
FAILED tests/playwright/test_shortcuts_overlay.py::TestShortcutsOverlay::test_capture_review_artefact
FAILED tests/playwright/test_smoke.py::TestHomepage::test_homepage_loads - pl...
FAILED tests/playwright/test_smoke.py::TestHomepage::test_homepage_has_nav - ...
FAILED tests/playwright/test_smoke.py::TestHomepage::test_homepage_no_errors
FAILED tests/playwright/test_smoke.py::TestCorePages::test_page_loads[/tasks-Tasks]
FAILED tests/playwright/test_smoke.py::TestCorePages::test_page_loads[/fabric-Fabric]
FAILED tests/playwright/test_smoke.py::TestCorePages::test_page_loads[/inception-Inception]
FAILED tests/playwright/test_smoke.py::TestCorePages::test_page_loads[/timeline-Timeline]
FAILED tests/playwright/test_smoke.py::TestCorePages::test_page_loads[/config-Config]
FAILED tests/playwright/test_smoke.py::TestCorePages::test_page_loads[/health-ok]
FAILED tests/playwright/test_smoke.py::TestNavigation::test_navigate_to_tasks
FAILED tests/playwright/test_smoke.py::TestNavigation::test_navigate_to_fabric
FAILED tests/playwright/test_smoke.py::TestNavigation::test_navigate_to_inception
FAILED tests/playwright/test_task_detail.py::TestTaskDetail::test_task_detail_loads
FAILED tests/playwright/test_task_detail.py::TestTaskDetail::test_task_detail_has_heading
FAILED tests/playwright/test_task_detail.py::TestTaskDetail::test_task_detail_has_status
FAILED tests/playwright/test_task_detail.py::TestTaskDetail::test_task_detail_nonexistent_returns_error
FAILED tests/playwright/test_task_detail_bvp.py::test_task_detail_renders_bvp_block
FAILED tests/playwright/test_task_detail_bvp.py::test_task_detail_bvp_block_has_h3_heading
FAILED tests/playwright/test_task_detail_bvp.py::test_task_detail_bvp_block_has_mode_attribute
FAILED tests/playwright/test_task_detail_bvp.py::test_task_detail_bvp_block_shows_norm_when_scored
FAILED tests/playwright/test_task_detail_bvp.py::test_task_detail_bvp_block_links_to_bvp_page
FAILED tests/playwright/test_task_detail_enhanced.py::TestTaskDetailEnhanced::test_task_detail_has_title
FAILED tests/playwright/test_task_detail_enhanced.py::TestTaskDetailEnhanced::test_task_detail_has_status_badge
FAILED tests/playwright/test_task_detail_enhanced.py::TestTaskDetailEnhanced::test_task_detail_has_metadata
FAILED tests/playwright/test_task_detail_enhanced.py::TestTaskDetailEnhanced::test_task_detail_has_acceptance_criteria
FAILED tests/playwright/test_task_detail_enhanced.py::TestTaskDetailEnhanced::test_task_detail_nonexistent
FAILED tests/playwright/test_task_detail_enhanced.py::TestTaskDetailEnhanced::test_task_detail_page_size
FAILED tests/playwright/test_task_panel.py::TestTaskPanel::test_click_card_opens_panel_no_full_page_nav
FAILED tests/playwright/test_task_panel.py::TestTaskPanel::test_panel_opens_after_htmx_board_swap
FAILED tests/playwright/test_task_panel.py::TestTaskPanel::test_dock_controls_switch_and_persist
FAILED tests/playwright/test_task_panel.py::TestTaskPanel::test_palette_closes_panel
FAILED tests/playwright/test_task_panel.py::TestTaskPanel::test_capture_review_artefact
FAILED tests/playwright/test_task_panel_edit.py::TestTaskPanelEdit::test_active_panel_shows_editable_selects
FAILED tests/playwright/test_task_panel_edit.py::TestTaskPanelEdit::test_change_type_confirms_and_persists
FAILED tests/playwright/test_task_panel_edit.py::TestTaskPanelEdit::test_capture_review_artefact
FAILED tests/playwright/test_tasks.py::TestTaskList::test_tasks_page_loads - ...
FAILED tests/playwright/test_tasks.py::TestTaskList::test_tasks_has_content
FAILED tests/playwright/test_tasks.py::TestTaskList::test_tasks_has_table_or_list
FAILED tests/playwright/test_tasks.py::TestTaskDetail::test_task_detail_loads
FAILED tests/playwright/test_tasks.py::TestTaskDetail::test_task_detail_has_status
FAILED tests/playwright/test_tasks_listing_bvp.py::test_tasks_list_view_renders_bvp_badges
FAILED tests/playwright/test_tasks_listing_bvp.py::test_tasks_kanban_view_renders_bvp_badges
FAILED tests/playwright/test_tasks_listing_bvp.py::test_tasks_bvp_badge_links_to_detail_block
FAILED tests/playwright/test_tasks_listing_bvp.py::test_tasks_bvp_badge_proposed_mode_uses_italic_asterisk
FAILED tests/playwright/test_terminal.py::TestTerminalPage::test_terminal_page_loads
FAILED tests/playwright/test_terminal.py::TestTerminalPage::test_terminal_has_container
FAILED tests/playwright/test_terminal.py::TestTerminalPage::test_terminal_has_tab_bar
FAILED tests/playwright/test_terminal.py::TestTerminalPage::test_terminal_has_new_button
FAILED tests/playwright/test_terminal.py::TestTerminalPage::test_terminal_has_attach_button
FAILED tests/playwright/test_terminal.py::TestTerminalPage::test_terminal_has_status_indicator
FAILED tests/playwright/test_terminal.py::TestTerminalPage::test_terminal_loads_xterm_css
FAILED tests/playwright/test_terminal.py::TestTerminalPage::test_terminal_has_profile_menu
FAILED tests/playwright/test_theme_toggle_contrast.py::TestThemeToggleContrast::test_visible_in_paper_light
FAILED tests/playwright/test_theme_toggle_contrast.py::TestThemeToggleContrast::test_visible_in_console_dark
FAILED tests/playwright/test_theme_toggle_contrast.py::TestThemeToggleContrast::test_capture_review_artefact
FAILED tests/playwright/test_timeline.py::TestTimelinePage::test_timeline_page_loads
FAILED tests/playwright/test_timeline.py::TestTimelinePage::test_timeline_has_content
FAILED tests/playwright/test_timeline.py::TestTimelinePage::test_timeline_has_session_entries
FAILED tests/playwright/test_timeline.py::TestTimelinePage::test_timeline_has_heading
FAILED tests/playwright/test_timeline_height.py::TestTimelineHeight::test_timeline_height_bounded
FAILED tests/playwright/test_timeline_height.py::TestTimelineHeight::test_timeline_items_reachable
FAILED tests/playwright/test_verdict_ui.py::TestApprovalsVerdictBadges::test_approvals_page_loads
FAILED tests/playwright/test_verdict_ui.py::TestApprovalsVerdictBadges::test_verdict_badges_render
FAILED tests/playwright/test_verdict_ui.py::TestApprovalsVerdictBadges::test_verdict_badge_class_present
FAILED tests/playwright/test_verdict_ui.py::TestApprovalsFilterButtons::test_all_filter_button_present
FAILED tests/playwright/test_verdict_ui.py::TestApprovalsFilterButtons::test_verdict_filter_buttons_render_when_data_exists
FAILED tests/playwright/test_verdict_ui.py::TestApprovalsFilterButtons::test_filter_js_handles_verdict_values
FAILED tests/playwright/test_verdict_ui.py::TestLandingPageVerdictPills::test_landing_page_loads
FAILED tests/playwright/test_verdict_ui.py::TestLandingPageVerdictPills::test_verdict_pills_render_when_data_exists
FAILED tests/playwright/test_verdict_ui.py::TestLandingPageVerdictPills::test_verdict_pill_has_count_text
310 failed, 590 passed, 3 skipped in 2519.27s (0:41:59)
