1787593056|=== AUDIT REPORT ===
1787593056|Timestamp: 2026-08-24T19:37:36+02:00
1787593056|Project: /opt/999-Agentic-Engineering-Framework
1787593056|
1787593058|=== STRUCTURE CHECKS ===
1787593058|[PASS] Tasks directory exists
1787593058|[PASS] Tasks/active directory exists
1787593058|[PASS] Tasks/completed directory exists
1787593058|[PASS] Tasks/templates directory exists
1787593058|[PASS] Task template exists
1787593058|[PASS] No duplicate task IDs — examined 3113 task file(s) across 1 corpus view(s)
1787593063|[PASS] All project YAML files parse correctly — examined 29 project YAML file(s)
1787593066|[PASS] All arc anchor_task references resolve to existing tasks — examined 17 arc anchor_task reference(s)
1787593066|[PASS] All onboarding-seed corpus references resolve to existing maps — examined 12 onboarding-seed corpus reference(s)
1787593066|[PASS] Corpus maps lint clean — examined 8 corpus map(s)
1787593076|[PASS] All assessed arcs had task commits within 30 days — examined 15 in-progress arc(s) with constituents
1787593076|[INFO] free driver F-AUTONOMY: retire_when text present, no recognition heuristic — manual review
1787593076|[INFO] free driver F3: retire_when text present, no recognition heuristic — manual review
1787593076|[INFO] free driver F1: retire_when text present, no recognition heuristic — manual review
1787593076|[INFO] free driver F2: retire_when text present, no recognition heuristic — manual review
1787593092|[PASS] No inline arc:<slug> tag-only scans outside canonical lib (T-1881) — examined 390 source file(s) under lib/ web/ agents/ bin/ tools/
1787593092|[PASS] No PROJECT_ROOT resolution of framework-owned assets (T-2648, OBS-097) — examined 134 Python file(s) under web/ + lib/
1787593092|[PASS] No stale-slice-references (L-417) — examined 263 file(s) under web/templates web/blueprints lib
1787593093|[WARN] Found 181 GO-scope-not-propagated inception(s) of 350 GO-recorded completed inception(s) examined — GO recorded, related_tasks empty, nobody back-references, no unlocks_inception_decision
1787593093|       Evidence: T-100200, T-3114, T-3108, T-3100, T-3093 (+176 more)
1787593093|       Mitigation: Triage: per inception either backfill related_tasks: / unlocks_inception_decision:, or file the slices its GO approved. Full list: cat /opt/999-Agentic-Engineering-Framework/.context/audits/go-scope-unpropagated/LATEST.md (origin: T-2078, T-2091, T-3099; sibling to L-417/T-1975)
1787593098|[PASS] Fabric: 1106 registered card(s)
1787593101|[WARN] Fabric: 24/1019 cards have no edges
1787593101|       Evidence: Graph coverage below target
1787593101|       Mitigation: Run: fw fabric enrich
1787593103|[WARN] Fabric drift: 10 source file(s) have no fabric card
1787593103|       Evidence: 10 unregistered files matching watch-patterns.yaml
1787593103|       Mitigation: Run: fw fabric scan
1787593103|[WARN] Fabric: 732 card(s) point at files no watch pattern covers
1787593103|       Evidence: The registry already treats these as components; drift checks cannot see them, so coverage is measured over a subset
1787593103|       Mitigation: Widen .fabric/watch-patterns.yaml, or remove the cards if they are not components
1787593103|[PASS] Cron registry in sync with /etc/cron.d/agentic-audit-999-agentic-engineering-framework
1787593105|[WARN] Branch hygiene: 19 finding(s) — stale branches, worktrees or remote refs
1787593105|       Evidence: behind-threshold audit-remediation-t2416 behind=2236 days=59 (threshold 50)
1787593105|         merged-undeleted land-t100200-go
1787593105|         behind-threshold learning/precompact-cleanup behind=7652 days=174 (threshold 50)
1787593105|         merged-undeleted t100196-vendor-fix
1787593105|         merged-undeleted t100199-close
1787593105|         behind-threshold t2353-audit-emit-tasks behind=2236 days=57 (threshold 50)
1787593105|         merged-undeleted t2416-fw-safe-mode-hook-timing
1787593105|         diverged-fork t2417-fw-sessions ahead=58 behind=2203 days=53 (threshold 50)
1787593105|         merged-undeleted t2510-audit-remediation
1787593105|         behind-threshold t2511-warn-remediation behind=1907 days=48 (threshold 50)
1787593105|         remote-unlanded origin/learning/precompact-cleanup ahead=1
1787593105|         remote-contained origin/t100199-rescue
1787593105|         … 7 more (shown lines are one-per-class, not the worst)
1787593105|       Mitigation: Cleanup: git branch -d <name> (merged); fw integrate run (overdue merge-back). Full list: bash -c 'source "/opt/999-Agentic-Engineering-Framework/lib/branch-hygiene.sh"; fw_branch_hygiene "/opt/999-Agentic-Engineering-Framework"' — FORK present: reconcile while small (merge origin/master INTO the branch, or reset if its commits already landed). Do NOT use fw integrate on a fork.
1787593105|[PASS] Hook threshold: no hooks failing over threshold
1787593106|[PASS] Self-vendor drift: vendored .agentic-framework/ in sync with source (libs + templates)
1787593146|[PASS] Invariant suite green — examined 74 structural invariant(s) (tests/lint/)
1787593146|[PASS] Designer ghost registry: ghost↔task joins clean
1787593146|[PASS] Map conformance: aef-task-lifecycle matches its enforced machine
1787593146|[PASS] Map conformance: aef-inception-flow matches its enforced machine
1787593146|[PASS] Map conformance: aef-dispatch-loop matches its enforced machine
1787593146|[PASS] Map conformance: aef-audit-cron matches its enforced machine
1787593147|[PASS] Map conformance: aef-tier0-escalation matches its enforced machine
1787593147|[INFO] Stale draft(s), 30d+ untouched: draft-t2584-scratch — promote via the ceremony or delete from the gallery (T-2623)
1787593147|
1787593147|=== WHOLE-TREE SCANS ===
1787593313|[PASS] Secret scan: tracked tree clean
1787593403|[PASS] Large-file gate: tracked tree clean
1787593403|
1787593403|=== TASK COMPLIANCE CHECKS ===
1787593404|[WARN] Task T-2720-keystone-onboarding-set-contains-nothing.md missing field: owner
1787593404|       Evidence: Compliance check failed
1787593404|       Mitigation: Fix missing field: owner in T-2720-keystone-onboarding-set-contains-nothing.md
1787593404|       380 of 381 tasks fully valid
1787593404|
1787593404|=== TASK QUALITY CHECKS ===
1787593404|[PASS] All active tasks meet quality thresholds — examined 381 active task(s)
1787593404|
1787593404|[WARN] 17 active task(s) have every Agent AC ticked and no Human AC outstanding, but are still started-work/issues
1787593404|       Evidence: T-1274, T-1542, T-1624, T-2200, T-2202, T-2410, T-2715, T-2801, T-2802, T-2871 (+7 more) — 7 of these have an empty ## Verification block (no mechanical close gate)
1787593404|       Mitigation: Candidates for close, not closures — spot-check with 'fw task verify T-XXX' per task, then 'fw task update T-XXX --status work-completed'. Full list: /opt/999-Agentic-Engineering-Framework/.context/audits/unclosed-satisfied/LATEST.md
1787593404|
1787593404|=== GIT TRACEABILITY CHECKS ===
1787593404|[PASS] Git traceability: 99% (8484/8532 commits reference tasks)
1787593404|[WARN] Uncommitted changes present
1787593404|       Evidence: 505 real file(s) modified (16 session-state file(s) ignored)
1787593404|       Mitigation: Commit changes with task reference or stash
1787593536|[PASS] All commit task refs resolve to actual tasks — examined 8484 task-referencing commit(s) in full history
1787593536|
1787593536|=== CORPUS HEALTH ===
1787593540|[PASS] Corpus canaries: retrieval verified end to end
1787593540|=== ENFORCEMENT CHECKS ===
1787593540|[PASS] Bypass log exists
1787593541|[WARN] Gate-bypass log: 27 safety bypasses in last 7 days (+ 2 drift overrides)
1787593541|       Evidence: 1014 total entries; safety-bypass-as-pattern signal
1787593541|       Mitigation: Review .context/working/.gate-bypass-log.yaml — investigate --skip-* / --scope-reduction-acknowledged callers
1787593541|[PASS] Commit-msg hook installed
1787593622|[PASS] No Tier 0 violations detected
1787593622|
1787593622|=== LEARNING CAPTURE CHECKS ===
1787593622|[PASS] Practices documented: 7 practice(s) in 015-Practices.md
1787593622|[PASS] All practices have traceable origins — examined 7 documented practice(s)
1787593623|[PASS] All practice origins resolve to actual tasks — examined 7 practice Origin: line(s)
1787593646|[PASS] Bugfix-learning coverage: 74% (335/451 bugfixes have learnings)
1787593646|
1787593646|=== EPISODIC MEMORY CHECKS ===
1787593646|[PASS] All completed tasks have episodic summaries — examined 2732 completed task(s)
1787593689|[PASS] All episodic summaries have quality content — examined 2734 episodic summary file(s)
1787593717|[PASS] No orphaned episodic files — examined 2734 episodic file(s)
1787593717|
1787593717|=== OBSERVATION INBOX CHECKS ===
1787593719|[WARN] 26 urgent observation(s) still pending
1787593719|       Evidence: Urgent items in .context/inbox.yaml need attention
1787593719|       Mitigation: Run: fw note triage
1787593719|[WARN] 200 observation(s) pending for >7 days
1787593719|       Evidence: Stale observations in .context/inbox.yaml
1787593719|       Mitigation: Run: fw note triage — promote or dismiss stale items
1787593719|
1787593719|=== CONCERNS REGISTER CHECKS ===
1787593719|[PASS] Gaps register: 15 watching, no triggers fired
1787593719|
1787593719|=== HANDOVER OPEN QUESTIONS CHECK ===
1787593719|[PASS] Handover open questions: none (section empty or template placeholder)
1787593719|
1787593719|=== GRADUATION PIPELINE CHECKS ===
1787593866|[WARN] Learnings ready for promotion — review graduation candidates
1787593866|       Evidence: 671 learnings, promotion candidates available
1787593866|       Mitigation: Run: fw promote suggest
1787593866|
1787593866|=== INCEPTION RESEARCH CHECKS ===
1787593866|[WARN] Inception task T-2527 has no research artifact in docs/reports/
1787593866|       Evidence: Completed inception with no persisted research output
1787593866|       Mitigation: Save research findings: docs/reports/T-2527-*.md
1787593866|[WARN] Inception task T-2761 has no research artifact in docs/reports/
1787593866|       Evidence: Completed inception with no persisted research output
1787593866|       Mitigation: Save research findings: docs/reports/T-2761-*.md
1787593866|[WARN] Inception task T-3081 has no research artifact in docs/reports/
1787593866|       Evidence: Completed inception with no persisted research output
1787593866|       Mitigation: Save research findings: docs/reports/T-3081-*.md
1787593866|[WARN] Inception task T-3084 has no research artifact in docs/reports/
1787593866|       Evidence: Completed inception with no persisted research output
1787593866|       Mitigation: Save research findings: docs/reports/T-3084-*.md
1787593866|[WARN] Inception task T-3100 has no research artifact in docs/reports/
1787593866|       Evidence: Completed inception with no persisted research output
1787593866|       Mitigation: Save research findings: docs/reports/T-3100-*.md
1787593866|[WARN] Inception task T-3108 has no research artifact in docs/reports/
1787593866|       Evidence: Completed inception with no persisted research output
1787593866|       Mitigation: Save research findings: docs/reports/T-3108-*.md
1787593866|[WARN] Inception task T-3114 has no research artifact in docs/reports/
1787593866|       Evidence: Completed inception with no persisted research output
1787593866|       Mitigation: Save research findings: docs/reports/T-3114-*.md
1787593866|
1787593866|=== RESEARCH PERSISTENCE OE CHECKS ===
1787593867|[WARN] C-001: Inception T-1265 (recommendation) has no research artifact in docs/reports/
1787593867|       Evidence: Inception awaiting decision — carries a substantive ## Recommendation, so research is finished, with no persisted research
1787593867|       Mitigation: Create docs/reports/T-1265-*.md — the thinking trail IS the artifact
1787593867|[WARN] C-001: Inception T-1271 (recommendation) has no research artifact in docs/reports/
1787593867|       Evidence: Inception awaiting decision — carries a substantive ## Recommendation, so research is finished, with no persisted research
1787593867|       Mitigation: Create docs/reports/T-1271-*.md — the thinking trail IS the artifact
1787593867|[WARN] C-001: Inception T-2062 (recommendation) has artifact but task doesn't reference it
1787593867|       Evidence: t-2062-watchtower-review-404-completed.md exists but not linked in task Updates
1787593867|       Mitigation: Add artifact reference to ## Updates section of T-2062
1787593867|[WARN] C-001: Inception T-2063 (recommendation) has artifact but task doesn't reference it
1787593867|       Evidence: t-2063-watchtower-complete-button-silent-fail.md exists but not linked in task Updates
1787593867|       Mitigation: Add artifact reference to ## Updates section of T-2063
1787593867|[WARN] C-001: Inception T-2064 (recommendation) has artifact but task doesn't reference it
1787593867|       Evidence: t-2064-review-queue-zero-human-acs.md exists but not linked in task Updates
1787593867|       Mitigation: Add artifact reference to ## Updates section of T-2064
1787593867|[WARN] C-001: Inception T-2065 (recommendation) has artifact but task doesn't reference it
1787593867|       Evidence: t-2065-arc-approve-driver-no-rescore.md exists but not linked in task Updates
1787593867|       Mitigation: Add artifact reference to ## Updates section of T-2065
1787593867|[WARN] C-001: Inception T-2066 (recommendation) has artifact but task doesn't reference it
1787593867|       Evidence: t-2066-inception-detail-template-silent-drop.md exists but not linked in task Updates
1787593867|       Mitigation: Add artifact reference to ## Updates section of T-2066
1787593867|[WARN] C-001: Inception T-2321 (recommendation) has no research artifact in docs/reports/
1787593867|       Evidence: Inception awaiting decision — carries a substantive ## Recommendation, so research is finished, with no persisted research
1787593867|       Mitigation: Create docs/reports/T-2321-*.md — the thinking trail IS the artifact
1787593867|[WARN] C-001: Inception T-2323 (recommendation) has artifact but task doesn't reference it
1787593867|       Evidence: t-2323-yield-point-granularity-inception.md exists but not linked in task Updates
1787593867|       Mitigation: Add artifact reference to ## Updates section of T-2323
1787593867|[WARN] C-001: Inception T-2668 (recommendation) has no research artifact in docs/reports/
1787593867|       Evidence: Inception awaiting decision — carries a substantive ## Recommendation, so research is finished, with no persisted research
1787593867|       Mitigation: Create docs/reports/T-2668-*.md — the thinking trail IS the artifact
1787593867|[WARN] C-001: Inception T-2669 (recommendation) has no research artifact in docs/reports/
1787593867|       Evidence: Inception awaiting decision — carries a substantive ## Recommendation, so research is finished, with no persisted research
1787593867|       Mitigation: Create docs/reports/T-2669-*.md — the thinking trail IS the artifact
1787593867|[WARN] C-001: Inception T-2670 (recommendation) has no research artifact in docs/reports/
1787593867|       Evidence: Inception awaiting decision — carries a substantive ## Recommendation, so research is finished, with no persisted research
1787593867|       Mitigation: Create docs/reports/T-2670-*.md — the thinking trail IS the artifact
1787593867|[WARN] C-001: Inception T-2770 (recommendation) has no research artifact in docs/reports/
1787593867|       Evidence: Inception awaiting decision — carries a substantive ## Recommendation, so research is finished, with no persisted research
1787593867|       Mitigation: Create docs/reports/T-2770-*.md — the thinking trail IS the artifact
1787593867|[WARN] C-001: Inception T-2876 (started-work) has artifact but task doesn't reference it
1787593867|       Evidence: t-2876-interpreter-write-gate-bypass.md exists but not linked in task Updates
1787593867|       Mitigation: Add artifact reference to ## Updates section of T-2876
1787593867|[WARN] C-001: Inception T-2899 (started-work) has no research artifact in docs/reports/
1787593867|       Evidence: Inception in progress — status started-work, with no persisted research
1787593867|       Mitigation: Create docs/reports/T-2899-*.md — the thinking trail IS the artifact
1787593867|[WARN] C-001: Inception T-2963 (recommendation) has no research artifact in docs/reports/
1787593867|       Evidence: Inception awaiting decision — carries a substantive ## Recommendation, so research is finished, with no persisted research
1787593867|       Mitigation: Create docs/reports/T-2963-*.md — the thinking trail IS the artifact
1787593867|[WARN] C-001: Inception T-682 (recommendation) has no research artifact in docs/reports/
1787593867|       Evidence: Inception awaiting decision — carries a substantive ## Recommendation, so research is finished, with no persisted research
1787593867|       Mitigation: Create docs/reports/T-682-*.md — the thinking trail IS the artifact
1787593867|[WARN] C-001: Inception T-704 (recommendation) has no research artifact in docs/reports/
1787593867|       Evidence: Inception awaiting decision — carries a substantive ## Recommendation, so research is finished, with no persisted research
1787593867|       Mitigation: Create docs/reports/T-704-*.md — the thinking trail IS the artifact
1787593867|[INFO] C-001 population breakdown: 1/4 started-work missing an artefact, 10/25 awaiting-decision missing an artefact
1787593867|[PASS] C-002: commit-msg hook has research artifact check
1787593867|[PASS] C-002: No research warnings logged (clean or first run)
1787593867|[PASS] C-003: Research checkpoint logic present in checkpoint.sh
1787593869|[PASS] C-006: All active inceptions have a real Recommendation block — examined 29 active inception(s)
1787593869|
1787593869|=== OE-FAST: 30-MINUTE CONTROL CHECKS ===
1787593869|[PASS] CTL-001: Focus file has active task (T-3070)
1787593869|[PASS] CTL-003: Budget status file fresh (< 5min old)
1787593869|[PASS] CTL-004: Tool counter at 328 (last commit: 28 minutes ago)
1787593870|[PASS] CTL-018: Budget status valid JSON (level: ok)
1787593870|
1787593870|=== OE-HOURLY: HOURLY CONTROL CHECKS ===
1787593870|[PASS] CTL-008: Task reference traceability 100% (0/20 without T-XXX)
1787593870|[PASS] CTL-020: 4 cron audit file(s) in last hour
1787593870|
1787593870|=== OE-DAILY: DAILY CONTROL CHECKS ===
1787593870|[PASS] CTL-002: Tier 0 guard installed and wired in settings.json
1787593870|[PASS] CTL-005: Error watchdog installed and wired in settings.json
1787593870|[PASS] CTL-006: Handover coverage for compactions (1763 handovers, 914 compactions)
1787593870|[PASS] CTL-007: Post-compact resume hook configured in settings.json
1787593870|[PASS] CTL-009: Inception T-1265 has decision (7 commits)
1787593870|[PASS] CTL-009: Inception T-1271 has decision (8 commits)
1787593870|[PASS] CTL-009: Inception T-1309 has decision (11 commits)
1787593870|[PASS] CTL-009: Inception T-1611 has decision (14 commits)
1787593870|[PASS] CTL-009: Inception T-1685 has decision (4 commits)
1787593871|[PASS] CTL-009: Inception T-2062 has decision (11 commits)
1787593871|[PASS] CTL-009: Inception T-2063 has decision (8 commits)
1787593871|[PASS] CTL-009: Inception T-2064 has decision (5 commits)
1787593872|[PASS] CTL-009: Inception T-2065 has decision (6 commits)
1787593872|[PASS] CTL-009: Inception T-2066 has decision (9 commits)
1787593872|[PASS] CTL-009: Inception T-2137 has decision (7 commits)
1787593872|[PASS] CTL-009: Inception T-2323 has decision (15 commits)
1787593873|[PASS] CTL-009: Inception T-2428 has decision (32 commits)
1787593873|[PASS] CTL-009: Inception T-2715 has decision (31 commits)
1787593874|[PASS] CTL-009: Inception T-2876 has decision (8 commits)
1787593875|[PASS] CTL-009: Inception T-3097 has decision (5 commits)
1787593875|[PASS] CTL-009: Inception T-550 has decision (8 commits)
1787593875|[PASS] CTL-009: Inception T-558 has decision (7 commits)
1787593875|[PASS] CTL-009: Inception T-682 has decision (7 commits)
1787593875|[PASS] CTL-009: Inception T-704 has decision (10 commits)
1787593875|[PASS] CTL-009: Inception T-705 has decision (12 commits)
1787593876|[PASS] CTL-009: Inception T-844 has decision (9 commits)
1787593876|[PASS] CTL-009: Inception T-084 has decision (3 commits)
1787593876|[PASS] CTL-009: Inception T-097 has decision (3 commits)
1787593877|[PASS] CTL-009: Inception T-100200 has decision (5 commits)
1787593877|[PASS] CTL-009: Inception T-1061 has decision (14 commits)
1787593877|[PASS] CTL-009: Inception T-107 has decision (33 commits)
1787593878|[PASS] CTL-009: Inception T-1084 has decision (6 commits)
1787593878|[PASS] CTL-009: Inception T-1092 has decision (10 commits)
1787593878|[PASS] CTL-009: Inception T-109 has decision (36 commits)
1787593878|[PASS] CTL-009: Inception T-1100 has decision (9 commits)
1787593878|[PASS] CTL-009: Inception T-1101 has decision (4 commits)
1787593878|[PASS] CTL-009: Inception T-1102 has decision (4 commits)
1787593879|[PASS] CTL-009: Inception T-1103 has decision (6 commits)
1787593879|[PASS] CTL-009: Inception T-1104 has decision (5 commits)
1787593879|[PASS] CTL-009: Inception T-1105 has decision (15 commits)
1787593879|[PASS] CTL-009: Inception T-1106 has decision (11 commits)
1787593879|[PASS] CTL-009: Inception T-1107 has decision (13 commits)
1787593879|[PASS] CTL-009: Inception T-1109 has decision (14 commits)
1787593879|[PASS] CTL-009: Inception T-110 has decision (40 commits)
1787593880|[PASS] CTL-009: Inception T-1110 has decision (3 commits)
1787593880|[PASS] CTL-009: Inception T-1111 has decision (4 commits)
1787593880|[PASS] CTL-009: Inception T-1112 has decision (8 commits)
1787593880|[PASS] CTL-009: Inception T-1115 has decision (5 commits)
1787593880|[PASS] CTL-009: Inception T-1119 has decision (5 commits)
1787593880|[PASS] CTL-009: Inception T-111 has decision (43 commits)
1787593881|[PASS] CTL-009: Inception T-1120 has decision (3 commits)
1787593881|[PASS] CTL-009: Inception T-1121 has decision (5 commits)
1787593881|[PASS] CTL-009: Inception T-1122 has decision (4 commits)
1787593881|[PASS] CTL-009: Inception T-1123 has decision (8 commits)
1787593881|[PASS] CTL-009: Inception T-1124 has decision (5 commits)
1787593881|[PASS] CTL-009: Inception T-1125 has decision (9 commits)
1787593881|[PASS] CTL-009: Inception T-1126 has decision (4 commits)
1787593882|[PASS] CTL-009: Inception T-1127 has decision (4 commits)
1787593882|[PASS] CTL-009: Inception T-1129 has decision (5 commits)
1787593882|[PASS] CTL-009: Inception T-1130 has decision (8 commits)
1787593882|[PASS] CTL-009: Inception T-1131 has decision (3 commits)
1787593883|[PASS] CTL-009: Inception T-1134 has decision (3 commits)
1787593883|[PASS] CTL-009: Inception T-1135 has decision (5 commits)
1787593883|[PASS] CTL-009: Inception T-1136 has decision (4 commits)
1787593883|[PASS] CTL-009: Inception T-1140 has decision (5 commits)
1787593883|[PASS] CTL-009: Inception T-1141 has decision (3 commits)
1787593884|[PASS] CTL-009: Inception T-1145 has decision (3 commits)
1787593884|[PASS] CTL-009: Inception T-1146 has decision (8 commits)
1787593884|[PASS] CTL-009: Inception T-1151 has decision (3 commits)
1787593884|[PASS] CTL-009: Inception T-1178 has decision (4 commits)
1787593884|[PASS] CTL-009: Inception T-118 has decision (24 commits)
1787593885|[PASS] CTL-009: Inception T-1200 has decision (4 commits)
1787593885|[PASS] CTL-009: Inception T-120 has decision (34 commits)
1787593885|[PASS] CTL-009: Inception T-1212 has decision (8 commits)
1787593885|[PASS] CTL-009: Inception T-1213 has decision (6 commits)
1787593885|[PASS] CTL-009: Inception T-122 has decision (22 commits)
1787593886|[PASS] CTL-009: Inception T-124 has decision (32 commits)
1787593886|[PASS] CTL-009: Inception T-1251 has decision (4 commits)
1787593886|[PASS] CTL-009: Inception T-1252 has decision (5 commits)
1787593886|[PASS] CTL-009: Inception T-1253 has decision (8 commits)
1787593886|[PASS] CTL-009: Inception T-1255 has decision (5 commits)
1787593886|[PASS] CTL-009: Inception T-1258 has decision (5 commits)
1787593886|[PASS] CTL-009: Inception T-1260 has decision (16 commits)
1787593887|[PASS] CTL-009: Inception T-1261 has decision (4 commits)
1787593887|[PASS] CTL-009: Inception T-1268 has decision (12 commits)
1787593887|[PASS] CTL-009: Inception T-1270 has decision (10 commits)
1787593887|[PASS] CTL-009: Inception T-1272 has decision (3 commits)
1787593887|[PASS] CTL-009: Inception T-1276 has decision (3 commits)
1787593887|[PASS] CTL-009: Inception T-1283 has decision (10 commits)
1787593888|[PASS] CTL-009: Inception T-1284 has decision (13 commits)
1787593888|[PASS] CTL-009: Inception T-1298 has decision (3 commits)
1787593888|[PASS] CTL-009: Inception T-1299 has decision (4 commits)
1787593889|[PASS] CTL-009: Inception T-1302 has decision (6 commits)
1787593889|[PASS] CTL-009: Inception T-1303 has decision (3 commits)
1787593889|[PASS] CTL-009: Inception T-1304 has decision (4 commits)
1787593889|[PASS] CTL-009: Inception T-1305 has decision (5 commits)
1787593889|[PASS] CTL-009: Inception T-130 has decision (31 commits)
1787593889|[PASS] CTL-009: Inception T-1311 has decision (4 commits)
1787593889|[PASS] CTL-009: Inception T-1312 has decision (3 commits)
1787593890|[PASS] CTL-009: Inception T-1313 has decision (3 commits)
1787593890|[PASS] CTL-009: Inception T-1314 has decision (4 commits)
1787593890|[PASS] CTL-009: Inception T-1315 has decision (5 commits)
1787593890|[PASS] CTL-009: Inception T-1316 has decision (3 commits)
1787593890|[PASS] CTL-009: Inception T-1319 has decision (4 commits)
1787593890|[PASS] CTL-009: Inception T-131 has decision (25 commits)
1787593890|[PASS] CTL-009: Inception T-1321 has decision (4 commits)
1787593891|[PASS] CTL-009: Inception T-1322 has decision (4 commits)
1787593891|[PASS] CTL-009: Inception T-1326 has decision (6 commits)
1787593891|[PASS] CTL-009: Inception T-132 has decision (27 commits)
1787593891|[PASS] CTL-009: Inception T-1330 has decision (7 commits)
1787593891|[PASS] CTL-009: Inception T-1332 has decision (8 commits)
1787593891|[PASS] CTL-009: Inception T-1333 has decision (13 commits)
1787593892|[PASS] CTL-009: Inception T-1337 has decision (3 commits)
1787593892|[PASS] CTL-009: Inception T-133 has decision (33 commits)
1787593892|[PASS] CTL-009: Inception T-1345 has decision (5 commits)
1787593892|[PASS] CTL-009: Inception T-1346 has decision (9 commits)
1787593892|[PASS] CTL-009: Inception T-1348 has decision (3 commits)
1787593893|[PASS] CTL-009: Inception T-1353 has decision (3 commits)
1787593893|[PASS] CTL-009: Inception T-1355 has decision (4 commits)
1787593894|[PASS] CTL-009: Inception T-1359 has decision (3 commits)
1787593894|[PASS] CTL-009: Inception T-1365 has decision (3 commits)
1787593894|[PASS] CTL-009: Inception T-1372 has decision (13 commits)
1787593894|[PASS] CTL-009: Inception T-1376 has decision (14 commits)
1787593894|[PASS] CTL-009: Inception T-1388 has decision (16 commits)
1787593895|[PASS] CTL-009: Inception T-138 has decision (30 commits)
1787593895|[PASS] CTL-009: Inception T-1404 has decision (9 commits)
1787593895|[PASS] CTL-009: Inception T-140 has decision (35 commits)
1787593895|[PASS] CTL-009: Inception T-1420 has decision (5 commits)
1787593895|[PASS] CTL-009: Inception T-1442 has decision (19 commits)
1787593896|[PASS] CTL-009: Inception T-1443 has decision (25 commits)
1787593896|[PASS] CTL-009: Inception T-1444 has decision (5 commits)
1787593896|[PASS] CTL-009: Inception T-1451 has decision (8 commits)
1787593896|[PASS] CTL-009: Inception T-1452 has decision (8 commits)
1787593896|[PASS] CTL-009: Inception T-1455 has decision (8 commits)
1787593896|[PASS] CTL-009: Inception T-1459 has decision (4 commits)
1787593896|[PASS] CTL-009: Inception T-1460 has decision (4 commits)
1787593897|[PASS] CTL-009: Inception T-1482 has decision (4 commits)
1787593897|[PASS] CTL-009: Inception T-1499 has decision (7 commits)
1787593897|[PASS] CTL-009: Inception T-1501 has decision (8 commits)
1787593897|[PASS] CTL-009: Inception T-1505 has decision (5 commits)
1787593898|[PASS] CTL-009: Inception T-1506 has decision (5 commits)
1787593898|[PASS] CTL-009: Inception T-1507 has decision (5 commits)
1787593898|[PASS] CTL-009: Inception T-1513 has decision (5 commits)
1787593898|[PASS] CTL-009: Inception T-1538 has decision (4 commits)
1787593898|[PASS] CTL-009: Inception T-1544 has decision (3 commits)
1787593899|[PASS] CTL-009: Inception T-1548 has decision (4 commits)
1787593899|[PASS] CTL-009: Inception T-154 has decision (71 commits)
1787593899|[PASS] CTL-009: Inception T-155 has decision (43 commits)
1787593899|[PASS] CTL-009: Inception T-1565 has decision (13 commits)
1787593899|[PASS] CTL-009: Inception T-156 has decision (27 commits)
1787593900|[PASS] CTL-009: Inception T-157 has decision (75 commits)
1787593900|[PASS] CTL-009: Inception T-158 has decision (40 commits)
1787593900|[PASS] CTL-009: Inception T-1601 has decision (7 commits)
1787593900|[PASS] CTL-009: Inception T-1616 has decision (5 commits)
1787593901|[PASS] CTL-009: Inception T-1617 has decision (4 commits)
1787593901|[PASS] CTL-009: Inception T-1626 has decision (22 commits)
1787593901|[PASS] CTL-009: Inception T-1633 has decision (21 commits)
1787593901|[PASS] CTL-009: Inception T-1641 has decision (20 commits)
1787593902|[PASS] CTL-009: Inception T-1642 has decision (9 commits)
1787593902|[PASS] CTL-009: Inception T-1645 has decision (5 commits)
1787593902|[PASS] CTL-009: Inception T-164 has decision (68 commits)
1787593902|[PASS] CTL-009: Inception T-1653 has decision (9 commits)
1787593902|[PASS] CTL-009: Inception T-1660 has decision (5 commits)
1787593902|[PASS] CTL-009: Inception T-1666 has decision (3 commits)
1787593903|[PASS] CTL-009: Inception T-1667 has decision (11 commits)
1787593903|[PASS] CTL-009: Inception T-1670 has decision (8 commits)
1787593903|[PASS] CTL-009: Inception T-1675 has decision (4 commits)
1787593903|[PASS] CTL-009: Inception T-1686 has decision (4 commits)
1787593903|[PASS] CTL-009: Inception T-1688 has decision (9 commits)
1787593903|[PASS] CTL-009: Inception T-1689 has decision (8 commits)
1787593904|[PASS] CTL-009: Inception T-168 has decision (207 commits)
1787593904|[PASS] CTL-009: Inception T-1690 has decision (4 commits)
1787593904|[PASS] CTL-009: Inception T-1691 has decision (4 commits)
1787593904|[PASS] CTL-009: Inception T-1692 has decision (4 commits)
1787593904|[PASS] CTL-009: Inception T-1705 has decision (4 commits)
1787593904|[PASS] CTL-009: Inception T-1709 has decision (6 commits)
1787593905|[PASS] CTL-009: Inception T-1710 has decision (4 commits)
1787593905|[PASS] CTL-009: Inception T-1713 has decision (6 commits)
1787593905|[PASS] CTL-009: Inception T-1714 has decision (3 commits)
1787593905|[PASS] CTL-009: Inception T-1715 has decision (12 commits)
1787593905|[PASS] CTL-009: Inception T-1717 has decision (10 commits)
1787593905|[PASS] CTL-009: Inception T-1721 has decision (3 commits)
1787593906|[PASS] CTL-009: Inception T-1726 has decision (8 commits)
1787593906|[PASS] CTL-009: Inception T-1729 has decision (5 commits)
1787593906|[PASS] CTL-009: Inception T-1744 has decision (11 commits)
1787593906|[PASS] CTL-009: Inception T-1745 has decision (4 commits)
1787593906|[PASS] CTL-009: Inception T-174 has decision (39 commits)
1787593907|[PASS] CTL-009: Inception T-1761 has decision (11 commits)
1787593907|[PASS] CTL-009: Inception T-1768 has decision (5 commits)
1787593907|[PASS] CTL-009: Inception T-178 has decision (25 commits)
1787593907|[PASS] CTL-009: Inception T-179 has decision (25 commits)
1787593907|[PASS] CTL-009: Inception T-1804 has decision (5 commits)
1787593907|[PASS] CTL-009: Inception T-181 has decision (57 commits)
1787593908|[PASS] CTL-009: Inception T-1829 has decision (11 commits)
1787593908|[PASS] CTL-009: Inception T-1830 has decision (9 commits)
1787593908|[PASS] CTL-009: Inception T-1831 has decision (18 commits)
1787593908|[PASS] CTL-009: Inception T-1833 has decision (5 commits)
1787593908|[PASS] CTL-009: Inception T-1846 has decision (17 commits)
1787593909|[PASS] CTL-009: Inception T-1878 has decision (22 commits)
1787593909|[PASS] CTL-009: Inception T-1902 has decision (17 commits)
1787593909|[PASS] CTL-009: Inception T-1905 has decision (11 commits)
1787593909|[PASS] CTL-009: Inception T-190 has decision (50 commits)
1787593909|[PASS] CTL-009: Inception T-1915 has decision (15 commits)
1787593909|[PASS] CTL-009: Inception T-191 has decision (55 commits)
1787593910|[PASS] CTL-009: Inception T-192 has decision (51 commits)
1787593910|[PASS] CTL-009: Inception T-194 has decision (68 commits)
1787593910|[PASS] CTL-009: Inception T-1950 has decision (8 commits)
1787593910|[PASS] CTL-009: Inception T-1958 has decision (5 commits)
1787593910|[PASS] CTL-009: Inception T-1959 has decision (7 commits)
1787593911|[PASS] CTL-009: Inception T-1981 has decision (7 commits)
1787593911|[PASS] CTL-009: Inception T-1983 has decision (5 commits)
1787593911|[PASS] CTL-009: Inception T-1987 has decision (7 commits)
1787593911|[PASS] CTL-009: Inception T-2000 has decision (7 commits)
1787593911|[PASS] CTL-009: Inception T-200 has decision (49 commits)
1787593911|[PASS] CTL-009: Inception T-2030 has decision (16 commits)
1787593912|[PASS] CTL-009: Inception T-2057 has decision (10 commits)
1787593912|[PASS] CTL-009: Inception T-2078 has decision (14 commits)
1787593912|[PASS] CTL-009: Inception T-2081 has decision (4 commits)
1787593912|[PASS] CTL-009: Inception T-2097 has decision (5 commits)
1787593912|[PASS] CTL-009: Inception T-2098 has decision (4 commits)
1787593912|[PASS] CTL-009: Inception T-2100 has decision (5 commits)
1787593913|[PASS] CTL-009: Inception T-2101 has decision (5 commits)
1787593913|[PASS] CTL-009: Inception T-2115 has decision (3 commits)
1787593913|[PASS] CTL-009: Inception T-2118 has decision (7 commits)
1787593913|[PASS] CTL-009: Inception T-2121 has decision (17 commits)
1787593913|[PASS] CTL-009: Inception T-2122 has decision (5 commits)
1787593913|[PASS] CTL-009: Inception T-2123 has decision (8 commits)
1787593914|[PASS] CTL-009: Inception T-2125 has decision (10 commits)
1787593914|[PASS] CTL-009: Inception T-2126 has decision (3 commits)
1787593914|[PASS] CTL-009: Inception T-2133 has decision (4 commits)
1787593914|[PASS] CTL-009: Inception T-2138 has decision (13 commits)
1787593914|[PASS] CTL-009: Inception T-2143 has decision (21 commits)
1787593914|[PASS] CTL-009: Inception T-2144 has decision (22 commits)
1787593915|[PASS] CTL-009: Inception T-2157 has decision (6 commits)
1787593915|[PASS] CTL-009: Inception T-2158 has decision (17 commits)
1787593915|[PASS] CTL-009: Inception T-2159 has decision (5 commits)
1787593915|[PASS] CTL-009: Inception T-2173 has decision (9 commits)
1787593915|[PASS] CTL-009: Inception T-2181 has decision (5 commits)
1787593915|[PASS] CTL-009: Inception T-2186 has decision (21 commits)
1787593916|[PASS] CTL-009: Inception T-2201 has decision (10 commits)
1787593916|[PASS] CTL-009: Inception T-2203 has decision (8 commits)
1787593916|[PASS] CTL-009: Inception T-2204 has decision (19 commits)
1787593916|[PASS] CTL-009: Inception T-2209 has decision (27 commits)
1787593916|[PASS] CTL-009: Inception T-2217 has decision (6 commits)
1787593916|[PASS] CTL-009: Inception T-2225 has decision (8 commits)
1787593917|[PASS] CTL-009: Inception T-2229 has decision (8 commits)
1787593917|[PASS] CTL-009: Inception T-222 has decision (34 commits)
1787593917|[PASS] CTL-009: Inception T-2231 has decision (6 commits)
1787593917|[PASS] CTL-009: Inception T-2233 has decision (4 commits)
1787593917|[PASS] CTL-009: Inception T-2245 has decision (16 commits)
1787593918|[PASS] CTL-009: Inception T-2248 has decision (6 commits)
1787593918|[PASS] CTL-009: Inception T-2252 has decision (4 commits)
1787593918|[PASS] CTL-009: Inception T-2275 has decision (3 commits)
1787593918|[PASS] CTL-009: Inception T-2277 has decision (5 commits)
1787593919|[PASS] CTL-009: Inception T-228 has decision (30 commits)
1787593919|[PASS] CTL-009: Inception T-2303 has decision (15 commits)
1787593919|[PASS] CTL-009: Inception T-2305 has decision (8 commits)
1787593919|[PASS] CTL-009: Inception T-2324 has decision (17 commits)
1787593919|[PASS] CTL-009: Inception T-2330 has decision (10 commits)
1787593919|[PASS] CTL-009: Inception T-2333 has decision (3 commits)
1787593920|[PASS] CTL-009: Inception T-2347 has decision (7 commits)
1787593920|[PASS] CTL-009: Inception T-2352 has decision (9 commits)
1787593920|[PASS] CTL-009: Inception T-235 has decision (50 commits)
1787593920|[PASS] CTL-009: Inception T-2393 has decision (5 commits)
1787593921|[PASS] CTL-009: Inception T-2394 has decision (12 commits)
1787593921|[PASS] CTL-009: Inception T-2413 has decision (4 commits)
1787593921|[PASS] CTL-009: Inception T-2416 has decision (11 commits)
1787593921|[PASS] CTL-009: Inception T-2418 has decision (13 commits)
1787593921|[PASS] CTL-009: Inception T-2419 has decision (8 commits)
1787593922|[PASS] CTL-009: Inception T-2442 has decision (9 commits)
1787593922|[PASS] CTL-009: Inception T-2447 has decision (4 commits)
1787593922|[PASS] CTL-009: Inception T-2458 has decision (8 commits)
1787593922|[PASS] CTL-009: Inception T-2464 has decision (3 commits)
1787593922|[PASS] CTL-009: Inception T-2484 has decision (7 commits)
1787593923|[PASS] CTL-009: Inception T-2494 has decision (9 commits)
1787593923|[PASS] CTL-009: Inception T-2505 has decision (15 commits)
1787593923|[PASS] CTL-009: Inception T-2520 has decision (5 commits)
1787593923|[PASS] CTL-009: Inception T-2522 has decision (6 commits)
1787593923|[PASS] CTL-009: Inception T-2527 has decision (5 commits)
1787593924|[PASS] CTL-009: Inception T-2528 has decision (3 commits)
1787593924|[PASS] CTL-009: Inception T-2538 has decision (3 commits)
1787593924|[PASS] CTL-009: Inception T-2541 has decision (7 commits)
1787593924|[PASS] CTL-009: Inception T-254 has decision (33 commits)
1787593924|[PASS] CTL-009: Inception T-2551 has decision (8 commits)
1787593924|[PASS] CTL-009: Inception T-2553 has decision (3 commits)
1787593925|[PASS] CTL-009: Inception T-2571 has decision (5 commits)
1787593925|[PASS] CTL-009: Inception T-2602 has decision (5 commits)
1787593925|[PASS] CTL-009: Inception T-2608 has decision (4 commits)
1787593925|[PASS] CTL-009: Inception T-2619 has decision (4 commits)
1787593925|[PASS] CTL-009: Inception T-261 has decision (27 commits)
1787593926|[PASS] CTL-009: Inception T-2620 has decision (14 commits)
1787593926|[PASS] CTL-009: Inception T-2652 has decision (9 commits)
1787593926|[PASS] CTL-009: Inception T-2663 has decision (3 commits)
1787593926|[PASS] CTL-009: Inception T-2679 has decision (6 commits)
1787593926|[PASS] CTL-009: Inception T-2687 has decision (8 commits)
1787593927|[PASS] CTL-009: Inception T-2703 has decision (7 commits)
1787593927|[PASS] CTL-009: Inception T-2704 has decision (7 commits)
1787593927|[PASS] CTL-009: Inception T-272 has decision (36 commits)
1787593927|[PASS] CTL-009: Inception T-2757 has decision (4 commits)
1787593927|[PASS] CTL-009: Inception T-2761 has decision (3 commits)
1787593928|[PASS] CTL-009: Inception T-279 has decision (43 commits)
1787593928|[PASS] CTL-009: Inception T-2800 has decision (15 commits)
1787593928|[PASS] CTL-009: Inception T-2822 has decision (18 commits)
1787593928|[PASS] CTL-009: Inception T-2857 has decision (5 commits)
1787593929|[PASS] CTL-009: Inception T-2863 has decision (17 commits)
1787593929|[PASS] CTL-009: Inception T-2909 has decision (3 commits)
1787593929|[PASS] CTL-009: Inception T-2925 has decision (8 commits)
1787593929|[PASS] CTL-009: Inception T-292 has decision (42 commits)
1787593929|[PASS] CTL-009: Inception T-294 has decision (42 commits)
1787593930|[PASS] CTL-009: Inception T-2992 has decision (4 commits)
1787593930|[PASS] CTL-009: Inception T-2993 has decision (3 commits)
1787593930|[PASS] CTL-009: Inception T-2995 has decision (5 commits)
1787593930|[PASS] CTL-009: Inception T-3004 has decision (6 commits)
1787593930|[PASS] CTL-009: Inception T-3005 has decision (9 commits)
1787593931|[PASS] CTL-009: Inception T-3007 has decision (8 commits)
1787593931|[PASS] CTL-009: Inception T-3018 has decision (6 commits)
1787593931|[PASS] CTL-009: Inception T-3022 has decision (21 commits)
1787593931|[PASS] CTL-009: Inception T-3025 has decision (14 commits)
1787593931|[PASS] CTL-009: Inception T-3041 has decision (12 commits)
1787593932|[PASS] CTL-009: Inception T-305 has decision (20 commits)
1787593932|[PASS] CTL-009: Inception T-306 has decision (34 commits)
1787593932|[PASS] CTL-009: Inception T-3072 has decision (5 commits)
1787593932|[PASS] CTL-009: Inception T-307 has decision (44 commits)
1787593933|[PASS] CTL-009: Inception T-3093 has decision (6 commits)
1787593933|[PASS] CTL-009: Inception T-316 has decision (7 commits)
1787593934|[PASS] CTL-009: Inception T-325 has decision (7 commits)
1787593934|[PASS] CTL-009: Inception T-339 has decision (3 commits)
1787593934|[PASS] CTL-009: Inception T-356 has decision (3 commits)
1787593934|[PASS] CTL-009: Inception T-358 has decision (3 commits)
1787593934|[PASS] CTL-009: Inception T-362 has decision (3 commits)
1787593935|[PASS] CTL-009: Inception T-375 has decision (3 commits)
1787593935|[PASS] CTL-009: Inception T-411 has decision (3 commits)
1787593935|[PASS] CTL-009: Inception T-432 has decision (4 commits)
1787593936|[PASS] CTL-009: Inception T-434 has decision (5 commits)
1787593936|[PASS] CTL-009: Inception T-435 has decision (7 commits)
1787593936|[PASS] CTL-009: Inception T-436 has decision (7 commits)
1787593936|[PASS] CTL-009: Inception T-445 has decision (5 commits)
1787593937|[PASS] CTL-009: Inception T-455 has decision (7 commits)
1787593937|[PASS] CTL-009: Inception T-469 has decision (5 commits)
1787593937|[PASS] CTL-009: Inception T-473 has decision (3 commits)
1787593937|[PASS] CTL-009: Inception T-477 has decision (6 commits)
1787593938|[PASS] CTL-009: Inception T-482 has decision (4 commits)
1787593938|[PASS] CTL-009: Inception T-489 has decision (4 commits)
1787593938|[PASS] CTL-009: Inception T-490 has decision (3 commits)
1787593938|[PASS] CTL-009: Inception T-495 has decision (3 commits)
1787593939|[PASS] CTL-009: Inception T-502 has decision (4 commits)
1787593939|[PASS] CTL-009: Inception T-513 has decision (7 commits)
1787593939|[PASS] CTL-009: Inception T-532 has decision (11 commits)
1787593939|[PASS] CTL-009: Inception T-533 has decision (6 commits)
1787593939|[PASS] CTL-009: Inception T-534 has decision (3 commits)
1787593940|[PASS] CTL-009: Inception T-548 has decision (5 commits)
1787593940|[PASS] CTL-009: Inception T-549 has decision (12 commits)
1787593940|[PASS] CTL-009: Inception T-561 has decision (4 commits)
1787593941|[PASS] CTL-009: Inception T-570 has decision (3 commits)
1787593941|[PASS] CTL-009: Inception T-571 has decision (4 commits)
1787593941|[PASS] CTL-009: Inception T-578 has decision (3 commits)
1787593942|[PASS] CTL-009: Inception T-579 has decision (3 commits)
1787593942|[PASS] CTL-009: Inception T-580 has decision (3 commits)
1787593942|[PASS] CTL-009: Inception T-581 has decision (3 commits)
1787593942|[PASS] CTL-009: Inception T-582 has decision (3 commits)
1787593942|[PASS] CTL-009: Inception T-583 has decision (4 commits)
1787593943|[PASS] CTL-009: Inception T-586 has decision (10 commits)
1787593943|[PASS] CTL-009: Inception T-589 has decision (3 commits)
1787593943|[PASS] CTL-009: Inception T-598 has decision (4 commits)
1787593943|[PASS] CTL-009: Inception T-599 has decision (3 commits)
1787593943|[PASS] CTL-009: Inception T-600 has decision (3 commits)
1787593943|[PASS] CTL-009: Inception T-601 has decision (3 commits)
1787593944|[PASS] CTL-009: Inception T-603 has decision (4 commits)
1787593944|[PASS] CTL-009: Inception T-607 has decision (3 commits)
1787593944|[PASS] CTL-009: Inception T-608 has decision (6 commits)
1787593944|[PASS] CTL-009: Inception T-614 has decision (3 commits)
1787593944|[PASS] CTL-009: Inception T-625 has decision (3 commits)
1787593945|[PASS] CTL-009: Inception T-629 has decision (5 commits)
1787593945|[PASS] CTL-009: Inception T-630 has decision (3 commits)
1787593945|[PASS] CTL-009: Inception T-635 has decision (3 commits)
1787593946|[PASS] CTL-009: Inception T-678 has decision (8 commits)
1787593946|[PASS] CTL-009: Inception T-679 has decision (38 commits)
1787593946|[PASS] CTL-009: Inception T-697 has decision (4 commits)
1787593946|[PASS] CTL-009: Inception T-698 has decision (3 commits)
1787593947|[PASS] CTL-009: Inception T-699 has decision (3 commits)
1787593947|[PASS] CTL-009: Inception T-700 has decision (4 commits)
1787593947|[PASS] CTL-009: Inception T-701 has decision (4 commits)
1787593947|[PASS] CTL-009: Inception T-702 has decision (3 commits)
1787593947|[PASS] CTL-009: Inception T-703 has decision (3 commits)
1787593947|[PASS] CTL-009: Inception T-707 has decision (6 commits)
1787593948|[PASS] CTL-009: Inception T-772 has decision (5 commits)
1787593948|[PASS] CTL-009: Inception T-792 has decision (3 commits)
1787593948|[PASS] CTL-009: Inception T-799 has decision (3 commits)
1787593948|[PASS] CTL-009: Inception T-800 has decision (4 commits)
1787593949|[PASS] CTL-009: Inception T-816 has decision (5 commits)
1787593949|[PASS] CTL-009: Inception T-817 has decision (5 commits)
1787593949|[PASS] CTL-009: Inception T-818 has decision (6 commits)
1787593949|[PASS] CTL-009: Inception T-823 has decision (3 commits)
1787593950|[PASS] CTL-009: Inception T-837 has decision (5 commits)
1787593950|[PASS] CTL-009: Inception T-856 has decision (3 commits)
1787593950|[PASS] CTL-009: Inception T-864 has decision (3 commits)
1787593951|[PASS] CTL-009: Inception T-866 has decision (4 commits)
1787593951|[PASS] CTL-009: Inception T-882 has decision (3 commits)
1787593951|[PASS] CTL-009: Inception T-885 has decision (3 commits)
1787593952|[PASS] CTL-009: Inception T-954 has decision (10 commits)
1787593952|[PASS] CTL-009: Inception T-962 has decision (6 commits)
1787593952|[PASS] CTL-009: Inception T-968 has decision (8 commits)
1787593952|[PASS] CTL-027: Inception T-1265 has Recommendation + Decision sections
1787593952|[PASS] CTL-027: Inception T-1271 has Recommendation + Decision sections
1787593952|[PASS] CTL-027: Inception T-1309 has Recommendation + Decision sections
1787593952|[PASS] CTL-027: Inception T-1611 has Recommendation + Decision sections
1787593952|[PASS] CTL-027: Inception T-1685 has Recommendation + Decision sections
1787593953|[PASS] CTL-027: Inception T-2062 has Recommendation + Decision sections
1787593953|[PASS] CTL-027: Inception T-2063 has Recommendation + Decision sections
1787593953|[PASS] CTL-027: Inception T-2064 has Recommendation + Decision sections
1787593953|[PASS] CTL-027: Inception T-2065 has Recommendation + Decision sections
1787593953|[PASS] CTL-027: Inception T-2066 has Recommendation + Decision sections
1787593953|[PASS] CTL-027: Inception T-2137 has Recommendation + Decision sections
1787593953|[PASS] CTL-027: Inception T-2321 has Recommendation + Decision sections
1787593953|[PASS] CTL-027: Inception T-2323 has Recommendation + Decision sections
1787593953|[PASS] CTL-027: Inception T-2428 has Recommendation + Decision sections
1787593954|[PASS] CTL-027: Inception T-2668 has Recommendation + Decision sections
1787593954|[PASS] CTL-027: Inception T-2669 has Recommendation + Decision sections
1787593954|[PASS] CTL-027: Inception T-2670 has Recommendation + Decision sections
1787593954|[PASS] CTL-027: Inception T-2715 has Recommendation + Decision sections
1787593954|[PASS] CTL-027: Inception T-2770 has Recommendation + Decision sections
1787593954|[PASS] CTL-027: Inception T-2876 has Recommendation + Decision sections
1787593954|[PASS] CTL-027: Inception T-2899 has Recommendation + Decision sections
1787593954|[PASS] CTL-027: Inception T-2963 has Recommendation + Decision sections
1787593954|[PASS] CTL-027: Inception T-3097 has Recommendation + Decision sections
1787593954|[PASS] CTL-027: Inception T-550 has Recommendation + Decision sections
1787593954|[PASS] CTL-027: Inception T-558 has Recommendation + Decision sections
1787593954|[PASS] CTL-027: Inception T-682 has Recommendation + Decision sections
1787593954|[PASS] CTL-027: Inception T-704 has Recommendation + Decision sections
1787593954|[PASS] CTL-027: Inception T-705 has Recommendation + Decision sections
1787593954|[PASS] CTL-027: Inception T-844 has Recommendation + Decision sections
1787593954|[PASS] CTL-010: Bypass log has 13 entries (post-commit detector working)
1787593954|[PASS] CTL-011: pre-push hook installed and executable
1787594649|[WARN] CTL-013: T-1700 verification re-run: 1 command(s) failing
1787594649|       Evidence: Verification commands that passed at completion now fail
1787594649|       Mitigation: Review T-1700 — environment may have changed
1787594650|[PASS] CTL-013: T-1895 verification re-run: 4/4 pass
1787594651|[WARN] CTL-013: T-1894 verification re-run: 2 command(s) failing
1787594651|       Evidence: Verification commands that passed at completion now fail
1787594651|       Mitigation: Review T-1894 — environment may have changed
1787594694|[PASS] CTL-013b: review-queue verification re-run, 0 red — examined 3 review-queue task(s) re-run
1787594694|[PASS] CTL-019: claude-fw wrapper installed and executable
1787594694|[PASS] CTL-025: T-100131 partial-complete with owner:human ✓
1787594694|[PASS] CTL-025: T-100188 partial-complete with owner:human ✓
1787594694|[PASS] CTL-025: T-1701 partial-complete with owner:human ✓
1787594694|[PASS] CTL-025: T-1702 partial-complete with owner:human ✓
1787594694|[PASS] CTL-025: T-1707 partial-complete with owner:human ✓
1787594694|[PASS] CTL-025: T-1718 partial-complete with owner:human ✓
1787594694|[PASS] CTL-025: T-1773 partial-complete with owner:human ✓
1787594694|[PASS] CTL-025: T-1774 partial-complete with owner:human ✓
1787594694|[PASS] CTL-025: T-1775 partial-complete with owner:human ✓
1787594694|[PASS] CTL-025: T-1776 partial-complete with owner:human ✓
1787594694|[PASS] CTL-025: T-1792 partial-complete with owner:human ✓
1787594694|[PASS] CTL-025: T-1794 partial-complete with owner:human ✓
1787594694|[PASS] CTL-025: T-1795 partial-complete with owner:human ✓
1787594694|[PASS] CTL-025: T-1796 partial-complete with owner:human ✓
1787594694|[PASS] CTL-025: T-1797 partial-complete with owner:human ✓
1787594694|[PASS] CTL-025: T-1799 partial-complete with owner:human ✓
1787594694|[PASS] CTL-025: T-1801 partial-complete with owner:human ✓
1787594694|[PASS] CTL-025: T-1802 partial-complete with owner:human ✓
1787594694|[PASS] CTL-025: T-1803 partial-complete with owner:human ✓
1787594694|[PASS] CTL-025: T-1805 partial-complete with owner:human ✓
1787594694|[PASS] CTL-025: T-1806 partial-complete with owner:human ✓
1787594694|[PASS] CTL-025: T-1807 partial-complete with owner:human ✓
1787594694|[PASS] CTL-025: T-1808 partial-complete with owner:human ✓
1787594694|[PASS] CTL-025: T-1810 partial-complete with owner:human ✓
1787594694|[PASS] CTL-025: T-1811 partial-complete with owner:human ✓
1787594694|[PASS] CTL-025: T-1818 partial-complete with owner:human ✓
1787594694|[PASS] CTL-025: T-1827 partial-complete with owner:human ✓
1787594694|[PASS] CTL-025: T-1834 partial-complete with owner:human ✓
1787594694|[PASS] CTL-025: T-1842 partial-complete with owner:human ✓
1787594694|[PASS] CTL-025: T-1843 partial-complete with owner:human ✓
1787594694|[PASS] CTL-025: T-1844 partial-complete with owner:human ✓
1787594694|[PASS] CTL-025: T-1891 partial-complete with owner:human ✓
1787594694|[PASS] CTL-025: T-1909 partial-complete with owner:human ✓
1787594694|[PASS] CTL-025: T-1910 partial-complete with owner:human ✓
1787594694|[PASS] CTL-025: T-1911 partial-complete with owner:human ✓
1787594694|[PASS] CTL-025: T-1928 partial-complete with owner:human ✓
1787594694|[PASS] CTL-025: T-1929 partial-complete with owner:human ✓
1787594694|[PASS] CTL-025: T-1930 partial-complete with owner:human ✓
1787594694|[PASS] CTL-025: T-1933 partial-complete with owner:human ✓
1787594694|[PASS] CTL-025: T-1934 partial-complete with owner:human ✓
1787594694|[PASS] CTL-025: T-1935 partial-complete with owner:human ✓
1787594694|[PASS] CTL-025: T-1936 partial-complete with owner:human ✓
1787594694|[PASS] CTL-025: T-1939 partial-complete with owner:human ✓
1787594694|[PASS] CTL-025: T-1947 partial-complete with owner:human ✓
1787594694|[PASS] CTL-025: T-1951 partial-complete with owner:human ✓
1787594694|[PASS] CTL-025: T-1954 partial-complete with owner:human ✓
1787594694|[PASS] CTL-025: T-1955 partial-complete with owner:human ✓
1787594694|[PASS] CTL-025: T-1957 partial-complete with owner:human ✓
1787594694|[PASS] CTL-025: T-1960 partial-complete with owner:human ✓
1787594694|[PASS] CTL-025: T-1961 partial-complete with owner:human ✓
1787594694|[PASS] CTL-025: T-1963 partial-complete with owner:human ✓
1787594694|[PASS] CTL-025: T-1964 partial-complete with owner:human ✓
1787594694|[PASS] CTL-025: T-1965 partial-complete with owner:human ✓
1787594694|[PASS] CTL-025: T-1968 partial-complete with owner:human ✓
1787594694|[PASS] CTL-025: T-1969 partial-complete with owner:human ✓
1787594694|[PASS] CTL-025: T-1970 partial-complete with owner:human ✓
1787594694|[PASS] CTL-025: T-1971 partial-complete with owner:human ✓
1787594694|[PASS] CTL-025: T-1976 partial-complete with owner:human ✓
1787594694|[PASS] CTL-025: T-1977 partial-complete with owner:human ✓
1787594694|[PASS] CTL-025: T-1978 partial-complete with owner:human ✓
1787594694|[PASS] CTL-025: T-1980 partial-complete with owner:human ✓
1787594694|[PASS] CTL-025: T-1982 partial-complete with owner:human ✓
1787594694|[PASS] CTL-025: T-1984 partial-complete with owner:human ✓
1787594694|[PASS] CTL-025: T-1985 partial-complete with owner:human ✓
1787594694|[PASS] CTL-025: T-1988 partial-complete with owner:human ✓
1787594694|[PASS] CTL-025: T-1989 partial-complete with owner:human ✓
1787594694|[PASS] CTL-025: T-1990 partial-complete with owner:human ✓
1787594694|[PASS] CTL-025: T-1991 partial-complete with owner:human ✓
1787594694|[PASS] CTL-025: T-1992 partial-complete with owner:human ✓
1787594694|[PASS] CTL-025: T-1993 partial-complete with owner:human ✓
1787594694|[PASS] CTL-025: T-1994 partial-complete with owner:human ✓
1787594694|[PASS] CTL-025: T-1999 partial-complete with owner:human ✓
1787594694|[PASS] CTL-025: T-2002 partial-complete with owner:human ✓
1787594694|[PASS] CTL-025: T-2003 partial-complete with owner:human ✓
1787594694|[PASS] CTL-025: T-2004 partial-complete with owner:human ✓
1787594694|[PASS] CTL-025: T-2006 partial-complete with owner:human ✓
1787594694|[PASS] CTL-025: T-2008 partial-complete with owner:human ✓
1787594694|[PASS] CTL-025: T-2009 partial-complete with owner:human ✓
1787594694|[PASS] CTL-025: T-2010 partial-complete with owner:human ✓
1787594694|[PASS] CTL-025: T-2011 partial-complete with owner:human ✓
1787594694|[PASS] CTL-025: T-2012 partial-complete with owner:human ✓
1787594694|[PASS] CTL-025: T-2013 partial-complete with owner:human ✓
1787594694|[PASS] CTL-025: T-2015 partial-complete with owner:human ✓
1787594694|[PASS] CTL-025: T-2016 partial-complete with owner:human ✓
1787594694|[PASS] CTL-025: T-2017 partial-complete with owner:human ✓
1787594694|[PASS] CTL-025: T-2018 partial-complete with owner:human ✓
1787594694|[PASS] CTL-025: T-2019 partial-complete with owner:human ✓
1787594694|[PASS] CTL-025: T-2020 partial-complete with owner:human ✓
1787594694|[PASS] CTL-025: T-2021 partial-complete with owner:human ✓
1787594694|[PASS] CTL-025: T-2022 partial-complete with owner:human ✓
1787594694|[PASS] CTL-025: T-2023 partial-complete with owner:human ✓
1787594694|[PASS] CTL-025: T-2024 partial-complete with owner:human ✓
1787594694|[PASS] CTL-025: T-2025 partial-complete with owner:human ✓
1787594694|[PASS] CTL-025: T-2026 partial-complete with owner:human ✓
1787594694|[PASS] CTL-025: T-2027 partial-complete with owner:human ✓
1787594694|[PASS] CTL-025: T-2028 partial-complete with owner:human ✓
1787594694|[PASS] CTL-025: T-2029 partial-complete with owner:human ✓
1787594694|[PASS] CTL-025: T-2031 partial-complete with owner:human ✓
1787594694|[PASS] CTL-025: T-2033 partial-complete with owner:human ✓
1787594694|[PASS] CTL-025: T-2034 partial-complete with owner:human ✓
1787594694|[PASS] CTL-025: T-2038 partial-complete with owner:human ✓
1787594694|[PASS] CTL-025: T-2039 partial-complete with owner:human ✓
1787594694|[PASS] CTL-025: T-2040 partial-complete with owner:human ✓
1787594694|[PASS] CTL-025: T-2041 partial-complete with owner:human ✓
1787594694|[PASS] CTL-025: T-2043 partial-complete with owner:human ✓
1787594694|[PASS] CTL-025: T-2044 partial-complete with owner:human ✓
1787594694|[PASS] CTL-025: T-2045 partial-complete with owner:human ✓
1787594694|[PASS] CTL-025: T-2046 partial-complete with owner:human ✓
1787594694|[PASS] CTL-025: T-2047 partial-complete with owner:human ✓
1787594694|[PASS] CTL-025: T-2049 partial-complete with owner:human ✓
1787594694|[PASS] CTL-025: T-2051 partial-complete with owner:human ✓
1787594694|[PASS] CTL-025: T-2054 partial-complete with owner:human ✓
1787594694|[PASS] CTL-025: T-2062 partial-complete with owner:human ✓
1787594694|[PASS] CTL-025: T-2063 partial-complete with owner:human ✓
1787594694|[PASS] CTL-025: T-2064 partial-complete with owner:human ✓
1787594694|[PASS] CTL-025: T-2065 partial-complete with owner:human ✓
1787594694|[PASS] CTL-025: T-2066 partial-complete with owner:human ✓
1787594694|[PASS] CTL-025: T-2075 partial-complete with owner:human ✓
1787594694|[PASS] CTL-025: T-2077 partial-complete with owner:human ✓
1787594694|[PASS] CTL-025: T-2080 partial-complete with owner:human ✓
1787594694|[PASS] CTL-025: T-2082 partial-complete with owner:human ✓
1787594694|[PASS] CTL-025: T-2084 partial-complete with owner:human ✓
1787594694|[PASS] CTL-025: T-2085 partial-complete with owner:human ✓
1787594694|[PASS] CTL-025: T-2086 partial-complete with owner:human ✓
1787594694|[PASS] CTL-025: T-2087 partial-complete with owner:human ✓
1787594694|[PASS] CTL-025: T-2088 partial-complete with owner:human ✓
1787594694|[PASS] CTL-025: T-2089 partial-complete with owner:human ✓
1787594694|[PASS] CTL-025: T-2102 partial-complete with owner:human ✓
1787594694|[PASS] CTL-025: T-2103 partial-complete with owner:human ✓
1787594694|[PASS] CTL-025: T-2106 partial-complete with owner:human ✓
1787594694|[PASS] CTL-025: T-2110 partial-complete with owner:human ✓
1787594694|[PASS] CTL-025: T-2111 partial-complete with owner:human ✓
1787594694|[PASS] CTL-025: T-2112 partial-complete with owner:human ✓
1787594694|[PASS] CTL-025: T-2114 partial-complete with owner:human ✓
1787594694|[PASS] CTL-025: T-2116 partial-complete with owner:human ✓
1787594694|[PASS] CTL-025: T-2117 partial-complete with owner:human ✓
1787594694|[PASS] CTL-025: T-2119 partial-complete with owner:human ✓
1787594694|[PASS] CTL-025: T-2136 partial-complete with owner:human ✓
1787594694|[PASS] CTL-025: T-2160 partial-complete with owner:human ✓
1787594694|[PASS] CTL-025: T-2167 partial-complete with owner:human ✓
1787594694|[PASS] CTL-025: T-2174 partial-complete with owner:human ✓
1787594694|[PASS] CTL-025: T-2175 partial-complete with owner:human ✓
1787594694|[PASS] CTL-025: T-2176 partial-complete with owner:human ✓
1787594694|[PASS] CTL-025: T-2179 partial-complete with owner:human ✓
1787594694|[PASS] CTL-025: T-2183 partial-complete with owner:human ✓
1787594694|[PASS] CTL-025: T-2185 partial-complete with owner:human ✓
1787594694|[PASS] CTL-025: T-2192 partial-complete with owner:human ✓
1787594694|[PASS] CTL-025: T-2222 partial-complete with owner:human ✓
1787594694|[PASS] CTL-025: T-2240 partial-complete with owner:human ✓
1787594694|[PASS] CTL-025: T-2265 partial-complete with owner:human ✓
1787594694|[PASS] CTL-025: T-2274 partial-complete with owner:human ✓
1787594694|[PASS] CTL-025: T-2278 partial-complete with owner:human ✓
1787594694|[PASS] CTL-025: T-2281 partial-complete with owner:human ✓
1787594694|[PASS] CTL-025: T-2332 partial-complete with owner:human ✓
1787594694|[PASS] CTL-025: T-2335 partial-complete with owner:human ✓
1787594694|[PASS] CTL-025: T-2336 partial-complete with owner:human ✓
1787594694|[PASS] CTL-025: T-2342 partial-complete with owner:human ✓
1787594694|[PASS] CTL-025: T-2349 partial-complete with owner:human ✓
1787594694|[PASS] CTL-025: T-2369 partial-complete with owner:human ✓
1787594694|[PASS] CTL-025: T-2373 partial-complete with owner:human ✓
1787594694|[PASS] CTL-025: T-2376 partial-complete with owner:human ✓
1787594694|[PASS] CTL-025: T-2395 partial-complete with owner:human ✓
1787594694|[PASS] CTL-025: T-2403 partial-complete with owner:human ✓
1787594694|[PASS] CTL-025: T-2406 partial-complete with owner:human ✓
1787594694|[PASS] CTL-025: T-2417 partial-complete with owner:human ✓
1787594694|[PASS] CTL-025: T-2428 partial-complete with owner:human ✓
1787594694|[PASS] CTL-025: T-2430 partial-complete with owner:human ✓
1787594694|[PASS] CTL-025: T-2463 partial-complete with owner:human ✓
1787594694|[PASS] CTL-025: T-2474 partial-complete with owner:human ✓
1787594694|[PASS] CTL-025: T-2479 partial-complete with owner:human ✓
1787594694|[PASS] CTL-025: T-2525 partial-complete with owner:human ✓
1787594694|[PASS] CTL-025: T-2529 partial-complete with owner:human ✓
1787594694|[PASS] CTL-025: T-2530 partial-complete with owner:human ✓
1787594694|[PASS] CTL-025: T-2555 partial-complete with owner:human ✓
1787594694|[PASS] CTL-025: T-2558 partial-complete with owner:human ✓
1787594694|[PASS] CTL-025: T-2561 partial-complete with owner:human ✓
1787594694|[PASS] CTL-025: T-2563 partial-complete with owner:human ✓
1787594694|[PASS] CTL-025: T-2565 partial-complete with owner:human ✓
1787594694|[PASS] CTL-025: T-2578 partial-complete with owner:human ✓
1787594694|[PASS] CTL-025: T-2586 partial-complete with owner:human ✓
1787594694|[PASS] CTL-025: T-2589 partial-complete with owner:human ✓
1787594694|[PASS] CTL-025: T-2596 partial-complete with owner:human ✓
1787594694|[PASS] CTL-025: T-2618 partial-complete with owner:human ✓
1787594694|[PASS] CTL-025: T-2623 partial-complete with owner:human ✓
1787594694|[PASS] CTL-025: T-2624 partial-complete with owner:human ✓
1787594694|[PASS] CTL-025: T-2629 partial-complete with owner:human ✓
1787594694|[PASS] CTL-025: T-2630 partial-complete with owner:human ✓
1787594694|[PASS] CTL-025: T-2631 partial-complete with owner:human ✓
1787594694|[PASS] CTL-025: T-2632 partial-complete with owner:human ✓
1787594694|[PASS] CTL-025: T-2634 partial-complete with owner:human ✓
1787594694|[PASS] CTL-025: T-2651 partial-complete with owner:human ✓
1787594694|[PASS] CTL-025: T-2674 partial-complete with owner:human ✓
1787594694|[PASS] CTL-025: T-2686 partial-complete with owner:human ✓
1787594694|[PASS] CTL-025: T-2713 partial-complete with owner:human ✓
1787594694|[PASS] CTL-025: T-2741 partial-complete with owner:human ✓
1787594694|[PASS] CTL-025: T-2774 partial-complete with owner:human ✓
1787594694|[PASS] CTL-025: T-2775 partial-complete with owner:human ✓
1787594694|[PASS] CTL-025: T-2780 partial-complete with owner:human ✓
1787594694|[PASS] CTL-025: T-2781 partial-complete with owner:human ✓
1787594694|[PASS] CTL-025: T-2787 partial-complete with owner:human ✓
1787594694|[PASS] CTL-025: T-2807 partial-complete with owner:human ✓
1787594694|[PASS] CTL-025: T-2809 partial-complete with owner:human ✓
1787594694|[PASS] CTL-025: T-2831 partial-complete with owner:human ✓
1787594694|[PASS] CTL-025: T-2838 partial-complete with owner:human ✓
1787594694|[PASS] CTL-025: T-2842 partial-complete with owner:human ✓
1787594694|[PASS] CTL-025: T-2864 partial-complete with owner:human ✓
1787594694|[PASS] CTL-025: T-2870 partial-complete with owner:human ✓
1787594694|[PASS] CTL-025: T-2891 partial-complete with owner:human ✓
1787594694|[PASS] CTL-025: T-2896 partial-complete with owner:human ✓
1787594694|[PASS] CTL-025: T-2904 partial-complete with owner:human ✓
1787594694|[PASS] CTL-025: T-2905 partial-complete with owner:human ✓
1787594694|[PASS] CTL-025: T-2974 partial-complete with owner:human ✓
1787594694|[PASS] CTL-025: T-2979 partial-complete with owner:human ✓
1787594694|[PASS] CTL-025: T-2986 partial-complete with owner:human ✓
1787594694|[PASS] CTL-025: T-2994 partial-complete with owner:human ✓
1787594694|[PASS] CTL-025: T-3006 partial-complete with owner:human ✓
1787594694|[PASS] CTL-025: T-3010 partial-complete with owner:human ✓
1787594694|[PASS] CTL-025: T-3011 partial-complete with owner:human ✓
1787594694|[PASS] CTL-025: T-3012 partial-complete with owner:human ✓
1787594694|[PASS] CTL-025: T-3013 partial-complete with owner:human ✓
1787594694|[PASS] CTL-025: T-3016 partial-complete with owner:human ✓
1787594694|[PASS] CTL-025: T-3017 partial-complete with owner:human ✓
1787594694|[PASS] CTL-025: T-3019 partial-complete with owner:human ✓
1787594694|[PASS] CTL-025: T-3024 partial-complete with owner:human ✓
1787594694|[PASS] CTL-025: T-3028 partial-complete with owner:human ✓
1787594694|[PASS] CTL-025: T-3030 partial-complete with owner:human ✓
1787594694|[PASS] CTL-025: T-3046 partial-complete with owner:human ✓
1787594694|[PASS] CTL-025: T-3065 partial-complete with owner:human ✓
1787594694|[PASS] CTL-025: T-3066 partial-complete with owner:human ✓
1787594694|[PASS] CTL-025: T-3078 partial-complete with owner:human ✓
1787594694|[PASS] CTL-025: T-3080 partial-complete with owner:human ✓
1787594694|[PASS] CTL-025: T-3090 partial-complete with owner:human ✓
1787594694|[PASS] CTL-025: T-3091 partial-complete with owner:human ✓
1787594694|[PASS] CTL-025: T-3094 partial-complete with owner:human ✓
1787594694|[PASS] CTL-025: T-3096 partial-complete with owner:human ✓
1787594694|[PASS] CTL-025: T-3124 partial-complete with owner:human ✓
1787594694|[WARN] CTL-031: 3 stuck partial-complete task(s) — all ACs ticked, in active/ — run: bin/fw task archive-eligible
1787594694|       Evidence: Tasks: T-1792 T-1794 T-1795
1787594694|       Mitigation: Sweep with: bin/fw task archive-eligible (origin: T-1903, L-403)
1787594694|
1787594694|[PASS] CTL-026: Human sovereignty gate present (completion + owner protection)
1787594694|[WARN] CTL-028: T-2494 is in .tasks/completed/ but frontmatter status='started-work' (expected: work-completed)
1787594694|       Evidence: Likely cause: git mv bypassed the state machine (L-390)
1787594694|       Mitigation: Fix: bin/fw task update T-2494 --status work-completed — the normal close runs the AC and verification gates and usually passes (832 measured 3 of 4 real drifted tasks closing clean two weeks stale). If a gate legitimately fails, fix the work or re-open it. Only as a last resort: add --force, which BYPASSES those gates and logs a Tier-2 entry. Do not hand-edit frontmatter — that is the git-mv bypass (L-390) this control detects.
1787594694|[WARN] CTL-028: T-100194 is in .tasks/completed/ but frontmatter status='started-work' (expected: work-completed)
1787594694|       Evidence: Likely cause: git mv bypassed the state machine (L-390)
1787594694|       Mitigation: Fix: bin/fw task update T-100194 --status work-completed — the normal close runs the AC and verification gates and usually passes (832 measured 3 of 4 real drifted tasks closing clean two weeks stale). If a gate legitimately fails, fix the work or re-open it. Only as a last resort: add --force, which BYPASSES those gates and logs a Tier-2 entry. Do not hand-edit frontmatter — that is the git-mv bypass (L-390) this control detects.
1787594694|[WARN] CTL-028: T-100195 is in .tasks/completed/ but frontmatter status='started-work' (expected: work-completed)
1787594694|       Evidence: Likely cause: git mv bypassed the state machine (L-390)
1787594694|       Mitigation: Fix: bin/fw task update T-100195 --status work-completed — the normal close runs the AC and verification gates and usually passes (832 measured 3 of 4 real drifted tasks closing clean two weeks stale). If a gate legitimately fails, fix the work or re-open it. Only as a last resort: add --force, which BYPASSES those gates and logs a Tier-2 entry. Do not hand-edit frontmatter — that is the git-mv bypass (L-390) this control detects.
1787594694|[WARN] CTL-028: T-2411 is in .tasks/completed/ but frontmatter status='started-work' (expected: work-completed)
1787594694|       Evidence: Likely cause: git mv bypassed the state machine (L-390)
1787594694|       Mitigation: Fix: bin/fw task update T-2411 --status work-completed — the normal close runs the AC and verification gates and usually passes (832 measured 3 of 4 real drifted tasks closing clean two weeks stale). If a gate legitimately fails, fix the work or re-open it. Only as a last resort: add --force, which BYPASSES those gates and logs a Tier-2 entry. Do not hand-edit frontmatter — that is the git-mv bypass (L-390) this control detects.
1787594694|[WARN] CTL-028: T-2486 is in .tasks/completed/ but frontmatter status='started-work' (expected: work-completed)
1787594694|       Evidence: Likely cause: git mv bypassed the state machine (L-390)
1787594694|       Mitigation: Fix: bin/fw task update T-2486 --status work-completed — the normal close runs the AC and verification gates and usually passes (832 measured 3 of 4 real drifted tasks closing clean two weeks stale). If a gate legitimately fails, fix the work or re-open it. Only as a last resort: add --force, which BYPASSES those gates and logs a Tier-2 entry. Do not hand-edit frontmatter — that is the git-mv bypass (L-390) this control detects.
1787594694|[WARN] CTL-028: T-2487 is in .tasks/completed/ but frontmatter status='started-work' (expected: work-completed)
1787594694|       Evidence: Likely cause: git mv bypassed the state machine (L-390)
1787594694|       Mitigation: Fix: bin/fw task update T-2487 --status work-completed — the normal close runs the AC and verification gates and usually passes (832 measured 3 of 4 real drifted tasks closing clean two weeks stale). If a gate legitimately fails, fix the work or re-open it. Only as a last resort: add --force, which BYPASSES those gates and logs a Tier-2 entry. Do not hand-edit frontmatter — that is the git-mv bypass (L-390) this control detects.
1787594694|[WARN] CTL-028: T-2488 is in .tasks/completed/ but frontmatter status='started-work' (expected: work-completed)
1787594694|       Evidence: Likely cause: git mv bypassed the state machine (L-390)
1787594694|       Mitigation: Fix: bin/fw task update T-2488 --status work-completed — the normal close runs the AC and verification gates and usually passes (832 measured 3 of 4 real drifted tasks closing clean two weeks stale). If a gate legitimately fails, fix the work or re-open it. Only as a last resort: add --force, which BYPASSES those gates and logs a Tier-2 entry. Do not hand-edit frontmatter — that is the git-mv bypass (L-390) this control detects.
1787594694|[WARN] CTL-028: T-2491 is in .tasks/completed/ but frontmatter status='started-work' (expected: work-completed)
1787594694|       Evidence: Likely cause: git mv bypassed the state machine (L-390)
1787594694|       Mitigation: Fix: bin/fw task update T-2491 --status work-completed — the normal close runs the AC and verification gates and usually passes (832 measured 3 of 4 real drifted tasks closing clean two weeks stale). If a gate legitimately fails, fix the work or re-open it. Only as a last resort: add --force, which BYPASSES those gates and logs a Tier-2 entry. Do not hand-edit frontmatter — that is the git-mv bypass (L-390) this control detects.
1787594694|[WARN] CTL-028: T-2492 is in .tasks/completed/ but frontmatter status='started-work' (expected: work-completed)
1787594694|       Evidence: Likely cause: git mv bypassed the state machine (L-390)
1787594694|       Mitigation: Fix: bin/fw task update T-2492 --status work-completed — the normal close runs the AC and verification gates and usually passes (832 measured 3 of 4 real drifted tasks closing clean two weeks stale). If a gate legitimately fails, fix the work or re-open it. Only as a last resort: add --force, which BYPASSES those gates and logs a Tier-2 entry. Do not hand-edit frontmatter — that is the git-mv bypass (L-390) this control detects.
1787594694|[WARN] CTL-028: T-2493 is in .tasks/completed/ but frontmatter status='started-work' (expected: work-completed)
1787594694|       Evidence: Likely cause: git mv bypassed the state machine (L-390)
1787594694|       Mitigation: Fix: bin/fw task update T-2493 --status work-completed — the normal close runs the AC and verification gates and usually passes (832 measured 3 of 4 real drifted tasks closing clean two weeks stale). If a gate legitimately fails, fix the work or re-open it. Only as a last resort: add --force, which BYPASSES those gates and logs a Tier-2 entry. Do not hand-edit frontmatter — that is the git-mv bypass (L-390) this control detects.
1787594694|[WARN] CTL-028: T-2495 is in .tasks/completed/ but frontmatter status='started-work' (expected: work-completed)
1787594694|       Evidence: Likely cause: git mv bypassed the state machine (L-390)
1787594694|       Mitigation: Fix: bin/fw task update T-2495 --status work-completed — the normal close runs the AC and verification gates and usually passes (832 measured 3 of 4 real drifted tasks closing clean two weeks stale). If a gate legitimately fails, fix the work or re-open it. Only as a last resort: add --force, which BYPASSES those gates and logs a Tier-2 entry. Do not hand-edit frontmatter — that is the git-mv bypass (L-390) this control detects.
1787594694|[WARN] CTL-028: T-2497 is in .tasks/completed/ but frontmatter status='started-work' (expected: work-completed)
1787594694|       Evidence: Likely cause: git mv bypassed the state machine (L-390)
1787594694|       Mitigation: Fix: bin/fw task update T-2497 --status work-completed — the normal close runs the AC and verification gates and usually passes (832 measured 3 of 4 real drifted tasks closing clean two weeks stale). If a gate legitimately fails, fix the work or re-open it. Only as a last resort: add --force, which BYPASSES those gates and logs a Tier-2 entry. Do not hand-edit frontmatter — that is the git-mv bypass (L-390) this control detects.
1787594694|[WARN] CTL-028: T-2498 is in .tasks/completed/ but frontmatter status='started-work' (expected: work-completed)
1787594694|       Evidence: Likely cause: git mv bypassed the state machine (L-390)
1787594694|       Mitigation: Fix: bin/fw task update T-2498 --status work-completed — the normal close runs the AC and verification gates and usually passes (832 measured 3 of 4 real drifted tasks closing clean two weeks stale). If a gate legitimately fails, fix the work or re-open it. Only as a last resort: add --force, which BYPASSES those gates and logs a Tier-2 entry. Do not hand-edit frontmatter — that is the git-mv bypass (L-390) this control detects.
1787594694|[WARN] CTL-028: T-2509 is in .tasks/completed/ but frontmatter status='started-work' (expected: work-completed)
1787594694|       Evidence: Likely cause: git mv bypassed the state machine (L-390)
1787594694|       Mitigation: Fix: bin/fw task update T-2509 --status work-completed — the normal close runs the AC and verification gates and usually passes (832 measured 3 of 4 real drifted tasks closing clean two weeks stale). If a gate legitimately fails, fix the work or re-open it. Only as a last resort: add --force, which BYPASSES those gates and logs a Tier-2 entry. Do not hand-edit frontmatter — that is the git-mv bypass (L-390) this control detects.
1787594694|[WARN] CTL-028: T-2853 is in .tasks/completed/ but frontmatter status='started-work' (expected: work-completed)
1787594694|       Evidence: Likely cause: git mv bypassed the state machine (L-390)
1787594694|       Mitigation: Fix: bin/fw task update T-2853 --status work-completed — the normal close runs the AC and verification gates and usually passes (832 measured 3 of 4 real drifted tasks closing clean two weeks stale). If a gate legitimately fails, fix the work or re-open it. Only as a last resort: add --force, which BYPASSES those gates and logs a Tier-2 entry. Do not hand-edit frontmatter — that is the git-mv bypass (L-390) this control detects.
1787594694|[PASS] CTL-030: All completed/ tasks have null/absent stored horizon (arc-009) — examined 2732 completed task(s)
1787594694|[WARN] CTL-029: T-100201 has all Agent ACs ticked but status='started-work' — completable, not closed
1787594694|       Evidence: Agent finished the work; task is shipped-but-unclosed (active/-side mirror of CTL-028)
1787594694|       Mitigation: Run: bin/fw task update T-100201 --status work-completed
1787594694|[WARN] CTL-029: T-1062 has all Agent ACs ticked but status='started-work' — completable, not closed
1787594694|       Evidence: Agent finished the work; task is shipped-but-unclosed (active/-side mirror of CTL-028)
1787594694|       Mitigation: Run: bin/fw task update T-1062 --status work-completed
1787594694|[WARN] CTL-029: T-1274 has all Agent ACs ticked but status='started-work' — completable, not closed
1787594694|       Evidence: Agent finished the work; task is shipped-but-unclosed (active/-side mirror of CTL-028)
1787594694|       Mitigation: Run: bin/fw task update T-1274 --status work-completed
1787594694|[WARN] CTL-029: T-1542 has all Agent ACs ticked but status='started-work' — completable, not closed
1787594694|       Evidence: Agent finished the work; task is shipped-but-unclosed (active/-side mirror of CTL-028)
1787594694|       Mitigation: Run: bin/fw task update T-1542 --status work-completed
1787594694|[WARN] CTL-029: T-1624 has all Agent ACs ticked but status='started-work' — completable, not closed
1787594694|       Evidence: Agent finished the work; task is shipped-but-unclosed (active/-side mirror of CTL-028)
1787594694|       Mitigation: Run: bin/fw task update T-1624 --status work-completed
1787594694|[WARN] CTL-029: T-2171 has all Agent ACs ticked but status='started-work' — completable, not closed
1787594694|       Evidence: Agent finished the work; task is shipped-but-unclosed (active/-side mirror of CTL-028)
1787594694|       Mitigation: Run: bin/fw task update T-2171 --status work-completed
1787594694|[WARN] CTL-029: T-2200 has all Agent ACs ticked but status='started-work' — completable, not closed
1787594694|       Evidence: Agent finished the work; task is shipped-but-unclosed (active/-side mirror of CTL-028)
1787594694|       Mitigation: Run: bin/fw task update T-2200 --status work-completed
1787594694|[WARN] CTL-029: T-2202 has all Agent ACs ticked but status='started-work' — completable, not closed
1787594694|       Evidence: Agent finished the work; task is shipped-but-unclosed (active/-side mirror of CTL-028)
1787594694|       Mitigation: Run: bin/fw task update T-2202 --status work-completed
1787594694|[WARN] CTL-029: T-2205 has all Agent ACs ticked but status='started-work' — completable, not closed
1787594694|       Evidence: Agent finished the work; task is shipped-but-unclosed (active/-side mirror of CTL-028)
1787594694|       Mitigation: Run: bin/fw task update T-2205 --status work-completed
1787594694|[WARN] CTL-029: T-2219 has all Agent ACs ticked but status='started-work' — completable, not closed
1787594694|       Evidence: Agent finished the work; task is shipped-but-unclosed (active/-side mirror of CTL-028)
1787594694|       Mitigation: Run: bin/fw task update T-2219 --status work-completed
1787594694|[WARN] CTL-029: T-2221 has all Agent ACs ticked but status='started-work' — completable, not closed
1787594694|       Evidence: Agent finished the work; task is shipped-but-unclosed (active/-side mirror of CTL-028)
1787594694|       Mitigation: Run: bin/fw task update T-2221 --status work-completed
1787594694|[WARN] CTL-029: T-2268 has all Agent ACs ticked but status='started-work' — completable, not closed
1787594694|       Evidence: Agent finished the work; task is shipped-but-unclosed (active/-side mirror of CTL-028)
1787594694|       Mitigation: Run: bin/fw task update T-2268 --status work-completed
1787594694|[WARN] CTL-029: T-2306 has all Agent ACs ticked but status='started-work' — completable, not closed
1787594694|       Evidence: Agent finished the work; task is shipped-but-unclosed (active/-side mirror of CTL-028)
1787594694|       Mitigation: Run: bin/fw task update T-2306 --status work-completed
1787594694|[WARN] CTL-029: T-2309 has all Agent ACs ticked but status='started-work' — completable, not closed
1787594694|       Evidence: Agent finished the work; task is shipped-but-unclosed (active/-side mirror of CTL-028)
1787594694|       Mitigation: Run: bin/fw task update T-2309 --status work-completed
1787594694|[WARN] CTL-029: T-2410 has all Agent ACs ticked but status='started-work' — completable, not closed
1787594694|       Evidence: Agent finished the work; task is shipped-but-unclosed (active/-side mirror of CTL-028)
1787594694|       Mitigation: Run: bin/fw task update T-2410 --status work-completed
1787594694|[WARN] CTL-029: T-2420 has all Agent ACs ticked but status='started-work' — completable, not closed
1787594694|       Evidence: Agent finished the work; task is shipped-but-unclosed (active/-side mirror of CTL-028)
1787594694|       Mitigation: Run: bin/fw task update T-2420 --status work-completed
1787594694|[WARN] CTL-029: T-2715 has all Agent ACs ticked but status='started-work' — completable, not closed
1787594694|       Evidence: Agent finished the work; task is shipped-but-unclosed (active/-side mirror of CTL-028)
1787594694|       Mitigation: Run: bin/fw task update T-2715 --status work-completed
1787594694|[WARN] CTL-029: T-2716 has all Agent ACs ticked but status='started-work' — completable, not closed
1787594694|       Evidence: Agent finished the work; task is shipped-but-unclosed (active/-side mirror of CTL-028)
1787594694|       Mitigation: Run: bin/fw task update T-2716 --status work-completed
1787594694|[WARN] CTL-029: T-2720 has all Agent ACs ticked but status='started-work' — completable, not closed
1787594694|       Evidence: Agent finished the work; task is shipped-but-unclosed (active/-side mirror of CTL-028)
1787594694|       Mitigation: Run: bin/fw task update T-2720 --status work-completed
1787594694|[WARN] CTL-029: T-2801 has all Agent ACs ticked but status='started-work' — completable, not closed
1787594694|       Evidence: Agent finished the work; task is shipped-but-unclosed (active/-side mirror of CTL-028)
1787594694|       Mitigation: Run: bin/fw task update T-2801 --status work-completed
1787594694|[WARN] CTL-029: T-2802 has all Agent ACs ticked but status='started-work' — completable, not closed
1787594694|       Evidence: Agent finished the work; task is shipped-but-unclosed (active/-side mirror of CTL-028)
1787594694|       Mitigation: Run: bin/fw task update T-2802 --status work-completed
1787594694|[WARN] CTL-029: T-2871 has all Agent ACs ticked but status='started-work' — completable, not closed
1787594694|       Evidence: Agent finished the work; task is shipped-but-unclosed (active/-side mirror of CTL-028)
1787594694|       Mitigation: Run: bin/fw task update T-2871 --status work-completed
1787594694|[WARN] CTL-029: T-2876 has all Agent ACs ticked but status='started-work' — completable, not closed
1787594694|       Evidence: Agent finished the work; task is shipped-but-unclosed (active/-side mirror of CTL-028)
1787594694|       Mitigation: Run: bin/fw task update T-2876 --status work-completed
1787594694|[WARN] CTL-029: T-2969 has all Agent ACs ticked but status='started-work' — completable, not closed
1787594694|       Evidence: Agent finished the work; task is shipped-but-unclosed (active/-side mirror of CTL-028)
1787594694|       Mitigation: Run: bin/fw task update T-2969 --status work-completed
1787594694|[WARN] CTL-029: T-3049 has all Agent ACs ticked but status='started-work' — completable, not closed
1787594694|       Evidence: Agent finished the work; task is shipped-but-unclosed (active/-side mirror of CTL-028)
1787594694|       Mitigation: Run: bin/fw task update T-3049 --status work-completed
1787594694|[WARN] CTL-029: T-3097 has all Agent ACs ticked but status='started-work' — completable, not closed
1787594694|       Evidence: Agent finished the work; task is shipped-but-unclosed (active/-side mirror of CTL-028)
1787594694|       Mitigation: Run: bin/fw task update T-3097 --status work-completed
1787594694|[WARN] CTL-029: T-3104 has all Agent ACs ticked but status='started-work' — completable, not closed
1787594694|       Evidence: Agent finished the work; task is shipped-but-unclosed (active/-side mirror of CTL-028)
1787594694|       Mitigation: Run: bin/fw task update T-3104 --status work-completed
1787594694|[WARN] CTL-029: T-332 has all Agent ACs ticked but status='started-work' — completable, not closed
1787594694|       Evidence: Agent finished the work; task is shipped-but-unclosed (active/-side mirror of CTL-028)
1787594694|       Mitigation: Run: bin/fw task update T-332 --status work-completed
1787594694|[WARN] CTL-029: T-334 has all Agent ACs ticked but status='started-work' — completable, not closed
1787594694|       Evidence: Agent finished the work; task is shipped-but-unclosed (active/-side mirror of CTL-028)
1787594694|       Mitigation: Run: bin/fw task update T-334 --status work-completed
1787594694|[WARN] CTL-029: T-464 has all Agent ACs ticked but status='started-work' — completable, not closed
1787594694|       Evidence: Agent finished the work; task is shipped-but-unclosed (active/-side mirror of CTL-028)
1787594694|       Mitigation: Run: bin/fw task update T-464 --status work-completed
1787594694|[WARN] CTL-029: T-544 has all Agent ACs ticked but status='started-work' — completable, not closed
1787594694|       Evidence: Agent finished the work; task is shipped-but-unclosed (active/-side mirror of CTL-028)
1787594694|       Mitigation: Run: bin/fw task update T-544 --status work-completed
1787594694|[WARN] CTL-029: T-801 has all Agent ACs ticked but status='started-work' — completable, not closed
1787594694|       Evidence: Agent finished the work; task is shipped-but-unclosed (active/-side mirror of CTL-028)
1787594694|       Mitigation: Run: bin/fw task update T-801 --status work-completed
1787594694|[WARN] CTL-029: T-802 has all Agent ACs ticked but status='started-work' — completable, not closed
1787594694|       Evidence: Agent finished the work; task is shipped-but-unclosed (active/-side mirror of CTL-028)
1787594694|       Mitigation: Run: bin/fw task update T-802 --status work-completed
1787594694|[WARN] CTL-029: T-803 has all Agent ACs ticked but status='started-work' — completable, not closed
1787594694|       Evidence: Agent finished the work; task is shipped-but-unclosed (active/-side mirror of CTL-028)
1787594694|       Mitigation: Run: bin/fw task update T-803 --status work-completed
1787594694|[WARN] CTL-012: Completed task T-2389 has unchecked AC
1787594694|       Evidence: - [ ] Self-trigger: `checkpoint.sh` fires the critical auto-handover from budget
1787594694|       Mitigation: Review task completion — AC gate may have been bypassed
1787594694|[WARN] CTL-012-MISSING-DECIDE: Inception task T-2494 flipped without decide ceremony
1787594694|       Evidence: - [ ] Problem statement validated
1787594694|       Mitigation: Auto-tick markers present but ## Decision section empty — run: fw inception decide T-2494 go|no-go|defer --rationale '...' OR backfill the Decision section manually then tick the auto-tick ACs
1787594694|[WARN] CTL-012: Completed task T-436 has unchecked AC
1787594694|       Evidence: - [ ] All 7 spikes completed with findings documented (5/7 done — Spike 1 and 3 
1787594694|       Mitigation: Review task completion — AC gate may have been bypassed
1787594694|[WARN] CTL-012: Completed task T-678 has unchecked AC
1787594694|       Evidence: - [ ] Component fabric built (key files registered in .fabric/)
1787594694|       Mitigation: Review task completion — AC gate may have been bypassed
1787594694|=== DISCOVERY: OMISSION DETECTION ===
1787594707|[PASS] D1: Episodic quality — 0% [TODO] (18/2734)
1787594707|[FAIL] D2: Human review queue — 182 task(s) waiting >30d: T-100131(49d) T-100188(49d) T-1701(89d) T-1702(84d) T-1707(89d) T-1718(89d) T-1773(102d) T-1774(102d) T-1775(102d) T-1776(85d) T-1792(103d) T-1794(103d) T-1795(103d) T-1796(103d) T-1797(103d) T-1799(103d) T-1801(103d) T-1802(103d) T-1803(103d) T-1805(103d) T-1806(103d) T-1807(103d) T-1808(103d) T-1810(102d) T-1811(102d) T-1818(102d) T-1827(94d) T-1834(101d) T-1842(94d) T-1843(94d) T-1844(94d) T-1891(98d) T-1909(96d) T-1910(96d) T-1911(96d) T-1928(97d) T-1929(97d) T-1930(97d) T-1933(97d) T-1934(95d) T-1935(95d) T-1936(95d) T-1939(95d) T-1947(96d) T-1951(94d) T-1954(96d) T-1955(96d) T-1957(96d) T-1960(95d) T-1961(94d) T-1963(94d) T-1964(95d) T-1965(95d) T-1968(95d) T-1969(95d) T-1970(95d) T-1971(95d) T-1976(94d) T-1977(95d) T-1978(94d) T-1980(94d) T-1982(95d) T-1984(94d) T-1985(94d) T-1988(93d) T-1989(90d) T-1990(89d) T-1991(93d) T-1992(90d) T-1993(90d) T-1994(89d) T-1999(93d) T-2002(89d) T-2003(90d) T-2004(90d) T-2006(90d) T-2008(90d) T-2009(90d) T-2010(90d) T-2011(90d) T-2012(90d) T-2013(90d) T-2015(90d) T-2016(90d) T-2017(90d) T-2018(90d) T-2019(90d) T-2020(90d) T-2021(90d) T-2022(90d) T-2023(90d) T-2024(90d) T-2025(90d) T-2026(90d) T-2027(90d) T-2028(90d) T-2029(90d) T-2031(90d) T-2033(90d) T-2034(90d) T-2038(90d) T-2039(90d) T-2040(90d) T-2041(90d) T-2043(90d) T-2044(90d) T-2045(90d) T-2046(90d) T-2047(90d) T-2049(90d) T-2051(89d) T-2054(89d) T-2062(87d) T-2063(87d) T-2064(87d) T-2065(87d) T-2066(87d) T-2075(87d) T-2077(87d) T-2080(87d) T-2082(87d) T-2084(87d) T-2085(87d) T-2086(87d) T-2087(87d) T-2088(87d) T-2089(87d) T-2102(86d) T-2103(86d) T-2106(86d) T-2110(86d) T-2111(86d) T-2112(86d) T-2114(86d) T-2116(85d) T-2117(85d) T-2119(79d) T-2136(85d) T-2160(84d) T-2167(83d) T-2174(83d) T-2175(83d) T-2176(79d) T-2179(83d) T-2183(72d) T-2185(81d) T-2192(82d) T-2222(79d) T-2240(77d) T-2265(76d) T-2274(76d) T-2278(76d) T-2281(76d) T-2332(74d) T-2335(34d) T-2336(73d) T-2342(73d) T-2349(49d) T-2369(72d) T-2373(72d) T-2376(72d) T-2403(70d) T-2406(70d) T-2417(69d) T-2428(67d) T-2430(67d) T-2463(49d) T-2474(61d) T-2479(49d) T-2525(44d) T-2529(44d) T-2530(44d) T-2555(35d) T-2558(35d) T-2561(35d) T-2563(35d) T-2565(35d) T-2578(34d) T-2586(34d) T-2589(34d) T-2596(33d) T-2618(31d) T-2623(28d) T-2624(28d) T-2629(27d) T-2630(27d) T-2631(27d) T-2632(27d) T-2634(27d) T-2651(27d) T-2674(26d) T-2686(25d) T-2713(23d) T-2741(21d) T-2774(20d) T-2775(20d) T-2780(20d) T-2781(20d) T-2787(20d) T-2807(19d) T-2809(19d) T-2831(18d) T-2838(17d) T-2842(17d) T-2864(16d) T-2870(16d) T-2891(15d) T-2896(15d) T-2904(14d) T-2905(14d)
1787594707|       Evidence: Tasks may be forgotten
1787594707|       Mitigation: Review with: fw task verify (lists unchecked Human ACs)
1787594707|[PASS] D8: Handover quality — no [TODO] in LATEST.md
1787594707|[PASS] D8b: Handover archive — 0/10 recent handovers have [TODO]s
1787594721|[PASS] D10: Decision-without-dialogue — none detected
1787594721|[PASS] D11: Gap register staleness — all gaps fresh
1787594721|
1787594721|=== DISCOVERY: TREND DETECTION ===
1787594721|[PASS] D4: Audit trend — insufficient history (<3 entries)
1787594737|[WARN] D5: Task lifecycle — 22 anomaly(s): T-801(142d-active) T-802(142d-active) T-803(142d-active) T-2715(23d-active) T-2899(15d-active) T-2876(16d-active) T-100201(49d-active) T-1542(119d-active) T-1624(115d-active) T-1820(102d-active) (+12 more)
1787594737|       Evidence: Tasks with unusual cycle times detected
1787594737|       Mitigation: Review flagged tasks for process issues
1787594737|[WARN] D13: Inception limbo — 9 task(s): A=6/B=3 T-2062(A:1hu) T-2063(A:1hu) T-2064(A:1hu) T-2065(A:1hu) T-2066(A:1hu) T-2428(A:1hu) T-2715(B) T-2876(B) (+1 more)
1787594737|       Evidence: Decision recorded but workflow stuck in active/
1787594737|       Mitigation: Recover both classes with: bin/fw inception sweep (T-1514)
1787594737|[WARN] D3: Commit velocity — WARN drop today=2 expected_by_now=28 avg=34 ratio=0.1x
1787594737|       Evidence: Unusual commit rate detected
1787594737|       Mitigation: Check if velocity reflects budget pressure or unusual activity
1787594737|[PASS] D7: Commit bunching — none (PASS 31_commits_24h_no_bunching)
1787594750|[PASS] D6: Completion velocity — normal (PASS recent=4.7 earlier=10.9)
1787594750|[PASS] D12: Bypass log — no log file
1787594750|[PASS] D9: Control drift — normal (PASS 10_audits_checked)
1787594750|
1787594750|[PASS] D14: Empty inception Recommendation — none (PASS no_empty_recommendations)
1787594750|[PASS] D15: Inception limbo state — none (PASS no_limbo)
1787594750|
1787594750|=== OE-WEEKLY: WEEKLY CONTROL CHECKS ===
1787594750|[PASS] CTL-016: No failure patterns recorded
1787594750|
1787594750|=== ORCHESTRATOR ARC CHECKS ===
1787594750|[WARN] Orchestrator-arc MCP scan: drift detected
1787594750|       Evidence: "NEW: 6 unclassified tool(s) (manual review needed \u2014 outside T-1761 convention\
1787594750|       Mitigation: Update .context/audits/orchestrator-mcp-baseline.yaml or investigate ratchet/new-tool
1787594751|[PASS] framework-mcp scan: PASS — 6/22 tools gated (manifest present)
1787594751|[PASS] framework-mcp manifest: PASS — in sync with tool-set.yaml
1787594751|[FAIL] Workflow dispatcher coverage: 1/9 unroutable worker_kind: ask(ollama-direct)
1787594751|       Evidence: Workflow declares worker_kind without a spawn handler — runtime NotImplementedError trap
1787594751|       Mitigation: Either add a handler to lib/spawn._DISPATCHERS, or change the workflow's worker_kind to a routable one (pi, ollama-loop, TermLink)
1787594751|
1787594751|=== ARC-COMPLETION CHECKS ===
1787594752|[WARN] Arc 'arc-005': 47/47 tasks completed (1.0000) but arc still in-progress
1787594752|       Evidence: Threshold 0.80 reached — code-complete without explicit closure (G-062 signature)
1787594752|       Mitigation: Capture wire-evidence of the arc's headline_mechanic firing, then: fw arc close arc-005 --demo <path|url> --decision "..."
1787594752|[WARN] Arc 'arc-010': 13/15 tasks completed (0.8667) but arc still in-progress
1787594752|       Evidence: Threshold 0.80 reached — code-complete without explicit closure (G-062 signature)
1787594752|       Mitigation: Capture wire-evidence of the arc's headline_mechanic firing, then: fw arc close arc-010 --demo <path|url> --decision "..."
1787594753|[WARN] Arc 'arc-012': 14/14 tasks completed (1.0000) but arc still in-progress
1787594753|       Evidence: Threshold 0.80 reached — code-complete without explicit closure (G-062 signature)
1787594753|       Mitigation: Capture wire-evidence of the arc's headline_mechanic firing, then: fw arc close arc-012 --demo <path|url> --decision "..."
1787594754|[WARN] Arc 'arc-014': 30/37 tasks completed (0.8108) but arc still in-progress
1787594754|       Evidence: Threshold 0.80 reached — code-complete without explicit closure (G-062 signature)
1787594754|       Mitigation: Capture wire-evidence of the arc's headline_mechanic firing, then: fw arc close arc-014 --demo <path|url> --decision "..."
1787594755|[WARN] Arc 'arc-001': 11/11 tasks completed (1.0000) but arc still in-progress
1787594755|       Evidence: Threshold 0.80 reached — code-complete without explicit closure (G-062 signature)
1787594755|       Mitigation: Capture wire-evidence of the arc's headline_mechanic firing, then: fw arc close arc-001 --demo <path|url> --decision "..."
1787594755|[PASS] Arc 'arc-002': 2/3 (0.6667) — below threshold 0.80, no closure pressure
1787594755|[WARN] Arc 'arc-009': 5/5 tasks completed (1.0000) but arc still in-progress
1787594755|       Evidence: Threshold 0.80 reached — code-complete without explicit closure (G-062 signature)
1787594755|       Mitigation: Capture wire-evidence of the arc's headline_mechanic firing, then: fw arc close arc-009 --demo <path|url> --decision "..."
1787594757|[WARN] Arc 'arc-017': 9/10 tasks completed (0.9000) but arc still in-progress
1787594757|       Evidence: Threshold 0.80 reached — code-complete without explicit closure (G-062 signature)
1787594757|       Mitigation: Capture wire-evidence of the arc's headline_mechanic firing, then: fw arc close arc-017 --demo <path|url> --decision "..."
1787594758|[WARN] Arc 'arc-015': 3/3 tasks completed (1.0000) but arc still in-progress
1787594758|       Evidence: Threshold 0.80 reached — code-complete without explicit closure (G-062 signature)
1787594758|       Mitigation: Capture wire-evidence of the arc's headline_mechanic firing, then: fw arc close arc-015 --demo <path|url> --decision "..."
1787594758|[WARN] Arc 'arc-003': 30/31 tasks completed (0.9677) but arc still in-progress
1787594758|       Evidence: Threshold 0.80 reached — code-complete without explicit closure (G-062 signature)
1787594758|       Mitigation: Capture wire-evidence of the arc's headline_mechanic firing, then: fw arc close arc-003 --demo <path|url> --decision "..."
1787594759|[WARN] Arc 'arc-011': 20/21 tasks completed (0.9524) but arc still in-progress
1787594759|       Evidence: Threshold 0.80 reached — code-complete without explicit closure (G-062 signature)
1787594759|       Mitigation: Capture wire-evidence of the arc's headline_mechanic firing, then: fw arc close arc-011 --demo <path|url> --decision "..."
1787594759|[WARN] Arc 'arc-004': 5/6 tasks completed (0.8333) but arc still in-progress
1787594759|       Evidence: Threshold 0.80 reached — code-complete without explicit closure (G-062 signature)
1787594759|       Mitigation: Capture wire-evidence of the arc's headline_mechanic firing, then: fw arc close arc-004 --demo <path|url> --decision "..."
1787594760|[WARN] Arc 'arc-016': 2/2 tasks completed (1.0000) but arc still in-progress
1787594760|       Evidence: Threshold 0.80 reached — code-complete without explicit closure (G-062 signature)
1787594760|       Mitigation: Capture wire-evidence of the arc's headline_mechanic firing, then: fw arc close arc-016 --demo <path|url> --decision "..."
1787594761|[WARN] Arc 'arc-006': 49/53 tasks completed (0.9245) but arc still in-progress
1787594761|       Evidence: Threshold 0.80 reached — code-complete without explicit closure (G-062 signature)
1787594761|       Mitigation: Capture wire-evidence of the arc's headline_mechanic firing, then: fw arc close arc-006 --demo <path|url> --decision "..."
1787594761|[WARN] Arc 'arc-007': 1/1 tasks completed (1.0000) but arc still in-progress
1787594761|       Evidence: Threshold 0.80 reached — code-complete without explicit closure (G-062 signature)
1787594761|       Mitigation: Capture wire-evidence of the arc's headline_mechanic firing, then: fw arc close arc-007 --demo <path|url> --decision "..."
1787594761|
1787594761|=== SUMMARY ===
1787594761|Pass: 749
1787594761|Warn: 111
1787594761|Fail: 2
1787594761|
1787594761|=== PRIORITY ACTIONS ===
1787594761|     1	Add artifact reference to ## Updates section of T-2062
1787594761|     2	Add artifact reference to ## Updates section of T-2063
1787594761|     3	Add artifact reference to ## Updates section of T-2064
1787594761|     4	Add artifact reference to ## Updates section of T-2065
1787594761|     5	Add artifact reference to ## Updates section of T-2066
1787594782|
1787594782|=== TREND ANALYSIS ===
1787594783|Repeated issues detected in last 14 days (candidates for practice):
1787594783|  -      6 Arc 'embeddings-strategy' has no task commits in the last 30 days (3 task(s) in arc) (6 times)
1787594783|  -      4 Arc 'horizon-axis-hardening' has no task commits in the last 30 days (5 task(s) in arc) (4 times)
1787594783|  -      4 Arc 'capability-overlay' has no task commits in the last 30 days (15 task(s) in arc) (4 times)
1787594783|  -      3 Fabric drift: 9 source file(s) have no fabric card (3 times)
1787594783|  -      3 Fabric drift: 7 source file(s) have no fabric card (3 times)
1787594783|  -      3 Fabric drift: 6 source file(s) have no fabric card (3 times)
1787594783|  -      3 Fabric drift: 10 source file(s) have no fabric card (3 times)
1787594783|  -      3 Arc 'capability-overlay' has no task commits in the last 30 days (12 task(s) in arc) (3 times)
1787594783|
1787594783|Consider creating a practice to address these recurring issues.
1787594783|Run: fw context add-learning "description" --task T-XXX
1787594783|
1787594783|Audit history: 14 audit(s) in last 14 days + today
1787594783|
1787594783|Audit saved to: /opt/999-Agentic-Engineering-Framework/.context/audits/2026-08-24.yaml
1787594785|
1787594785|=== END AUDIT ===
EXIT=0
